analysis_label,antipattern,eligible_source_role,repository,eligible_files,flags,flagged_files,percent_eligible_files_flagged,flags_per_100_eligible_files,flags_per_flagged_file
Implicit Columns [application/query source],Implicit Columns,application/query source,4el1k/Spring-Api-Hibernate-JOOQ,6,12,4,66.666667,200.000000,3.000000
Implicit Columns [application/query source],Implicit Columns,application/query source,66xc1/lazy-punch,5,5,4,80.000000,100.000000,1.250000
Implicit Columns [application/query source],Implicit Columns,application/query source,ABCLV/ABLV_IngSW,3,2,1,33.333333,66.666667,2.000000
Implicit Columns [application/query source],Implicit Columns,application/query source,APSfurizon/fz-backend,97,2,2,2.061856,2.061856,1.000000
Implicit Columns [application/query source],Implicit Columns,application/query source,AWS-Cloud-Community-LPU/mailing-service,3,1,1,33.333333,33.333333,1.000000
Implicit Columns [application/query source],Implicit Columns,application/query source,AffectedArc07/ParaUtil,3,4,2,66.666667,133.333333,2.000000
Implicit Columns [application/query source],Implicit Columns,application/query source,AisleiAvila/empresa,9,5,3,33.333333,55.555556,1.666667
Implicit Columns [application/query source],Implicit Columns,application/query source,AkaLrz/E-commercial-Platfrom,6,6,4,66.666667,100.000000,1.500000
Implicit Columns [application/query source],Implicit Columns,application/query source,AlexSpeal/Tracking-Bot,5,7,3,60.000000,140.000000,2.333333
Implicit Columns [application/query source],Implicit Columns,application/query source,Alexandr-Kokorin/JavaCourse2024,5,7,3,60.000000,140.000000,2.333333
Implicit Columns [application/query source],Implicit Columns,application/query source,AlexzTj/p2p,6,5,2,33.333333,83.333333,2.500000
Implicit Columns [application/query source],Implicit Columns,application/query source,AlphaFoxz/oneboot,7,3,1,14.285714,42.857143,3.000000
Implicit Columns [application/query source],Implicit Columns,application/query source,AnastasiaPleshkova/tnkf-tracker,5,7,2,40.000000,140.000000,3.500000
Implicit Columns [application/query source],Implicit Columns,application/query source,AndrewSalygin/LinkTracker-Tinkoff,4,8,3,75.000000,200.000000,2.666667
Implicit Columns [application/query source],Implicit Columns,application/query source,Andrey582/NotificationBot,8,9,3,37.500000,112.500000,3.000000
Implicit Columns [application/query source],Implicit Columns,application/query source,Ani512/online-tutoring-app-backend,11,40,5,45.454545,363.636364,8.000000
Implicit Columns [application/query source],Implicit Columns,application/query source,AntonioRusan/LinkTracker,8,10,5,62.500000,125.000000,2.000000
Implicit Columns [application/query source],Implicit Columns,application/query source,Apress/beginning-jooq,86,50,20,23.255814,58.139535,2.500000
Implicit Columns [application/query source],Implicit Columns,application/query source,Apress/pro-spring-6,7,12,4,57.142857,171.428571,3.000000
Implicit Columns [application/query source],Implicit Columns,application/query source,AprilHan1992/fleet-spring-boot,4,2,1,25.000000,50.000000,2.000000
Implicit Columns [application/query source],Implicit Columns,application/query source,ArcaHozota/nasb1995edv3,14,27,4,28.571429,192.857143,6.750000
Implicit Columns [application/query source],Implicit Columns,application/query source,Arden30/TinkoffJavaBackendSpring23-24,6,12,3,50.000000,200.000000,4.000000
Implicit Columns [application/query source],Implicit Columns,application/query source,AtroposBot/Atropos,17,5,5,29.411765,29.411765,1.000000
Implicit Columns [application/query source],Implicit Columns,application/query source,Atsushi68/trunk,29,35,10,34.482759,120.689655,3.500000
Implicit Columns [application/query source],Implicit Columns,application/query source,Ayazkins/Java-Tinkoff-sem-2,6,4,3,50.000000,66.666667,1.333333
Implicit Columns [application/query source],Implicit Columns,application/query source,BRP-API/brp-api-gezag,16,5,2,12.500000,31.250000,2.500000
Implicit Columns [application/query source],Implicit Columns,application/query source,BenMAPCE/BenCloudServer,41,81,17,41.463415,197.560976,4.764706
Implicit Columns [application/query source],Implicit Columns,application/query source,BinaryIgor/tools-and-templates,22,6,5,22.727273,27.272727,1.200000
Implicit Columns [application/query source],Implicit Columns,application/query source,Blackdread/rest-filter,14,3,1,7.142857,21.428571,3.000000
Implicit Columns [application/query source],Implicit Columns,application/query source,BlakieSL/SpringJOOQ_DAO,7,6,2,28.571429,85.714286,3.000000
Implicit Columns [application/query source],Implicit Columns,application/query source,BluBluBlaBla/vidsummize,1,2,1,100.000000,200.000000,2.000000
Implicit Columns [application/query source],Implicit Columns,application/query source,BogBond2000/Itmo_labs,3,2,2,66.666667,66.666667,1.000000
Implicit Columns [application/query source],Implicit Columns,application/query source,BorisovAlexspb/Update_tracker_bot,10,9,8,80.000000,90.000000,1.125000
Implicit Columns [application/query source],Implicit Columns,application/query source,Bruh3509/updates-tracker,5,3,2,40.000000,60.000000,1.500000
Implicit Columns [application/query source],Implicit Columns,application/query source,BuchnevDmitry/LinkTracker,5,5,2,40.000000,100.000000,2.500000
Implicit Columns [application/query source],Implicit Columns,application/query source,BudgetingWebsite/Backend,13,9,3,23.076923,69.230769,3.000000
Implicit Columns [application/query source],Implicit Columns,application/query source,CaXaPCMeDoM/tinkoff-java-course-2024-backend,8,2,2,25.000000,25.000000,1.000000
Implicit Columns [application/query source],Implicit Columns,application/query source,CaptainCluster/data_intensive_assignment_3,8,11,5,62.500000,137.500000,2.200000
Implicit Columns [application/query source],Implicit Columns,application/query source,CatOrLeader/Tinkoff_Link_Tracker,6,8,2,33.333333,133.333333,4.000000
Implicit Columns [application/query source],Implicit Columns,application/query source,ChatCode9/ChatCode-backend,13,21,9,69.230769,161.538462,2.333333
Implicit Columns [application/query source],Implicit Columns,application/query source,Claydelas/dashboard-fx,8,7,5,62.500000,87.500000,1.400000
Implicit Columns [application/query source],Implicit Columns,application/query source,D-Muscipula/tinkoff-java-backend-link-tracker-project,7,10,3,42.857143,142.857143,3.333333
Implicit Columns [application/query source],Implicit Columns,application/query source,DanieleGotti/MED,40,8,5,12.500000,20.000000,1.600000
Implicit Columns [application/query source],Implicit Columns,application/query source,Daniil-Vl/link-tracker,10,0,0,0.000000,0.000000,
Implicit Columns [application/query source],Implicit Columns,application/query source,Daniil4639/Tinkoff_Repository_2,6,0,0,0.000000,0.000000,
Implicit Columns [application/query source],Implicit Columns,application/query source,DanjiTalk/danji-talk-backend,5,0,0,0.000000,0.000000,
Implicit Columns [application/query source],Implicit Columns,application/query source,Dankoy/jforwarder,8,6,2,25.000000,75.000000,3.000000
Implicit Columns [application/query source],Implicit Columns,application/query source,DarplexDev/darplex-java,2,5,1,50.000000,250.000000,5.000000
Implicit Columns [application/query source],Implicit Columns,application/query source,DavidJi80/springboot,3,1,1,33.333333,33.333333,1.000000
Implicit Columns [application/query source],Implicit Columns,application/query source,DiSSCo/dissco-core-annotation-processing-service,18,9,4,22.222222,50.000000,2.250000
Implicit Columns [application/query source],Implicit Columns,application/query source,DiSSCo/dissco-core-backend,15,9,4,26.666667,60.000000,2.250000
Implicit Columns [application/query source],Implicit Columns,application/query source,DiSSCo/dissco-core-digital-specimen-processor,10,5,3,30.000000,50.000000,1.666667
Implicit Columns [application/query source],Implicit Columns,application/query source,DiSSCo/dissco-core-translator,10,5,2,20.000000,50.000000,2.500000
Implicit Columns [application/query source],Implicit Columns,application/query source,DiSSCo/dissco-data-exporter-backend,5,5,2,40.000000,100.000000,2.500000
Implicit Columns [application/query source],Implicit Columns,application/query source,DiamondArt/Java-jooq,2,4,2,100.000000,200.000000,2.000000
Implicit Columns [application/query source],Implicit Columns,application/query source,DmitriyKosolobov/java-course-2024-backend,6,6,3,50.000000,100.000000,2.000000
Implicit Columns [application/query source],Implicit Columns,application/query source,DrBrother/notification-system,6,5,3,50.000000,83.333333,1.666667
Implicit Columns [application/query source],Implicit Columns,application/query source,DragomiroiuStefan/rideshare,17,4,4,23.529412,23.529412,1.000000
Implicit Columns [application/query source],Implicit Columns,application/query source,Drewbie18/spring-rest,5,2,2,40.000000,40.000000,1.000000
Implicit Columns [application/query source],Implicit Columns,application/query source,E1psycongr00/STUDY_REFERENCE,3,1,1,33.333333,33.333333,1.000000
Implicit Columns [application/query source],Implicit Columns,application/query source,E1psycongr00/study_jooq_codegen_with_flyway_jpa,3,1,1,33.333333,33.333333,1.000000
Implicit Columns [application/query source],Implicit Columns,application/query source,EHRoute/EHR-Route,4,0,0,0.000000,0.000000,
Implicit Columns [application/query source],Implicit Columns,application/query source,Efler/microservice-data-bus,7,3,3,42.857143,42.857143,1.000000
Implicit Columns [application/query source],Implicit Columns,application/query source,Efler/telegram-scrapper-bot,6,4,3,50.000000,66.666667,1.333333
Implicit Columns [application/query source],Implicit Columns,application/query source,Eliorika/tinkoff-java-backend,6,5,2,33.333333,83.333333,2.500000
Implicit Columns [application/query source],Implicit Columns,application/query source,Emented/webLab3,4,3,2,50.000000,75.000000,1.500000
Implicit Columns [application/query source],Implicit Columns,application/query source,EngineDevOps2/programming-todolist-fullstack,1,2,1,100.000000,200.000000,2.000000
Implicit Columns [application/query source],Implicit Columns,application/query source,EuphoriaV/UpdateMonitoringBot,5,7,3,60.000000,140.000000,2.333333
Implicit Columns [application/query source],Implicit Columns,application/query source,FOKO-KENMOGNE-Wilfried/siggeac_prototype,5,1,1,20.000000,20.000000,1.000000
Implicit Columns [application/query source],Implicit Columns,application/query source,FeKom/lab-ecommerce,1,1,1,100.000000,100.000000,1.000000
Implicit Columns [application/query source],Implicit Columns,application/query source,FeldmannJR/constellation-common,9,0,0,0.000000,0.000000,
Implicit Columns [application/query source],Implicit Columns,application/query source,FeldmannJR/redstonegang,81,48,28,34.567901,59.259259,1.714286
Implicit Columns [application/query source],Implicit Columns,application/query source,Fics3/tink_java_backend_course_spring,10,11,7,70.000000,110.000000,1.571429
Implicit Columns [application/query source],Implicit Columns,application/query source,FilippoBolis/MED_Progetto_Ing_Software_23_24,25,1,1,4.000000,4.000000,1.000000
Implicit Columns [application/query source],Implicit Columns,application/query source,FrankChen021/bithon,76,28,13,17.105263,36.842105,2.153846
Implicit Columns [application/query source],Implicit Columns,application/query source,FrankChen021/bithon-demo,2,1,1,50.000000,50.000000,1.000000
Implicit Columns [application/query source],Implicit Columns,application/query source,GAIM-Tech-OM/killbill-ompay-plugin,2,7,1,50.000000,350.000000,7.000000
Implicit Columns [application/query source],Implicit Columns,application/query source,Gabriele-Mazzoleni/SmarTrip,4,0,0,0.000000,0.000000,
Implicit Columns [application/query source],Implicit Columns,application/query source,Garrettc96/cacophony,30,13,6,20.000000,43.333333,2.166667
Implicit Columns [application/query source],Implicit Columns,application/query source,Geomatys/examind-community,43,140,25,58.139535,325.581395,5.600000
Implicit Columns [application/query source],Implicit Columns,application/query source,GeorgyDemidenkov/DemidenkovGD_Y-234_2kurs2sem,2,2,1,50.000000,100.000000,2.000000
Implicit Columns [application/query source],Implicit Columns,application/query source,Grigalgol/vk_education_hm6,5,12,4,80.000000,240.000000,3.000000
Implicit Columns [application/query source],Implicit Columns,application/query source,GyrosOfWar/imagehive,12,11,4,33.333333,91.666667,2.750000
Implicit Columns [application/query source],Implicit Columns,application/query source,HSLdevcom/jore4-jore3-importer,202,60,12,5.940594,29.702970,5.000000
Implicit Columns [application/query source],Implicit Columns,application/query source,Hamednallah/Basariat-POS,40,61,15,37.500000,152.500000,4.066667
Implicit Columns [application/query source],Implicit Columns,application/query source,Hamednallah/Market-POS,11,19,9,81.818182,172.727273,2.111111
Implicit Columns [application/query source],Implicit Columns,application/query source,Hellblazer/quantum-db,46,1,1,2.173913,2.173913,1.000000
Implicit Columns [application/query source],Implicit Columns,application/query source,Hixon10/spring-boot-security,1,1,1,100.000000,100.000000,1.000000
Implicit Columns [application/query source],Implicit Columns,application/query source,HoZanDung/ho-workflow,24,16,9,37.500000,66.666667,1.777778
Implicit Columns [application/query source],Implicit Columns,application/query source,Hogeyama/try-java,2,2,1,50.000000,100.000000,2.000000
Implicit Columns [application/query source],Implicit Columns,application/query source,IAGrig/link-updates-notifier,4,5,2,50.000000,125.000000,2.500000
Implicit Columns [application/query source],Implicit Columns,application/query source,IlyaAbramovv/UpdatesAnnouncer,7,1,1,14.285714,14.285714,1.000000
Implicit Columns [application/query source],Implicit Columns,application/query source,IvanShabunin379/java-course-2024,8,8,3,37.500000,100.000000,2.666667
Implicit Columns [application/query source],Implicit Columns,application/query source,JGMelon22/ListDemoJava,2,1,1,50.000000,50.000000,1.000000
Implicit Columns [application/query source],Implicit Columns,application/query source,JacobLewandowskiDev/GwentMMO-Backend,1,3,1,100.000000,300.000000,3.000000
Implicit Columns [application/query source],Implicit Columns,application/query source,JakeMathews/recommendation-engine,3,3,2,66.666667,100.000000,1.500000
Implicit Columns [application/query source],Implicit Columns,application/query source,JixinZhang19/Online-Shopping-System-for-Black-Friday,8,11,8,100.000000,137.500000,1.375000
Implicit Columns [application/query source],Implicit Columns,application/query source,JohannesRabauer/hibernate-vs-jooq,3,1,1,33.333333,33.333333,1.000000
Implicit Columns [application/query source],Implicit Columns,application/query source,Jominjong/mjjo-test-project,3,4,2,66.666667,133.333333,2.000000
Implicit Columns [application/query source],Implicit Columns,application/query source,KEN3pei/oauth-hands-on,20,6,5,25.000000,30.000000,1.200000
Implicit Columns [application/query source],Implicit Columns,application/query source,KGjertsson/macro-hub,14,44,9,64.285714,314.285714,4.888889
Implicit Columns [application/query source],Implicit Columns,application/query source,Karthik1226/onedata_patient,38,13,4,10.526316,34.210526,3.250000
Implicit Columns [application/query source],Implicit Columns,application/query source,Kazuuma-19/nippogen,5,10,4,80.000000,200.000000,2.500000
Implicit Columns [application/query source],Implicit Columns,application/query source,Kirill06344/TinkoffWebApplication,7,10,3,42.857143,142.857143,3.333333
Implicit Columns [application/query source],Implicit Columns,application/query source,KirillSakira/link-tracker,6,8,3,50.000000,133.333333,2.666667
Implicit Columns [application/query source],Implicit Columns,application/query source,KittyBot-Org/KittyBot,16,22,8,50.000000,137.500000,2.750000
Implicit Columns [application/query source],Implicit Columns,application/query source,Knicksaas/gourmet-gate,34,12,9,26.470588,35.294118,1.333333
Implicit Columns [application/query source],Implicit Columns,application/query source,KyleGuanDP/Assignment4,2,1,1,50.000000,50.000000,1.000000
Implicit Columns [application/query source],Implicit Columns,application/query source,LARCH1K/LinkTracker-Bot,5,9,3,60.000000,180.000000,3.000000
Implicit Columns [application/query source],Implicit Columns,application/query source,LalisaST/java_course_2,5,8,3,60.000000,160.000000,2.666667
Implicit Columns [application/query source],Implicit Columns,application/query source,LeHa2505/OnThiService,27,41,16,59.259259,151.851852,2.562500
Implicit Columns [application/query source],Implicit Columns,application/query source,LiangChenDLJ/VIPManager,15,5,4,26.666667,33.333333,1.250000
Implicit Columns [application/query source],Implicit Columns,application/query source,LianjiaTech/bella-assistants,26,42,12,46.153846,161.538462,3.500000
Implicit Columns [application/query source],Implicit Columns,application/query source,LianjiaTech/bella-knowledge,15,39,4,26.666667,260.000000,9.750000
Implicit Columns [application/query source],Implicit Columns,application/query source,LianjiaTech/bella-openapi,60,44,11,18.333333,73.333333,4.000000
Implicit Columns [application/query source],Implicit Columns,application/query source,LianjiaTech/bella-workflow,32,54,5,15.625000,168.750000,10.800000
Implicit Columns [application/query source],Implicit Columns,application/query source,Link-Profit-System/java_mvvm,9,3,1,11.111111,33.333333,3.000000
Implicit Columns [application/query source],Implicit Columns,application/query source,LintaoAmons/java-jooq-runable-code,6,7,3,50.000000,116.666667,2.333333
Implicit Columns [application/query source],Implicit Columns,application/query source,LogDS/SimulatorOrchestrator,51,8,5,9.803922,15.686275,1.600000
Implicit Columns [application/query source],Implicit Columns,application/query source,LucidMinded/java-course-2023-backend,9,11,5,55.555556,122.222222,2.200000
Implicit Columns [application/query source],Implicit Columns,application/query source,M1nsong-Kim/practice-jooq,4,1,1,25.000000,25.000000,1.000000
Implicit Columns [application/query source],Implicit Columns,application/query source,MAK-Cpp/backend-java-s2,5,6,2,40.000000,120.000000,3.000000
Implicit Columns [application/query source],Implicit Columns,application/query source,MIZINCHIK/java-course-2023-backend,7,5,2,28.571429,71.428571,2.500000
Implicit Columns [application/query source],Implicit Columns,application/query source,Macbeth-Klm/Tinkoff-java-course-2024,6,8,3,50.000000,133.333333,2.666667
Implicit Columns [application/query source],Implicit Columns,application/query source,Maczi01/sockets,5,4,2,40.000000,80.000000,2.000000
Implicit Columns [application/query source],Implicit Columns,application/query source,MahjongRepository/YagiMotel,1,1,1,100.000000,100.000000,1.000000
Implicit Columns [application/query source],Implicit Columns,application/query source,Malest-GmbH-Co-KG/Prog_3_Projektarbeit,16,19,8,50.000000,118.750000,2.375000
Implicit Columns [application/query source],Implicit Columns,application/query source,MarinaBiryukova/tinkoff-java,5,7,2,40.000000,140.000000,3.500000
Implicit Columns [application/query source],Implicit Columns,application/query source,MaroderKo/parts_shop,5,0,0,0.000000,0.000000,
Implicit Columns [application/query source],Implicit Columns,application/query source,Mateuzz/music-website-spring,6,0,0,0.000000,0.000000,
Implicit Columns [application/query source],Implicit Columns,application/query source,MaxZhukoff/tinkoff-bot,5,2,1,20.000000,40.000000,2.000000
Implicit Columns [application/query source],Implicit Columns,application/query source,Missssha/Tinkofff-Back,5,4,2,40.000000,80.000000,2.000000
Implicit Columns [application/query source],Implicit Columns,application/query source,Molzonas/EkEep,15,7,2,13.333333,46.666667,3.500000
Implicit Columns [application/query source],Implicit Columns,application/query source,MyP99999/NewsAggregatorBackend,13,10,4,30.769231,76.923077,2.500000
Implicit Columns [application/query source],Implicit Columns,application/query source,Mykindos/BetterPvP,44,27,15,34.090909,61.363636,1.800000
Implicit Columns [application/query source],Implicit Columns,application/query source,NaspoDev/url-shortener,2,0,0,0.000000,0.000000,
Implicit Columns [application/query source],Implicit Columns,application/query source,NastyaLush/java-course-2024-backend,5,9,3,60.000000,180.000000,3.000000
Implicit Columns [application/query source],Implicit Columns,application/query source,Ne1loff/OnboardingPlatform,14,13,5,35.714286,92.857143,2.600000
Implicit Columns [application/query source],Implicit Columns,application/query source,Neonik-dev/Update-Tracker-Bot,12,10,5,41.666667,83.333333,2.000000
Implicit Columns [application/query source],Implicit Columns,application/query source,NevinTure/java-course-2024,10,6,3,30.000000,60.000000,2.000000
Implicit Columns [application/query source],Implicit Columns,application/query source,Nick-552/link-tracker,8,7,3,37.500000,87.500000,2.333333
Implicit Columns [application/query source],Implicit Columns,application/query source,NurtilekMamashakirov/Bot-Link-Tracker,4,8,2,50.000000,200.000000,4.000000
Implicit Columns [application/query source],Implicit Columns,application/query source,Nyrheim/PenAndPaper,9,0,0,0.000000,0.000000,
Implicit Columns [application/query source],Implicit Columns,application/query source,OAGi/Score,164,296,56,34.146341,180.487805,5.285714
Implicit Columns [application/query source],Implicit Columns,application/query source,Online-Tutoring-Application-Team-11/backend-rest-API-service,11,40,5,45.454545,363.636364,8.000000
Implicit Columns [application/query source],Implicit Columns,application/query source,Origin-Masters/Cantine-Planner,16,19,4,25.000000,118.750000,4.750000
Implicit Columns [application/query source],Implicit Columns,application/query source,Ovoshchko/BackendTinkoffJavaSpring,9,8,5,55.555556,88.888889,1.600000
Implicit Columns [application/query source],Implicit Columns,application/query source,PKNU-CERT-IS/BE,74,79,24,32.432432,106.756757,3.291667
Implicit Columns [application/query source],Implicit Columns,application/query source,Pa11ady/java-link-tracker,3,3,1,33.333333,100.000000,3.000000
Implicit Columns [application/query source],Implicit Columns,application/query source,Pacan4ik/tinkoff-course-spring2023,10,6,3,30.000000,60.000000,2.000000
Implicit Columns [application/query source],Implicit Columns,application/query source,ParadiseSS13/TaskDaemon,8,2,2,25.000000,25.000000,1.000000
Implicit Columns [application/query source],Implicit Columns,application/query source,PathmindAI/pathmind-webapp,37,39,14,37.837838,105.405405,2.785714
Implicit Columns [application/query source],Implicit Columns,application/query source,PonomarevAlexxander/telegram-notifier,5,7,3,60.000000,140.000000,2.333333
Implicit Columns [application/query source],Implicit Columns,application/query source,Programming-Org/Programming,5,0,0,0.000000,0.000000,
Implicit Columns [application/query source],Implicit Columns,application/query source,Prohkit/java-backend-course-2-link-tracker,7,15,4,57.142857,214.285714,3.750000
Implicit Columns [application/query source],Implicit Columns,application/query source,ProstaOlga/prostaBot,34,15,3,8.823529,44.117647,5.000000
Implicit Columns [application/query source],Implicit Columns,application/query source,Puru80/food-ordering-system,1,0,0,0.000000,0.000000,
Implicit Columns [application/query source],Implicit Columns,application/query source,QuantuM1o1/Tinkoff2024Homeworks,7,8,3,42.857143,114.285714,2.666667
Implicit Columns [application/query source],Implicit Columns,application/query source,Raha089/oops,3,2,1,33.333333,66.666667,2.000000
Implicit Columns [application/query source],Implicit Columns,application/query source,Reazzzz/oosp-zadanya,2,2,1,50.000000,100.000000,2.000000
Implicit Columns [application/query source],Implicit Columns,application/query source,Rohan-flutterint/texera,32,1,1,3.125000,3.125000,1.000000
Implicit Columns [application/query source],Implicit Columns,application/query source,RomanZozuliauniversity/Javacourework,7,10,6,85.714286,142.857143,1.666667
Implicit Columns [application/query source],Implicit Columns,application/query source,RuslanAndrianov/Backend-Java-Tinkoff-Spring-2024,5,8,3,60.000000,160.000000,2.666667
Implicit Columns [application/query source],Implicit Columns,application/query source,RuslanHkmoff/java-backend-course,5,1,1,20.000000,20.000000,1.000000
Implicit Columns [application/query source],Implicit Columns,application/query source,SOmegaS/financial-tracker,2,0,0,0.000000,0.000000,
Implicit Columns [application/query source],Implicit Columns,application/query source,Saiyan1/tl-challenge,2,2,2,100.000000,100.000000,1.000000
Implicit Columns [application/query source],Implicit Columns,application/query source,SavageSyrop/VK-courses,17,7,4,23.529412,41.176471,1.750000
Implicit Columns [application/query source],Implicit Columns,application/query source,ShaDi777/java-course-2024-backend,19,10,4,21.052632,52.631579,2.500000
Implicit Columns [application/query source],Implicit Columns,application/query source,ShakurDmitrii/inline,4,6,2,50.000000,150.000000,3.000000
Implicit Columns [application/query source],Implicit Columns,application/query source,SightStudio/blog-code,52,5,2,3.846154,9.615385,2.500000
Implicit Columns [application/query source],Implicit Columns,application/query source,SleepwalkerPasha/egorov_pa_project,5,7,2,40.000000,140.000000,3.500000
Implicit Columns [application/query source],Implicit Columns,application/query source,SlideHehe/java-backend-course-2,8,19,3,37.500000,237.500000,6.333333
Implicit Columns [application/query source],Implicit Columns,application/query source,SmallWorlds-Forever/sw-streaming,21,104,12,57.142857,495.238095,8.666667
Implicit Columns [application/query source],Implicit Columns,application/query source,SoylentBob/jooq-mock,8,1,1,12.500000,12.500000,1.000000
Implicit Columns [application/query source],Implicit Columns,application/query source,Space27/JavaBackendSpring,7,16,4,57.142857,228.571429,4.000000
Implicit Columns [application/query source],Implicit Columns,application/query source,Stasik371/LinkTrackingBot,5,5,2,40.000000,100.000000,2.500000
Implicit Columns [application/query source],Implicit Columns,application/query source,StubbornJava/StubbornJava,26,0,0,0.000000,0.000000,
Implicit Columns [application/query source],Implicit Columns,application/query source,Stumpwiz/mrradb,3,4,1,33.333333,133.333333,4.000000
Implicit Columns [application/query source],Implicit Columns,application/query source,Subtelny/DGCraft,36,6,4,11.111111,16.666667,1.500000
Implicit Columns [application/query source],Implicit Columns,application/query source,TaitoUnited/full-stack-template,3,1,1,33.333333,33.333333,1.000000
Implicit Columns [application/query source],Implicit Columns,application/query source,TerraByteDev/SkyFactionsReborn,20,18,8,40.000000,90.000000,2.250000
Implicit Columns [application/query source],Implicit Columns,application/query source,TheLQ/forum-scraper,10,6,1,10.000000,60.000000,6.000000
Implicit Columns [application/query source],Implicit Columns,application/query source,Thee5176/SpringBoot_CQRS_Command,14,3,2,14.285714,21.428571,1.500000
Implicit Columns [application/query source],Implicit Columns,application/query source,Thee5176/SpringBoot_CQRS_Query,8,5,3,37.500000,62.500000,1.666667
Implicit Columns [application/query source],Implicit Columns,application/query source,Thulasidharreddy/task-service,1,4,1,100.000000,400.000000,4.000000
Implicit Columns [application/query source],Implicit Columns,application/query source,Tiltuem/tinkoff-java-course-2024,9,10,3,33.333333,111.111111,3.333333
Implicit Columns [application/query source],Implicit Columns,application/query source,TivM/Tinkoff-Project,6,1,1,16.666667,16.666667,1.000000
Implicit Columns [application/query source],Implicit Columns,application/query source,Tosin-dotcom/notez-backend,5,6,4,80.000000,120.000000,1.500000
Implicit Columns [application/query source],Implicit Columns,application/query source,TovarischZhukov/jooq_example,12,13,10,83.333333,108.333333,1.300000
Implicit Columns [application/query source],Implicit Columns,application/query source,TranNgocKhoa/play-framework-java-jooq-example,11,6,3,27.272727,54.545455,2.000000
Implicit Columns [application/query source],Implicit Columns,application/query source,TunixR/HarmonyAPI,64,108,31,48.437500,168.750000,3.483871
Implicit Columns [application/query source],Implicit Columns,application/query source,UKEIAM/de.uke.iam.parkinson_on_fhir,5,1,1,20.000000,20.000000,1.000000
Implicit Columns [application/query source],Implicit Columns,application/query source,UniCodeProjects/AmusementParkDB,59,16,12,20.338983,27.118644,1.333333
Implicit Columns [application/query source],Implicit Columns,application/query source,Unite-Organisation/Unite,93,10,7,7.526882,10.752688,1.428571
Implicit Columns [application/query source],Implicit Columns,application/query source,VadymOselskyi/airlines-booking,34,9,6,17.647059,26.470588,1.500000
Implicit Columns [application/query source],Implicit Columns,application/query source,VictorGalkevich/LinkScrapper,8,13,4,50.000000,162.500000,3.250000
Implicit Columns [application/query source],Implicit Columns,application/query source,ViktoriaGub/Object-oriented-programming-systems,3,2,1,33.333333,66.666667,2.000000
Implicit Columns [application/query source],Implicit Columns,application/query source,VladimirMorozov/orm-playground,11,5,3,27.272727,45.454545,1.666667
Implicit Columns [application/query source],Implicit Columns,application/query source,VoroninEgor/TgBot-LinkTracker,5,0,0,0.000000,0.000000,
Implicit Columns [application/query source],Implicit Columns,application/query source,Wani4ka/tcs-edu-task,6,11,3,50.000000,183.333333,3.666667
Implicit Columns [application/query source],Implicit Columns,application/query source,WolfOfBad/TinkoffJavaCourse2024,5,12,2,40.000000,240.000000,6.000000
Implicit Columns [application/query source],Implicit Columns,application/query source,YaroslavChetskiy/tinkoff_course_backend_part,11,9,8,72.727273,81.818182,1.125000
Implicit Columns [application/query source],Implicit Columns,application/query source,Yer12/tastamat,18,14,4,22.222222,77.777778,3.500000
Implicit Columns [application/query source],Implicit Columns,application/query source,YuliaKrav/WebContentUpdateService,4,3,2,50.000000,75.000000,1.500000
Implicit Columns [application/query source],Implicit Columns,application/query source,Yuno-obsessed/jodrive,17,30,10,58.823529,176.470588,3.000000
Implicit Columns [application/query source],Implicit Columns,application/query source,ZanottiMatteo/BGTransports,16,13,2,12.500000,81.250000,6.500000
Implicit Columns [application/query source],Implicit Columns,application/query source,ZebdaYacine/demofx,4,4,2,50.000000,100.000000,2.000000
Implicit Columns [application/query source],Implicit Columns,application/query source,ZsgsDesign/openvsx,5,0,0,0.000000,0.000000,
Implicit Columns [application/query source],Implicit Columns,application/query source,ZwierzchowskiM/Client-Server,4,2,2,50.000000,50.000000,1.000000
Implicit Columns [application/query source],Implicit Columns,application/query source,aabarmin/telegram-bots,3,1,1,33.333333,33.333333,1.000000
Implicit Columns [application/query source],Implicit Columns,application/query source,aahlenst/jOOQ-mcve-json-quoting,7,11,7,100.000000,157.142857,1.571429
Implicit Columns [application/query source],Implicit Columns,application/query source,aceton41k/java-test-framework,4,3,1,25.000000,75.000000,3.000000
Implicit Columns [application/query source],Implicit Columns,application/query source,activej/activej,23,3,3,13.043478,13.043478,1.000000
Implicit Columns [application/query source],Implicit Columns,application/query source,aerius/emission-service,7,1,1,14.285714,14.285714,1.000000
Implicit Columns [application/query source],Implicit Columns,application/query source,agibalov/java-library-experiments,8,2,1,12.500000,25.000000,2.000000
Implicit Columns [application/query source],Implicit Columns,application/query source,akozitsin-hh/hh-jooq-intro,5,1,1,20.000000,20.000000,1.000000
Implicit Columns [application/query source],Implicit Columns,application/query source,aleckbb/tracking-bot,5,8,3,60.000000,160.000000,2.666667
Implicit Columns [application/query source],Implicit Columns,application/query source,aleksseii/TradingOperations,9,19,4,44.444444,211.111111,4.750000
Implicit Columns [application/query source],Implicit Columns,application/query source,alexxiuccia/TrackMe,12,4,2,16.666667,33.333333,2.000000
Implicit Columns [application/query source],Implicit Columns,application/query source,alipay/container-auto-tune,150,167,39,26.000000,111.333333,4.282051
Implicit Columns [application/query source],Implicit Columns,application/query source,alpa011235/sandbox,5,4,1,20.000000,80.000000,4.000000
Implicit Columns [application/query source],Implicit Columns,application/query source,altusea/wpg,5,0,0,0.000000,0.000000,
Implicit Columns [application/query source],Implicit Columns,application/query source,alvin-qh/study-java,34,5,4,11.764706,14.705882,1.250000
Implicit Columns [application/query source],Implicit Columns,application/query source,amalrajvinoth/jooq-optimistic-locking,3,2,1,33.333333,66.666667,2.000000
Implicit Columns [application/query source],Implicit Columns,application/query source,anpol84/java-course-2024,9,7,2,22.222222,77.777778,3.500000
Implicit Columns [application/query source],Implicit Columns,application/query source,anyamilichenko/soa,9,4,3,33.333333,44.444444,1.333333
Implicit Columns [application/query source],Implicit Columns,application/query source,aplygen/j13n-saas,19,4,3,15.789474,21.052632,1.333333
Implicit Columns [application/query source],Implicit Columns,application/query source,arhostcode/linktracker,4,7,3,75.000000,175.000000,2.333333
Implicit Columns [application/query source],Implicit Columns,application/query source,arijit98/RestaurentManagementService,5,6,3,60.000000,120.000000,2.000000
Implicit Columns [application/query source],Implicit Columns,application/query source,arnaudroger/SimpleFlatMapper,42,8,4,9.523810,19.047619,2.000000
Implicit Columns [application/query source],Implicit Columns,application/query source,artemius39/java-backend-2024,7,4,2,28.571429,57.142857,2.000000
Implicit Columns [application/query source],Implicit Columns,application/query source,articles-simbirsoft/JOOQ-use-in-testing,6,3,3,50.000000,50.000000,1.000000
Implicit Columns [application/query source],Implicit Columns,application/query source,artseroff/link-tracker,8,10,3,37.500000,125.000000,3.333333
Implicit Columns [application/query source],Implicit Columns,application/query source,atolcd/sdis-remocra,148,137,60,40.540541,92.567568,2.283333
Implicit Columns [application/query source],Implicit Columns,application/query source,atomfrede/javaland-2022-karate-workshop,2,4,1,50.000000,200.000000,4.000000
Implicit Columns [application/query source],Implicit Columns,application/query source,auliardana/Java-orm-jooq,2,0,0,0.000000,0.000000,
Implicit Columns [application/query source],Implicit Columns,application/query source,averbraeck/gamedata-common,2,3,1,50.000000,150.000000,3.000000
Implicit Columns [application/query source],Implicit Columns,application/query source,averbraeck/housinggame-common,7,20,7,100.000000,285.714286,2.857143
Implicit Columns [application/query source],Implicit Columns,application/query source,averbraeck/trustgame,12,29,1,8.333333,241.666667,29.000000
Implicit Columns [application/query source],Implicit Columns,application/query source,averbraeck/trustgame-register,2,6,2,100.000000,300.000000,3.000000
Implicit Columns [application/query source],Implicit Columns,application/query source,averbraeck/trustgame-scores,4,27,2,50.000000,675.000000,13.500000
Implicit Columns [application/query source],Implicit Columns,application/query source,aws-observability/aws-otel-playground,1,1,1,100.000000,100.000000,1.000000
Implicit Columns [application/query source],Implicit Columns,application/query source,aytdm/study,2,2,2,100.000000,100.000000,1.000000
Implicit Columns [application/query source],Implicit Columns,application/query source,badgerwithagun/async-all-the-way-down,6,2,2,33.333333,33.333333,1.000000
Implicit Columns [application/query source],Implicit Columns,application/query source,balazskrizsan/stackjudge_aws_java,3,1,1,33.333333,33.333333,1.000000
Implicit Columns [application/query source],Implicit Columns,application/query source,beargiles/youtube-dojo,8,1,1,12.500000,12.500000,1.000000
Implicit Columns [application/query source],Implicit Columns,application/query source,bennofs/wdumper,6,10,3,50.000000,166.666667,3.333333
Implicit Columns [application/query source],Implicit Columns,application/query source,bharat-chaudhari-0302/spring-jooq-gradle-plugin,5,1,1,20.000000,20.000000,1.000000
Implicit Columns [application/query source],Implicit Columns,application/query source,bifidok/TinkoffBackend,12,7,4,33.333333,58.333333,1.750000
Implicit Columns [application/query source],Implicit Columns,application/query source,bigseized/TinkoffCourseJava2024,6,6,3,50.000000,100.000000,2.000000
Implicit Columns [application/query source],Implicit Columns,application/query source,blueoceandevops/fleet-spring-boot,3,2,1,33.333333,66.666667,2.000000
Implicit Columns [application/query source],Implicit Columns,application/query source,boogiespook/waltz-test,698,235,105,15.042980,33.667622,2.238095
Implicit Columns [application/query source],Implicit Columns,application/query source,boomzin/dbservice,20,23,8,40.000000,115.000000,2.875000
Implicit Columns [application/query source],Implicit Columns,application/query source,bootique-examples/bootique-jooq-examples,1,1,1,100.000000,100.000000,1.000000
Implicit Columns [application/query source],Implicit Columns,application/query source,borjom1/cloud-nest,42,18,10,23.809524,42.857143,1.800000
Implicit Columns [application/query source],Implicit Columns,application/query source,brianbcampbell/z_beast-product-catalog,3,1,1,33.333333,33.333333,1.000000
Implicit Columns [application/query source],Implicit Columns,application/query source,brody-0125/The-Joy-Of-Java,2,3,2,100.000000,150.000000,1.500000
Implicit Columns [application/query source],Implicit Columns,application/query source,bsi-software/ScoutJooq,104,38,14,13.461538,36.538462,2.714286
Implicit Columns [application/query source],Implicit Columns,application/query source,btpka3/btpka3.github.com,10,8,3,30.000000,80.000000,2.666667
Implicit Columns [application/query source],Implicit Columns,application/query source,buster/acmemusic,4,3,2,50.000000,75.000000,1.500000
Implicit Columns [application/query source],Implicit Columns,application/query source,c00ler/transfer-service,6,3,3,50.000000,50.000000,1.000000
Implicit Columns [application/query source],Implicit Columns,application/query source,cardano-foundation/cardano-rosetta-java,10,0,0,0.000000,0.000000,
Implicit Columns [application/query source],Implicit Columns,application/query source,catsloveme/telegram-bot,5,3,1,20.000000,60.000000,3.000000
Implicit Columns [application/query source],Implicit Columns,application/query source,chriswininger/ai-document-query-system,7,3,2,28.571429,42.857143,1.500000
Implicit Columns [application/query source],Implicit Columns,application/query source,clearflask/clearflask,16,0,0,0.000000,0.000000,
Implicit Columns [application/query source],Implicit Columns,application/query source,cn-src/snippets-java,24,4,3,12.500000,16.666667,1.333333
Implicit Columns [application/query source],Implicit Columns,application/query source,coduction/famulex,15,5,5,33.333333,33.333333,1.000000
Implicit Columns [application/query source],Implicit Columns,application/query source,constZhur/tinkoff-backend-course-2024,6,8,2,33.333333,133.333333,4.000000
Implicit Columns [application/query source],Implicit Columns,application/query source,cooder-org/jooq-mate,9,0,0,0.000000,0.000000,
Implicit Columns [application/query source],Implicit Columns,application/query source,corradomio/java_projects,80,1,1,1.250000,1.250000,1.000000
Implicit Columns [application/query source],Implicit Columns,application/query source,crate/cratedb-examples,4,2,1,25.000000,50.000000,2.000000
Implicit Columns [application/query source],Implicit Columns,application/query source,crick77/usrbilancio,51,77,13,25.490196,150.980392,5.923077
Implicit Columns [application/query source],Implicit Columns,application/query source,crunchykillah/rest_api_springmvc,6,4,1,16.666667,66.666667,4.000000
Implicit Columns [application/query source],Implicit Columns,application/query source,cyberpunkoff/tracktor,4,2,2,50.000000,50.000000,1.000000
Implicit Columns [application/query source],Implicit Columns,application/query source,cycastic-cumberland/libmanage-backend,15,12,6,40.000000,80.000000,2.000000
Implicit Columns [application/query source],Implicit Columns,application/query source,danmofo/fitness-tracker-app,11,13,9,81.818182,118.181818,1.444444
Implicit Columns [application/query source],Implicit Columns,application/query source,dbist/cockroach-docker,5,6,2,40.000000,120.000000,3.000000
Implicit Columns [application/query source],Implicit Columns,application/query source,deepakborania/revolut-backend-task,14,6,2,14.285714,42.857143,3.000000
Implicit Columns [application/query source],Implicit Columns,application/query source,dehasi/ppp-of-ddd,5,3,2,40.000000,60.000000,1.500000
Implicit Columns [application/query source],Implicit Columns,application/query source,derabbink/sws2,2,0,0,0.000000,0.000000,
Implicit Columns [application/query source],Implicit Columns,application/query source,devstronomy/nasa-data-scraper,1,0,0,0.000000,0.000000,
Implicit Columns [application/query source],Implicit Columns,application/query source,dianainya/platform-backend,26,19,12,46.153846,73.076923,1.583333
Implicit Columns [application/query source],Implicit Columns,application/query source,diocorrea/imagewrapper,3,3,1,33.333333,100.000000,3.000000
Implicit Columns [application/query source],Implicit Columns,application/query source,djma/play-stack,5,3,3,60.000000,60.000000,1.000000
Implicit Columns [application/query source],Implicit Columns,application/query source,dndanoff/spring-boot-unit-integration-test-example,2,1,1,50.000000,50.000000,1.000000
Implicit Columns [application/query source],Implicit Columns,application/query source,dominikjaniga91/system-design-interview-projects,4,1,1,25.000000,25.000000,1.000000
Implicit Columns [application/query source],Implicit Columns,application/query source,dreamPis/oauth,14,11,2,14.285714,78.571429,5.500000
Implicit Columns [application/query source],Implicit Columns,application/query source,dzorbey/order-scheduling,2,4,1,50.000000,200.000000,4.000000
Implicit Columns [application/query source],Implicit Columns,application/query source,easkarov/repo-caretaker,5,11,2,40.000000,220.000000,5.500000
Implicit Columns [application/query source],Implicit Columns,application/query source,ebi-gene-expression-group/annotare2,1,5,1,100.000000,500.000000,5.000000
Implicit Columns [application/query source],Implicit Columns,application/query source,eclipse-scout/scout.rt,37,3,2,5.405405,8.108108,1.500000
Implicit Columns [application/query source],Implicit Columns,application/query source,eclipse/openvsx,10,0,0,0.000000,0.000000,
Implicit Columns [application/query source],Implicit Columns,application/query source,ehrbase/migration-tool,26,14,8,30.769231,53.846154,1.750000
Implicit Columns [application/query source],Implicit Columns,application/query source,ekgreen/star-boot,17,0,0,0.000000,0.000000,
Implicit Columns [application/query source],Implicit Columns,application/query source,ekruptsov/jooq-retrofit-crud-poc,2,1,1,50.000000,50.000000,1.000000
Implicit Columns [application/query source],Implicit Columns,application/query source,elwin013/todoapp-multitenancy,5,4,4,80.000000,80.000000,1.000000
Implicit Columns [application/query source],Implicit Columns,application/query source,emapfff/Link-Tracker,7,8,5,71.428571,114.285714,1.600000
Implicit Columns [application/query source],Implicit Columns,application/query source,ericdriggs/reportcard,68,24,4,5.882353,35.294118,6.000000
Implicit Columns [application/query source],Implicit Columns,application/query source,eterny13/url-shortener,1,1,1,100.000000,100.000000,1.000000
Implicit Columns [application/query source],Implicit Columns,application/query source,evagalyuta/services-city-discover,16,14,7,43.750000,87.500000,2.000000
Implicit Columns [application/query source],Implicit Columns,application/query source,eziomou/library-backend,23,3,1,4.347826,13.043478,3.000000
Implicit Columns [application/query source],Implicit Columns,application/query source,f-uni/Quizzy,10,8,6,60.000000,80.000000,1.333333
Implicit Columns [application/query source],Implicit Columns,application/query source,fantj2016/springboot-integration,2,1,1,50.000000,50.000000,1.000000
Implicit Columns [application/query source],Implicit Columns,application/query source,fasten-project/fasten,56,20,3,5.357143,35.714286,6.666667
Implicit Columns [application/query source],Implicit Columns,application/query source,fatihcatalkaya/poker-tracker,2,0,0,0.000000,0.000000,
Implicit Columns [application/query source],Implicit Columns,application/query source,fedemaleh/chess-challenge-java-1,4,0,0,0.000000,0.000000,
Implicit Columns [application/query source],Implicit Columns,application/query source,filipegar/killbill-getnet,4,1,1,25.000000,25.000000,1.000000
Implicit Columns [application/query source],Implicit Columns,application/query source,fishedee/Demo,15,2,1,6.666667,13.333333,2.000000
Implicit Columns [application/query source],Implicit Columns,application/query source,fuma-nama/U3-Server,15,22,5,33.333333,146.666667,4.400000
Implicit Columns [application/query source],Implicit Columns,application/query source,gchq/stroom,136,93,27,19.852941,68.382353,3.444444
Implicit Columns [application/query source],Implicit Columns,application/query source,gchq/stroom-auth,10,13,3,30.000000,130.000000,4.333333
Implicit Columns [application/query source],Implicit Columns,application/query source,ge1up/healthy-calories_by_spring,9,13,5,55.555556,144.444444,2.600000
Implicit Columns [application/query source],Implicit Columns,application/query source,gekoramy/uni.web,42,67,15,35.714286,159.523810,4.466667
Implicit Columns [application/query source],Implicit Columns,application/query source,genenakagaki/ddd-sample,2,1,1,50.000000,50.000000,1.000000
Implicit Columns [application/query source],Implicit Columns,application/query source,germinateplatform/gatekeeper-server,24,24,16,66.666667,100.000000,1.500000
Implicit Columns [application/query source],Implicit Columns,application/query source,gilbertlim/jooq,21,21,5,23.809524,100.000000,4.200000
Implicit Columns [application/query source],Implicit Columns,application/query source,giovene44/Cinemanager_Software_Engineering_project,33,24,8,24.242424,72.727273,3.000000
Implicit Columns [application/query source],Implicit Columns,application/query source,glassbell/bp-keeper,2,0,0,0.000000,0.000000,
Implicit Columns [application/query source],Implicit Columns,application/query source,glockyco/Teralizer,41,4,2,4.878049,9.756098,2.000000
Implicit Columns [application/query source],Implicit Columns,application/query source,gmoon92/toy,10,3,2,20.000000,30.000000,1.500000
Implicit Columns [application/query source],Implicit Columns,application/query source,gonzo1138/jOOQinSpring-basics,2,1,1,50.000000,50.000000,1.000000
Implicit Columns [application/query source],Implicit Columns,application/query source,gourmetgate/gourmetgate,18,3,2,11.111111,16.666667,1.500000
Implicit Columns [application/query source],Implicit Columns,application/query source,graphql-java/graphql-java-db-example,2,3,1,50.000000,150.000000,3.000000
Implicit Columns [application/query source],Implicit Columns,application/query source,h8/gradle-jooq-example,2,1,1,50.000000,50.000000,1.000000
Implicit Columns [application/query source],Implicit Columns,application/query source,hashgraph/hedera-hcs-erc721-sample,10,0,0,0.000000,0.000000,
Implicit Columns [application/query source],Implicit Columns,application/query source,haumacher/wizard-game,1,9,1,100.000000,900.000000,9.000000
Implicit Columns [application/query source],Implicit Columns,application/query source,hevan/agri-cloud,33,0,0,0.000000,0.000000,
Implicit Columns [application/query source],Implicit Columns,application/query source,hiddenswitch/Spellsource,33,18,8,24.242424,54.545455,2.250000
Implicit Columns [application/query source],Implicit Columns,application/query source,hieplp/recipe-platform,22,3,1,4.545455,13.636364,3.000000
Implicit Columns [application/query source],Implicit Columns,application/query source,hieplp/vinorsoft-hometest,14,4,2,14.285714,28.571429,2.000000
Implicit Columns [application/query source],Implicit Columns,application/query source,highloadmipt/expensewriter,2,0,0,0.000000,0.000000,
Implicit Columns [application/query source],Implicit Columns,application/query source,hpple/revolut-backend-test,6,5,2,33.333333,83.333333,2.500000
Implicit Columns [application/query source],Implicit Columns,application/query source,huruiyi/books-source,32,4,2,6.250000,12.500000,2.000000
Implicit Columns [application/query source],Implicit Columns,application/query source,hyt-sasaki/SpringBootMicroServiceTutorial,2,1,1,50.000000,50.000000,1.000000
Implicit Columns [application/query source],Implicit Columns,application/query source,icefery/demo.icefery.xyz,1,1,1,100.000000,100.000000,1.000000
Implicit Columns [application/query source],Implicit Columns,application/query source,itboy87/quarkus-ext-jooq,9,3,1,11.111111,33.333333,3.000000
Implicit Columns [application/query source],Implicit Columns,application/query source,iyunbo/stackoverflow,1,1,1,100.000000,100.000000,1.000000
Implicit Columns [application/query source],Implicit Columns,application/query source,jOOQ/demo,37,47,17,45.945946,127.027027,2.764706
Implicit Columns [application/query source],Implicit Columns,application/query source,jOOQ/jOOQ-mcve,7,7,7,100.000000,100.000000,1.000000
Implicit Columns [application/query source],Implicit Columns,application/query source,jackbergus/java_logicalconsistency,31,11,6,19.354839,35.483871,1.833333
Implicit Columns [application/query source],Implicit Columns,application/query source,jasondlee/quarkus-dev-service-full-example,3,1,1,33.333333,33.333333,1.000000
Implicit Columns [application/query source],Implicit Columns,application/query source,jasontran320/texera_compose,32,1,1,3.125000,3.125000,1.000000
Implicit Columns [application/query source],Implicit Columns,application/query source,jefberpe/restful-demo,6,0,0,0.000000,0.000000,
Implicit Columns [application/query source],Implicit Columns,application/query source,jehugaleahsa/javalin-mvc-starter,2,1,1,50.000000,50.000000,1.000000
Implicit Columns [application/query source],Implicit Columns,application/query source,jiangtj-lab/jooq-and-flyway,4,4,2,50.000000,100.000000,2.000000
Implicit Columns [application/query source],Implicit Columns,application/query source,jiangtj/jc-platform,9,8,5,55.555556,88.888889,1.600000
Implicit Columns [application/query source],Implicit Columns,application/query source,jiangtj/jmicro,27,6,3,11.111111,22.222222,2.000000
Implicit Columns [application/query source],Implicit Columns,application/query source,jkingster/Tickster,11,3,3,27.272727,27.272727,1.000000
Implicit Columns [application/query source],Implicit Columns,application/query source,jklingsporn/vertx-jooq,204,38,12,5.882353,18.627451,3.166667
Implicit Columns [application/query source],Implicit Columns,application/query source,jmingu/petcrown-backend,17,36,14,82.352941,211.764706,2.571429
Implicit Columns [application/query source],Implicit Columns,application/query source,joaoseidel/MussCraft,2,3,1,50.000000,150.000000,3.000000
Implicit Columns [application/query source],Implicit Columns,application/query source,joostvdg/cmg-analytics,1,4,1,100.000000,400.000000,4.000000
Implicit Columns [application/query source],Implicit Columns,application/query source,jordanamr/Divarena-old,7,3,2,28.571429,42.857143,1.500000
Implicit Columns [application/query source],Implicit Columns,application/query source,jsflzhong/cjSpringboot-demo,5,6,2,40.000000,120.000000,3.000000
Implicit Columns [application/query source],Implicit Columns,application/query source,juanhaugaard/H2-sakila,6,13,3,50.000000,216.666667,4.333333
Implicit Columns [application/query source],Implicit Columns,application/query source,jubicoy/easymapper,14,14,3,21.428571,100.000000,4.666667
Implicit Columns [application/query source],Implicit Columns,application/query source,justhecool/SmallWorlds-Forever,26,123,16,61.538462,473.076923,7.687500
Implicit Columns [application/query source],Implicit Columns,application/query source,justmasyan/vkhomeworks,16,10,6,37.500000,62.500000,1.666667
Implicit Columns [application/query source],Implicit Columns,application/query source,k0patych1/java-course-2023-s2,6,4,2,33.333333,66.666667,2.000000
Implicit Columns [application/query source],Implicit Columns,application/query source,k55k32/learn-jooq,59,51,16,27.118644,86.440678,3.187500
Implicit Columns [application/query source],Implicit Columns,application/query source,kaeru61/chat_app,3,6,3,100.000000,200.000000,2.000000
Implicit Columns [application/query source],Implicit Columns,application/query source,kamarkaka/app-updater,3,3,1,33.333333,100.000000,3.000000
Implicit Columns [application/query source],Implicit Columns,application/query source,kamil-sita/labelle,49,3,1,2.040816,6.122449,3.000000
Implicit Columns [application/query source],Implicit Columns,application/query source,kanki6315/racing-analysis,15,36,15,100.000000,240.000000,2.400000
Implicit Columns [application/query source],Implicit Columns,application/query source,kappsegla/databaseprojects,1,1,1,100.000000,100.000000,1.000000
Implicit Columns [application/query source],Implicit Columns,application/query source,keeleinstituut/ekilex,83,123,22,26.506024,148.192771,5.590909
Implicit Columns [application/query source],Implicit Columns,application/query source,kehuka11/graphql_sample,4,0,0,0.000000,0.000000,
Implicit Columns [application/query source],Implicit Columns,application/query source,khanactl/mcorpus,16,3,2,12.500000,18.750000,1.500000
Implicit Columns [application/query source],Implicit Columns,application/query source,khanhduy-14/pro-todolist-java,6,2,1,16.666667,33.333333,2.000000
Implicit Columns [application/query source],Implicit Columns,application/query source,killbill/killbill-stripe-plugin,6,4,1,16.666667,66.666667,4.000000
Implicit Columns [application/query source],Implicit Columns,application/query source,kkaravitis/pricing-api,3,0,0,0.000000,0.000000,
Implicit Columns [application/query source],Implicit Columns,application/query source,kmaximk/Link-tracker-bot,5,5,2,40.000000,100.000000,2.500000
Implicit Columns [application/query source],Implicit Columns,application/query source,kozakto/ContactManager,1,1,1,100.000000,100.000000,1.000000
Implicit Columns [application/query source],Implicit Columns,application/query source,krivonosovti/LinktrackerLast,6,2,1,16.666667,33.333333,2.000000
Implicit Columns [application/query source],Implicit Columns,application/query source,krupnoveo/Link-Tracker,6,2,1,16.666667,33.333333,2.000000
Implicit Columns [application/query source],Implicit Columns,application/query source,kryakobess/TinkoffBackendCourse,5,7,2,40.000000,140.000000,3.500000
Implicit Columns [application/query source],Implicit Columns,application/query source,ksamorodov/SpringAuth,1,0,0,0.000000,0.000000,
Implicit Columns [application/query source],Implicit Columns,application/query source,ksamorodov/corset,1,0,0,0.000000,0.000000,
Implicit Columns [application/query source],Implicit Columns,application/query source,kushtrimh/tomorr,14,10,4,28.571429,71.428571,2.500000
Implicit Columns [application/query source],Implicit Columns,application/query source,labinochka/semester-work-agona,4,3,1,25.000000,75.000000,3.000000
Implicit Columns [application/query source],Implicit Columns,application/query source,lahraye/farm-collector-task,1,0,0,0.000000,0.000000,
Implicit Columns [application/query source],Implicit Columns,application/query source,lamarios/mmath,8,34,7,87.500000,425.000000,4.857143
Implicit Columns [application/query source],Implicit Columns,application/query source,lelup24/blog,10,15,9,90.000000,150.000000,1.666667
Implicit Columns [application/query source],Implicit Columns,application/query source,lelup24/spring-boot-websocket,6,11,5,83.333333,183.333333,2.200000
Implicit Columns [application/query source],Implicit Columns,application/query source,leoiii12/csci3170-project,5,13,2,40.000000,260.000000,6.500000
Implicit Columns [application/query source],Implicit Columns,application/query source,leoleelwl/springboot_jooq_flyway,3,0,0,0.000000,0.000000,
Implicit Columns [application/query source],Implicit Columns,application/query source,lesam19092/Tinkoff_first_project,4,4,2,50.000000,100.000000,2.000000
Implicit Columns [application/query source],Implicit Columns,application/query source,letPeace/VK-homework-6,8,13,4,50.000000,162.500000,3.250000
Implicit Columns [application/query source],Implicit Columns,application/query source,lightningdevkit/vss-server,3,1,1,33.333333,33.333333,1.000000
Implicit Columns [application/query source],Implicit Columns,application/query source,liljarn/tinkoffCourseJava2024,8,0,0,0.000000,0.000000,
Implicit Columns [application/query source],Implicit Columns,application/query source,lin-mt/spring-boot,6,0,0,0.000000,0.000000,
Implicit Columns [application/query source],Implicit Columns,application/query source,linux-china/jooq-demo,8,2,2,25.000000,25.000000,1.000000
Implicit Columns [application/query source],Implicit Columns,application/query source,liuyueyi/spring-boot-demo,10,25,5,50.000000,250.000000,5.000000
Implicit Columns [application/query source],Implicit Columns,application/query source,liuzheming/merchant-feecal-mvp,29,15,7,24.137931,51.724138,2.142857
Implicit Columns [application/query source],Implicit Columns,application/query source,ljk0071/side-project-back,14,16,4,28.571429,114.285714,4.000000
Implicit Columns [application/query source],Implicit Columns,application/query source,lsfoster64/gymhelper,3,6,2,66.666667,200.000000,3.000000
Implicit Columns [application/query source],Implicit Columns,application/query source,lsn03/java-2023-backend-second-semester,8,5,4,50.000000,62.500000,1.250000
Implicit Columns [application/query source],Implicit Columns,application/query source,lwbeamer/tinkoff-course,5,8,3,60.000000,160.000000,2.666667
Implicit Columns [application/query source],Implicit Columns,application/query source,lzbkln/java-course-tinkoff-spring-2024,11,16,7,63.636364,145.454545,2.285714
Implicit Columns [application/query source],Implicit Columns,application/query source,lzj09/sw-jooq,3,0,0,0.000000,0.000000,
Implicit Columns [application/query source],Implicit Columns,application/query source,magicswissweed/MagicSwissWeed2.0,12,17,11,91.666667,141.666667,1.545455
Implicit Columns [application/query source],Implicit Columns,application/query source,makeitfine-org/mif,8,1,1,12.500000,12.500000,1.000000
Implicit Columns [application/query source],Implicit Columns,application/query source,maksmolchdmitr/tinkoffLinkUpdater,6,8,1,16.666667,133.333333,8.000000
Implicit Columns [application/query source],Implicit Columns,application/query source,marcato10/manaca-framework,3,2,1,33.333333,66.666667,2.000000
Implicit Columns [application/query source],Implicit Columns,application/query source,marijarin/tin_back_hws,5,0,0,0.000000,0.000000,
Implicit Columns [application/query source],Implicit Columns,application/query source,marlind89/kensa,5,1,1,20.000000,20.000000,1.000000
Implicit Columns [application/query source],Implicit Columns,application/query source,martynovvladislav/tinkoff-java-backend-course-2024,12,8,3,25.000000,66.666667,2.666667
Implicit Columns [application/query source],Implicit Columns,application/query source,matco/hotspot-api,11,10,4,36.363636,90.909091,2.500000
Implicit Columns [application/query source],Implicit Columns,application/query source,matuolis/financial-analysis-be,8,22,6,75.000000,275.000000,3.666667
Implicit Columns [application/query source],Implicit Columns,application/query source,matuolis/vehicle-marketplace-be,9,12,4,44.444444,133.333333,3.000000
Implicit Columns [application/query source],Implicit Columns,application/query source,maximister/LinkTrackerBot,5,8,3,60.000000,160.000000,2.666667
Implicit Columns [application/query source],Implicit Columns,application/query source,mbto/eatlog,32,11,6,18.750000,34.375000,1.833333
Implicit Columns [application/query source],Implicit Columns,application/query source,mbto/funnyranks,46,15,10,21.739130,32.608696,1.500000
Implicit Columns [application/query source],Implicit Columns,application/query source,mehdikeshani/MyFasten,57,19,3,5.263158,33.333333,6.333333
Implicit Columns [application/query source],Implicit Columns,application/query source,merlimmateus/vidsummize,1,2,1,100.000000,200.000000,2.000000
Implicit Columns [application/query source],Implicit Columns,application/query source,metaloom/loom,33,30,13,39.393939,90.909091,2.307692
Implicit Columns [application/query source],Implicit Columns,application/query source,migibert/embro,8,17,6,75.000000,212.500000,2.833333
Implicit Columns [application/query source],Implicit Columns,application/query source,miguelperezcolom/mateu-article-2,15,3,3,20.000000,20.000000,1.000000
Implicit Columns [application/query source],Implicit Columns,application/query source,mikerasch/dal,7,2,2,28.571429,28.571429,1.000000
Implicit Columns [application/query source],Implicit Columns,application/query source,mingtiangg/LTG,36,40,10,27.777778,111.111111,4.000000
Implicit Columns [application/query source],Implicit Columns,application/query source,mini-crm/mini-crm,8,0,0,0.000000,0.000000,
Implicit Columns [application/query source],Implicit Columns,application/query source,mistresssfilth/HM8,2,3,2,100.000000,150.000000,1.500000
Implicit Columns [application/query source],Implicit Columns,application/query source,mochegov/rock-paper-scissors,5,3,2,40.000000,60.000000,1.500000
Implicit Columns [application/query source],Implicit Columns,application/query source,modlix-india/nocode-saas,429,118,54,12.587413,27.505828,2.185185
Implicit Columns [application/query source],Implicit Columns,application/query source,mullerhai/mysql-modeldb,61,61,38,62.295082,100.000000,1.605263
Implicit Columns [application/query source],Implicit Columns,application/query source,murl-digital/squier,2,3,2,100.000000,150.000000,1.500000
Implicit Columns [application/query source],Implicit Columns,application/query source,mwilkins91/mythology-v2,4,2,1,25.000000,50.000000,2.000000
Implicit Columns [application/query source],Implicit Columns,application/query source,my1exp/YC_Pay,10,8,5,50.000000,80.000000,1.600000
Implicit Columns [application/query source],Implicit Columns,application/query source,mytakedotorg/mtdo,31,21,14,45.161290,67.741935,1.500000
Implicit Columns [application/query source],Implicit Columns,application/query source,nameishari/money-transfer-service,4,4,2,50.000000,100.000000,2.000000
Implicit Columns [application/query source],Implicit Columns,application/query source,navikt/veilarblest,4,2,1,25.000000,50.000000,2.000000
Implicit Columns [application/query source],Implicit Columns,application/query source,neptunejing/SkillUp-Ecom-Plat,8,10,8,100.000000,125.000000,1.250000
Implicit Columns [application/query source],Implicit Columns,application/query source,nianien/jooq-tutorial,20,8,2,10.000000,40.000000,4.000000
Implicit Columns [application/query source],Implicit Columns,application/query source,nianien/katana,20,5,1,5.000000,25.000000,5.000000
Implicit Columns [application/query source],Implicit Columns,application/query source,nikguscode/HackathonMax,19,2,2,10.526316,10.526316,1.000000
Implicit Columns [application/query source],Implicit Columns,application/query source,nikolay-klekto/FunScrutContactCenterBot,15,8,6,40.000000,53.333333,1.333333
Implicit Columns [application/query source],Implicit Columns,application/query source,niranjankhare/SeleniumPageModeller,3,4,2,66.666667,133.333333,2.000000
Implicit Columns [application/query source],Implicit Columns,application/query source,nocarend/Tinkoff-Edu-Backend-Java,5,5,2,40.000000,100.000000,2.500000
Implicit Columns [application/query source],Implicit Columns,application/query source,noir2k/speechear,14,9,2,14.285714,64.285714,4.500000
Implicit Columns [application/query source],Implicit Columns,application/query source,nortal/GovStack-IM-BB-PubSub-Component,31,18,8,25.806452,58.064516,2.250000
Implicit Columns [application/query source],Implicit Columns,application/query source,northcoder-repo/jooqSakilaDemo,4,41,2,50.000000,1025.000000,20.500000
Implicit Columns [application/query source],Implicit Columns,application/query source,nuromirzak/tinkoff_academy,8,6,2,25.000000,75.000000,3.000000
Implicit Columns [application/query source],Implicit Columns,application/query source,nyh1030/rocketmart-pcweb,17,4,2,11.764706,23.529412,2.000000
Implicit Columns [application/query source],Implicit Columns,application/query source,ojhughes/concourse-http-lock-resource,7,2,2,28.571429,28.571429,1.000000
Implicit Columns [application/query source],Implicit Columns,application/query source,oneops/oneops,2,20,1,50.000000,1000.000000,20.000000
Implicit Columns [application/query source],Implicit Columns,application/query source,oracle/graalvm-reachability-metadata,3,16,2,66.666667,533.333333,8.000000
Implicit Columns [application/query source],Implicit Columns,application/query source,otto15/ITMO-WEB-LAB3,1,2,1,100.000000,200.000000,2.000000
Implicit Columns [application/query source],Implicit Columns,application/query source,pawelWielkolinski/SDABetApp,17,15,5,29.411765,88.235294,3.000000
Implicit Columns [application/query source],Implicit Columns,application/query source,pedroafonsodias/springboot,5,2,1,20.000000,40.000000,2.000000
Implicit Columns [application/query source],Implicit Columns,application/query source,pedroermarinho/teach-sync,5,3,3,60.000000,60.000000,1.000000
Implicit Columns [application/query source],Implicit Columns,application/query source,philosopherstonerush/java-notes,1,1,1,100.000000,100.000000,1.000000
Implicit Columns [application/query source],Implicit Columns,application/query source,phpbae/JOOQ,3,3,1,33.333333,100.000000,3.000000
Implicit Columns [application/query source],Implicit Columns,application/query source,picodotdev/blog-ejemplos,31,8,3,9.677419,25.806452,2.666667
Implicit Columns [application/query source],Implicit Columns,application/query source,poemp/metadata-gather,17,15,2,11.764706,88.235294,7.500000
Implicit Columns [application/query source],Implicit Columns,application/query source,polytech-attendance/taskbot,4,5,2,50.000000,125.000000,2.500000
Implicit Columns [application/query source],Implicit Columns,application/query source,ppretki/mysql-spatial-data,3,1,1,33.333333,33.333333,1.000000
Implicit Columns [application/query source],Implicit Columns,application/query source,pratyush05/trade-app,10,0,0,0.000000,0.000000,
Implicit Columns [application/query source],Implicit Columns,application/query source,pro100bat9/tg_chat,7,7,2,28.571429,100.000000,3.500000
Implicit Columns [application/query source],Implicit Columns,application/query source,propan/tea-buddy,4,4,3,75.000000,100.000000,1.333333
Implicit Columns [application/query source],Implicit Columns,application/query source,puzink/Wallet,6,3,2,33.333333,50.000000,1.500000
Implicit Columns [application/query source],Implicit Columns,application/query source,pvkvetkin/trackcontent,4,5,2,50.000000,125.000000,2.500000
Implicit Columns [application/query source],Implicit Columns,application/query source,pvorb/npm-stat.com,3,0,0,0.000000,0.000000,
Implicit Columns [application/query source],Implicit Columns,application/query source,qiao-zhi/springboot-ssm,1,3,1,100.000000,300.000000,3.000000
Implicit Columns [application/query source],Implicit Columns,application/query source,qimok/sharding-jdbc-test,10,4,3,30.000000,40.000000,1.333333
Implicit Columns [application/query source],Implicit Columns,application/query source,quarkiverse/quarkus-jooq,12,6,2,16.666667,50.000000,3.000000
Implicit Columns [application/query source],Implicit Columns,application/query source,quickmsg/smqtt,3,2,1,33.333333,66.666667,2.000000
Implicit Columns [application/query source],Implicit Columns,application/query source,quinscape/automaton,54,8,7,12.962963,14.814815,1.142857
Implicit Columns [application/query source],Implicit Columns,application/query source,quinscape/domainql,38,9,3,7.894737,23.684211,3.000000
Implicit Columns [application/query source],Implicit Columns,application/query source,quinscape/domainqlstarter,9,5,3,33.333333,55.555556,1.666667
Implicit Columns [application/query source],Implicit Columns,application/query source,r0masaN/PurchaseTask,8,18,2,25.000000,225.000000,9.000000
Implicit Columns [application/query source],Implicit Columns,application/query source,raissabeccarelli/UniBite,14,0,0,0.000000,0.000000,
Implicit Columns [application/query source],Implicit Columns,application/query source,ralscha/attic,108,17,7,6.481481,15.740741,2.428571
Implicit Columns [application/query source],Implicit Columns,application/query source,ralscha/blog2019,17,11,5,29.411765,64.705882,2.200000
Implicit Columns [application/query source],Implicit Columns,application/query source,ralscha/blog2020,2,1,1,50.000000,50.000000,1.000000
Implicit Columns [application/query source],Implicit Columns,application/query source,ralscha/otodo,19,24,7,36.842105,126.315789,3.428571
Implicit Columns [application/query source],Implicit Columns,application/query source,ralscha/realworld-spring-boot-jooq,12,14,7,58.333333,116.666667,2.000000
Implicit Columns [application/query source],Implicit Columns,application/query source,ralscha/springsecuritytotp,4,1,1,25.000000,25.000000,1.000000
Implicit Columns [application/query source],Implicit Columns,application/query source,ralscha/webauthn-demo,4,1,1,25.000000,25.000000,1.000000
Implicit Columns [application/query source],Implicit Columns,application/query source,ramoncunha/rinha-backend,5,2,1,20.000000,40.000000,2.000000
Implicit Columns [application/query source],Implicit Columns,application/query source,rayokota/kcache,1,2,1,100.000000,200.000000,2.000000
Implicit Columns [application/query source],Implicit Columns,application/query source,renan-schmitt/spring-boot-jooq,2,2,1,50.000000,100.000000,2.000000
Implicit Columns [application/query source],Implicit Columns,application/query source,rench/scio,1,4,1,100.000000,400.000000,4.000000
Implicit Columns [application/query source],Implicit Columns,application/query source,reportportal/commons-dao,67,35,14,20.895522,52.238806,2.500000
Implicit Columns [application/query source],Implicit Columns,application/query source,revensif/Tinkoff_Course2024,8,10,5,62.500000,125.000000,2.000000
Implicit Columns [application/query source],Implicit Columns,application/query source,rockmanck/lifebook,10,6,3,30.000000,60.000000,2.000000
Implicit Columns [application/query source],Implicit Columns,application/query source,rodano/rodano,72,129,21,29.166667,179.166667,6.142857
Implicit Columns [application/query source],Implicit Columns,application/query source,rogoo/java-raiz,2,1,1,50.000000,50.000000,1.000000
Implicit Columns [application/query source],Implicit Columns,application/query source,romchellis/transactions,2,1,1,50.000000,50.000000,1.000000
Implicit Columns [application/query source],Implicit Columns,application/query source,rzenkov/perfplayground,7,0,0,0.000000,0.000000,
Implicit Columns [application/query source],Implicit Columns,application/query source,s3nkyh/Library,4,2,1,25.000000,50.000000,2.000000
Implicit Columns [application/query source],Implicit Columns,application/query source,saksonikEgor/java-course-2023-backend-template-master,6,7,2,33.333333,116.666667,3.500000
Implicit Columns [application/query source],Implicit Columns,application/query source,saltybots/secretsalty-backend-j,3,7,3,100.000000,233.333333,2.333333
Implicit Columns [application/query source],Implicit Columns,application/query source,sayseakleng/template,10,1,1,10.000000,10.000000,1.000000
Implicit Columns [application/query source],Implicit Columns,application/query source,sdumancic/quarkus-template,2,0,0,0.000000,0.000000,
Implicit Columns [application/query source],Implicit Columns,application/query source,sebastian-raubach/frickl-web-server,31,38,15,48.387097,122.580645,2.533333
Implicit Columns [application/query source],Implicit Columns,application/query source,self-xdsd/self-storage,24,36,18,75.000000,150.000000,2.000000
Implicit Columns [application/query source],Implicit Columns,application/query source,serdeliverance/turro-lingo-api,3,7,3,100.000000,233.333333,2.333333
Implicit Columns [application/query source],Implicit Columns,application/query source,serje3/BotDiscordBackend,10,9,6,60.000000,90.000000,1.500000
Implicit Columns [application/query source],Implicit Columns,application/query source,sfk25/annually_report,9,20,7,77.777778,222.222222,2.857143
Implicit Columns [application/query source],Implicit Columns,application/query source,sge93/jooq-testcontainers-demo,2,1,1,50.000000,50.000000,1.000000
Implicit Columns [application/query source],Implicit Columns,application/query source,shengquan-ni/reshape-on-amber,31,2,2,6.451613,6.451613,1.000000
Implicit Columns [application/query source],Implicit Columns,application/query source,shev-81/jooqtest,3,3,1,33.333333,100.000000,3.000000
Implicit Columns [application/query source],Implicit Columns,application/query source,shileishmily/spring-boot-jooq-demo,6,3,1,16.666667,50.000000,3.000000
Implicit Columns [application/query source],Implicit Columns,application/query source,shilohooo/learn-jooq,20,24,9,45.000000,120.000000,2.666667
Implicit Columns [application/query source],Implicit Columns,application/query source,sify21/testjooq,1,0,0,0.000000,0.000000,
Implicit Columns [application/query source],Implicit Columns,application/query source,sikt-no/graphitron,160,0,0,0.000000,0.000000,
Implicit Columns [application/query source],Implicit Columns,application/query source,sim1984/fbjavaex,10,2,2,20.000000,20.000000,1.000000
Implicit Columns [application/query source],Implicit Columns,application/query source,sjucker/mvu-platform,17,16,10,58.823529,94.117647,1.600000
Implicit Columns [application/query source],Implicit Columns,application/query source,sjucker/referee-coach-probasket,12,10,8,66.666667,83.333333,1.250000
Implicit Columns [application/query source],Implicit Columns,application/query source,sjucker/zkmf2024-server,44,59,19,43.181818,134.090909,3.105263
Implicit Columns [application/query source],Implicit Columns,application/query source,skapral/poetryclub,29,1,1,3.448276,3.448276,1.000000
Implicit Columns [application/query source],Implicit Columns,application/query source,skyleedevzero86/Spring_lee_Module,8,2,1,12.500000,25.000000,2.000000
Implicit Columns [application/query source],Implicit Columns,application/query source,smartywebdev0119/springsecurity-top,4,1,1,25.000000,25.000000,1.000000
Implicit Columns [application/query source],Implicit Columns,application/query source,smix22/kitaplan,1,4,1,100.000000,400.000000,4.000000
Implicit Columns [application/query source],Implicit Columns,application/query source,smockoro/spring-boot-java-jooq,1,1,1,100.000000,100.000000,1.000000
Implicit Columns [application/query source],Implicit Columns,application/query source,snhr-1019/task-app-example,3,4,3,100.000000,133.333333,1.333333
Implicit Columns [application/query source],Implicit Columns,application/query source,sogeking7/booking-hotel-app,52,35,13,25.000000,67.307692,2.692308
Implicit Columns [application/query source],Implicit Columns,application/query source,sogeking7/hacknu-25-zaman-bank-ai-app,27,19,7,25.925926,70.370370,2.714286
Implicit Columns [application/query source],Implicit Columns,application/query source,sokolovskayaa/tinkoff-project,8,8,3,37.500000,100.000000,2.666667
Implicit Columns [application/query source],Implicit Columns,application/query source,sooogle/micronaut-petclinic,17,0,0,0.000000,0.000000,
Implicit Columns [application/query source],Implicit Columns,application/query source,spacedragon/dgit,6,3,1,16.666667,50.000000,3.000000
Implicit Columns [application/query source],Implicit Columns,application/query source,spectuu/equipo-4-ings-202520,22,18,7,31.818182,81.818182,2.571429
Implicit Columns [application/query source],Implicit Columns,application/query source,ssydx/django_wesite,3,1,1,33.333333,33.333333,1.000000
Implicit Columns [application/query source],Implicit Columns,application/query source,streamarr/streamarr-server,3,2,1,33.333333,66.666667,2.000000
Implicit Columns [application/query source],Implicit Columns,application/query source,stukenvitalii/TinkoffBot,4,4,2,50.000000,100.000000,2.000000
Implicit Columns [application/query source],Implicit Columns,application/query source,sun-fintrack/fintrack-back,7,0,0,0.000000,0.000000,
Implicit Columns [application/query source],Implicit Columns,application/query source,svp8/java-course-2024,11,18,6,54.545455,163.636364,3.000000
Implicit Columns [application/query source],Implicit Columns,application/query source,sweatboys/open-discogs-api,8,1,1,12.500000,12.500000,1.000000
Implicit Columns [application/query source],Implicit Columns,application/query source,sylvan-tang/auro,3,0,0,0.000000,0.000000,
Implicit Columns [application/query source],Implicit Columns,application/query source,synonymdev/vss-server,3,1,1,33.333333,33.333333,1.000000
Implicit Columns [application/query source],Implicit Columns,application/query source,t3hw/mhn,2,2,1,50.000000,100.000000,2.000000
Implicit Columns [application/query source],Implicit Columns,application/query source,tanjezh/spring-demos,11,25,5,45.454545,227.272727,5.000000
Implicit Columns [application/query source],Implicit Columns,application/query source,tapis-project/tapis-apps,5,0,0,0.000000,0.000000,
Implicit Columns [application/query source],Implicit Columns,application/query source,tapis-project/tapis-files,4,6,1,25.000000,150.000000,6.000000
Implicit Columns [application/query source],Implicit Columns,application/query source,tapis-project/tapis-notifications,3,11,1,33.333333,366.666667,11.000000
Implicit Columns [application/query source],Implicit Columns,application/query source,tapis-project/tapis-systems,4,9,1,25.000000,225.000000,9.000000
Implicit Columns [application/query source],Implicit Columns,application/query source,tariqkb/justweighit,23,2,2,8.695652,8.695652,1.000000
Implicit Columns [application/query source],Implicit Columns,application/query source,teragrep/pth_06,55,1,1,1.818182,1.818182,1.000000
Implicit Columns [application/query source],Implicit Columns,application/query source,the-programmers-hangout/Mimic,10,9,3,30.000000,90.000000,3.000000
Implicit Columns [application/query source],Implicit Columns,application/query source,therepanic/hr-masters-service,3,6,3,100.000000,200.000000,2.000000
Implicit Columns [application/query source],Implicit Columns,application/query source,therepanic/lapayment-crypto-pay-system,6,8,4,66.666667,133.333333,2.000000
Implicit Columns [application/query source],Implicit Columns,application/query source,therepanic/lapayment-crypto-payment-system-microservices,14,7,6,42.857143,50.000000,1.166667
Implicit Columns [application/query source],Implicit Columns,application/query source,therepanic/trustwin-casino-project,22,11,9,40.909091,50.000000,1.222222
Implicit Columns [application/query source],Implicit Columns,application/query source,theronielanddaronpodcastshow/svja,20,4,3,15.000000,20.000000,1.333333
Implicit Columns [application/query source],Implicit Columns,application/query source,thomascherickal/hedera-stable-coin,23,0,0,0.000000,0.000000,
Implicit Columns [application/query source],Implicit Columns,application/query source,tmtsoftware/aps-procedure-read-benchmarking,2,1,1,50.000000,50.000000,1.000000
Implicit Columns [application/query source],Implicit Columns,application/query source,toannv6895/searchable,7,1,1,14.285714,14.285714,1.000000
Implicit Columns [application/query source],Implicit Columns,application/query source,truonghq99/adam-project,2,1,1,50.000000,50.000000,1.000000
Implicit Columns [application/query source],Implicit Columns,application/query source,tsemkaloalena-mirea/vk_education,21,9,6,28.571429,42.857143,1.500000
Implicit Columns [application/query source],Implicit Columns,application/query source,tsoyolv/transfer-money,4,0,0,0.000000,0.000000,
Implicit Columns [application/query source],Implicit Columns,application/query source,tw-bc-group/tw-wallet-backend,17,6,4,23.529412,35.294118,1.500000
Implicit Columns [application/query source],Implicit Columns,application/query source,tyomamatrosov/MatrosovAS,2,2,1,50.000000,100.000000,2.000000
Implicit Columns [application/query source],Implicit Columns,application/query source,uianz/webflux-jooq-r2dbc-starter,1,0,0,0.000000,0.000000,
Implicit Columns [application/query source],Implicit Columns,application/query source,ultrapotato69/genealogy-back,5,3,2,40.000000,60.000000,1.500000
Implicit Columns [application/query source],Implicit Columns,application/query source,unlessiamwrong/Tinkoff-Java-course-2,9,11,4,44.444444,122.222222,2.750000
Implicit Columns [application/query source],Implicit Columns,application/query source,uptosmth/chronos,11,0,0,0.000000,0.000000,
Implicit Columns [application/query source],Implicit Columns,application/query source,utfunderscore/buildformat,3,2,1,33.333333,66.666667,2.000000
Implicit Columns [application/query source],Implicit Columns,application/query source,uvuv-643/Service_Oriented_Architecture,6,0,0,0.000000,0.000000,
Implicit Columns [application/query source],Implicit Columns,application/query source,vbandurin7/update-listener-bot,6,5,3,50.000000,83.333333,1.666667
Implicit Columns [application/query source],Implicit Columns,application/query source,vendelieu/spring-template,0,0,0,,,
Implicit Columns [application/query source],Implicit Columns,application/query source,vinniec4/fantasy-football,4,5,2,50.000000,125.000000,2.500000
Implicit Columns [application/query source],Implicit Columns,application/query source,vkuzel/Quantum-Leap,56,5,5,8.928571,8.928571,1.000000
Implicit Columns [application/query source],Implicit Columns,application/query source,vladislav77777/java-backend-course,6,9,2,33.333333,150.000000,4.500000
Implicit Columns [application/query source],Implicit Columns,application/query source,voidframework/voidframework,7,4,2,28.571429,57.142857,2.000000
Implicit Columns [application/query source],Implicit Columns,application/query source,volvas/courses,5,3,3,60.000000,60.000000,1.000000
Implicit Columns [application/query source],Implicit Columns,application/query source,vran-dev/databasir,142,61,25,17.605634,42.957746,2.440000
Implicit Columns [application/query source],Implicit Columns,application/query source,warhog/fpvlaptracker,7,19,5,71.428571,271.428571,3.800000
Implicit Columns [application/query source],Implicit Columns,application/query source,waydxd/COMP3111-Project,8,17,5,62.500000,212.500000,3.400000
Implicit Columns [application/query source],Implicit Columns,application/query source,wbprime/java-mods,11,4,3,27.272727,36.363636,1.333333
Implicit Columns [application/query source],Implicit Columns,application/query source,web3brothers/aleo-network-info,2,0,0,0.000000,0.000000,
Implicit Columns [application/query source],Implicit Columns,application/query source,whizvox/wsite,6,12,3,50.000000,200.000000,4.000000
Implicit Columns [application/query source],Implicit Columns,application/query source,whxu215/jooq-springboot-example-junit,8,2,1,12.500000,25.000000,2.000000
Implicit Columns [application/query source],Implicit Columns,application/query source,wuda0112/foundation,18,28,9,50.000000,155.555556,3.111111
Implicit Columns [application/query source],Implicit Columns,application/query source,wuhunyu/jooq-transaction,3,1,1,33.333333,33.333333,1.000000
Implicit Columns [application/query source],Implicit Columns,application/query source,wujihulian/filesbox,59,16,6,10.169492,27.118644,2.666667
Implicit Columns [application/query source],Implicit Columns,application/query source,xGodness/service-oriented-architecture,9,3,2,22.222222,33.333333,1.500000
Implicit Columns [application/query source],Implicit Columns,application/query source,xJade00/TavernMaid,10,7,6,60.000000,70.000000,1.166667
Implicit Columns [application/query source],Implicit Columns,application/query source,xdnw/Diplocutus,30,41,7,23.333333,136.666667,5.857143
Implicit Columns [application/query source],Implicit Columns,application/query source,xdnw/locutus,47,94,15,31.914894,200.000000,6.266667
Implicit Columns [application/query source],Implicit Columns,application/query source,xinxiamu/mu-spring-boot-sample,17,4,3,17.647059,23.529412,1.333333
Implicit Columns [application/query source],Implicit Columns,application/query source,xnelo/filearch,8,2,1,12.500000,25.000000,2.000000
Implicit Columns [application/query source],Implicit Columns,application/query source,yangjinguang/i-share-server,50,40,11,22.000000,80.000000,3.636364
Implicit Columns [application/query source],Implicit Columns,application/query source,yaowei-u/kafka,4,0,0,0.000000,0.000000,
Implicit Columns [application/query source],Implicit Columns,application/query source,ydb-platform/ydb-java-dialects,185,25,6,3.243243,13.513514,4.166667
Implicit Columns [application/query source],Implicit Columns,application/query source,ydeng11/Minance,19,11,4,21.052632,57.894737,2.750000
Implicit Columns [application/query source],Implicit Columns,application/query source,yichunzhao/jooq-dao,2,1,1,50.000000,50.000000,1.000000
Implicit Columns [application/query source],Implicit Columns,application/query source,yihaozhong/BuyUp,5,6,4,80.000000,120.000000,1.500000
Implicit Columns [application/query source],Implicit Columns,application/query source,yilmazorhan/smallapps.tips,4,0,0,0.000000,0.000000,
Implicit Columns [application/query source],Implicit Columns,application/query source,yiminyangguang520/Java-Learning,24,1,1,4.166667,4.166667,1.000000
Implicit Columns [application/query source],Implicit Columns,application/query source,young0264/jungsuri,12,14,7,58.333333,116.666667,2.000000
Implicit Columns [application/query source],Implicit Columns,application/query source,youngzil/quickstart-database,6,1,1,16.666667,16.666667,1.000000
Implicit Columns [application/query source],Implicit Columns,application/query source,yuizho/spring-sandbox,1,0,0,0.000000,0.000000,
Implicit Columns [application/query source],Implicit Columns,application/query source,yuzhongyousida/zipkin,39,0,0,0.000000,0.000000,
Implicit Columns [application/query source],Implicit Columns,application/query source,zangzang/java-test,16,4,3,18.750000,25.000000,1.333333
Implicit Columns [application/query source],Implicit Columns,application/query source,zero-ws/zero-ecotope,457,286,138,30.196937,62.582057,2.072464
Implicit Columns [application/query source],Implicit Columns,application/query source,zhengqingya/java-workspace,10,0,0,0.000000,0.000000,
Implicit Columns [application/query source],Implicit Columns,application/query source,zhengzizhe/agent_demo,35,30,6,17.142857,85.714286,5.000000
Implicit Columns [application/query source],Implicit Columns,application/query source,zhouzhaodong/springboot,4,1,1,25.000000,25.000000,1.000000
Implicit Columns [application/query source],Implicit Columns,application/query source,zhuyb0614/graph-batis,10,0,0,0.000000,0.000000,
Implicit Columns [application/query source],Implicit Columns,application/query source,zigzag191/java-backend-course-2024,6,4,1,16.666667,66.666667,4.000000
Implicit Columns [application/query source],Implicit Columns,application/query source,zjxkenshine/codedemo,23,1,1,4.347826,4.347826,1.000000
Implicit Columns [application/query source],Implicit Columns,application/query source,zodac-personal/folding-stats,6,14,1,16.666667,233.333333,14.000000
ID Required [generated schema],ID Required,generated schema,4el1k/Spring-Api-Hibernate-JOOQ,6,5,5,83.333333,83.333333,1.000000
ID Required [generated schema],ID Required,generated schema,66xc1/lazy-punch,4,3,3,75.000000,75.000000,1.000000
ID Required [generated schema],ID Required,generated schema,ABCLV/ABLV_IngSW,15,5,5,33.333333,33.333333,1.000000
ID Required [generated schema],ID Required,generated schema,APSfurizon/fz-backend,19,6,6,31.578947,31.578947,1.000000
ID Required [generated schema],ID Required,generated schema,AWS-Cloud-Community-LPU/mailing-service,1,1,1,100.000000,100.000000,1.000000
ID Required [generated schema],ID Required,generated schema,AffectedArc07/ParaUtil,3,0,0,0.000000,0.000000,
ID Required [generated schema],ID Required,generated schema,AisleiAvila/empresa,8,7,7,87.500000,87.500000,1.000000
ID Required [generated schema],ID Required,generated schema,AkaLrz/E-commercial-Platfrom,5,1,1,20.000000,20.000000,1.000000
ID Required [generated schema],ID Required,generated schema,AlexSpeal/Tracking-Bot,3,1,1,33.333333,33.333333,1.000000
ID Required [generated schema],ID Required,generated schema,Alexandr-Kokorin/JavaCourse2024,3,2,2,66.666667,66.666667,1.000000
ID Required [generated schema],ID Required,generated schema,AlexzTj/p2p,2,0,0,0.000000,0.000000,
ID Required [generated schema],ID Required,generated schema,AlphaFoxz/oneboot,3,3,3,100.000000,100.000000,1.000000
ID Required [generated schema],ID Required,generated schema,AnastasiaPleshkova/tnkf-tracker,3,2,2,66.666667,66.666667,1.000000
ID Required [generated schema],ID Required,generated schema,AndrewSalygin/LinkTracker-Tinkoff,3,1,1,33.333333,33.333333,1.000000
ID Required [generated schema],ID Required,generated schema,Andrey582/NotificationBot,3,1,1,33.333333,33.333333,1.000000
ID Required [generated schema],ID Required,generated schema,Ani512/online-tutoring-app-backend,5,3,2,40.000000,60.000000,1.500000
ID Required [generated schema],ID Required,generated schema,AntonioRusan/LinkTracker,5,2,2,40.000000,40.000000,1.000000
ID Required [generated schema],ID Required,generated schema,Apress/beginning-jooq,24,3,3,12.500000,12.500000,1.000000
ID Required [generated schema],ID Required,generated schema,Apress/pro-spring-6,8,4,4,50.000000,50.000000,1.000000
ID Required [generated schema],ID Required,generated schema,AprilHan1992/fleet-spring-boot,33,21,21,63.636364,63.636364,1.000000
ID Required [generated schema],ID Required,generated schema,ArcaHozota/nasb1995edv3,10,8,8,80.000000,80.000000,1.000000
ID Required [generated schema],ID Required,generated schema,Arden30/TinkoffJavaBackendSpring23-24,4,2,2,50.000000,50.000000,1.000000
ID Required [generated schema],ID Required,generated schema,AtroposBot/Atropos,10,10,10,100.000000,100.000000,1.000000
ID Required [generated schema],ID Required,generated schema,Atsushi68/trunk,18,2,2,11.111111,11.111111,1.000000
ID Required [generated schema],ID Required,generated schema,Ayazkins/Java-Tinkoff-sem-2,3,3,3,100.000000,100.000000,1.000000
ID Required [generated schema],ID Required,generated schema,BRP-API/brp-api-gezag,5,0,0,0.000000,0.000000,
ID Required [generated schema],ID Required,generated schema,BenMAPCE/BenCloudServer,181,41,41,22.651934,22.651934,1.000000
ID Required [generated schema],ID Required,generated schema,BinaryIgor/tools-and-templates,7,3,3,42.857143,42.857143,1.000000
ID Required [generated schema],ID Required,generated schema,Blackdread/rest-filter,2,2,2,100.000000,100.000000,1.000000
ID Required [generated schema],ID Required,generated schema,BlakieSL/SpringJOOQ_DAO,5,4,4,80.000000,80.000000,1.000000
ID Required [generated schema],ID Required,generated schema,BluBluBlaBla/vidsummize,1,1,1,100.000000,100.000000,1.000000
ID Required [generated schema],ID Required,generated schema,BogBond2000/Itmo_labs,2,2,2,100.000000,100.000000,1.000000
ID Required [generated schema],ID Required,generated schema,BorisovAlexspb/Update_tracker_bot,4,3,3,75.000000,75.000000,1.000000
ID Required [generated schema],ID Required,generated schema,Bruh3509/updates-tracker,3,0,0,0.000000,0.000000,
ID Required [generated schema],ID Required,generated schema,BuchnevDmitry/LinkTracker,3,2,2,66.666667,66.666667,1.000000
ID Required [generated schema],ID Required,generated schema,BudgetingWebsite/Backend,4,0,0,0.000000,0.000000,
ID Required [generated schema],ID Required,generated schema,CaXaPCMeDoM/tinkoff-java-course-2024-backend,3,1,1,33.333333,33.333333,1.000000
ID Required [generated schema],ID Required,generated schema,CaptainCluster/data_intensive_assignment_3,5,5,5,100.000000,100.000000,1.000000
ID Required [generated schema],ID Required,generated schema,CatOrLeader/Tinkoff_Link_Tracker,3,2,2,66.666667,66.666667,1.000000
ID Required [generated schema],ID Required,generated schema,ChatCode9/ChatCode-backend,31,24,24,77.419355,77.419355,1.000000
ID Required [generated schema],ID Required,generated schema,Claydelas/dashboard-fx,5,0,0,0.000000,0.000000,
ID Required [generated schema],ID Required,generated schema,D-Muscipula/tinkoff-java-backend-link-tracker-project,3,2,2,66.666667,66.666667,1.000000
ID Required [generated schema],ID Required,generated schema,DanieleGotti/MED,11,2,2,18.181818,18.181818,1.000000
ID Required [generated schema],ID Required,generated schema,Daniil-Vl/link-tracker,3,1,1,33.333333,33.333333,1.000000
ID Required [generated schema],ID Required,generated schema,Daniil4639/Tinkoff_Repository_2,3,1,1,33.333333,33.333333,1.000000
ID Required [generated schema],ID Required,generated schema,DanjiTalk/danji-talk-backend,3,3,3,100.000000,100.000000,1.000000
ID Required [generated schema],ID Required,generated schema,Dankoy/jforwarder,1,1,1,100.000000,100.000000,1.000000
ID Required [generated schema],ID Required,generated schema,DarplexDev/darplex-java,4,2,2,50.000000,50.000000,1.000000
ID Required [generated schema],ID Required,generated schema,DavidJi80/springboot,1,1,1,100.000000,100.000000,1.000000
ID Required [generated schema],ID Required,generated schema,DiSSCo/dissco-core-annotation-processing-service,4,2,2,50.000000,50.000000,1.000000
ID Required [generated schema],ID Required,generated schema,DiSSCo/dissco-core-backend,6,5,5,83.333333,83.333333,1.000000
ID Required [generated schema],ID Required,generated schema,DiSSCo/dissco-core-digital-specimen-processor,2,2,2,100.000000,100.000000,1.000000
ID Required [generated schema],ID Required,generated schema,DiSSCo/dissco-core-translator,3,2,2,66.666667,66.666667,1.000000
ID Required [generated schema],ID Required,generated schema,DiSSCo/dissco-data-exporter-backend,2,2,2,100.000000,100.000000,1.000000
ID Required [generated schema],ID Required,generated schema,DiamondArt/Java-jooq,6,4,4,66.666667,66.666667,1.000000
ID Required [generated schema],ID Required,generated schema,DmitriyKosolobov/java-course-2024-backend,3,3,3,100.000000,100.000000,1.000000
ID Required [generated schema],ID Required,generated schema,DrBrother/notification-system,3,2,2,66.666667,66.666667,1.000000
ID Required [generated schema],ID Required,generated schema,DragomiroiuStefan/rideshare,8,0,0,0.000000,0.000000,
ID Required [generated schema],ID Required,generated schema,Drewbie18/spring-rest,7,1,1,14.285714,14.285714,1.000000
ID Required [generated schema],ID Required,generated schema,E1psycongr00/STUDY_REFERENCE,1,1,1,100.000000,100.000000,1.000000
ID Required [generated schema],ID Required,generated schema,E1psycongr00/study_jooq_codegen_with_flyway_jpa,1,1,1,100.000000,100.000000,1.000000
ID Required [generated schema],ID Required,generated schema,EHRoute/EHR-Route,3,2,2,66.666667,66.666667,1.000000
ID Required [generated schema],ID Required,generated schema,Efler/microservice-data-bus,3,3,3,100.000000,100.000000,1.000000
ID Required [generated schema],ID Required,generated schema,Efler/telegram-scrapper-bot,4,3,3,75.000000,75.000000,1.000000
ID Required [generated schema],ID Required,generated schema,Eliorika/tinkoff-java-backend,3,2,2,66.666667,66.666667,1.000000
ID Required [generated schema],ID Required,generated schema,Emented/webLab3,1,1,1,100.000000,100.000000,1.000000
ID Required [generated schema],ID Required,generated schema,EngineDevOps2/programming-todolist-fullstack,1,1,1,100.000000,100.000000,1.000000
ID Required [generated schema],ID Required,generated schema,EuphoriaV/UpdateMonitoringBot,3,1,1,33.333333,33.333333,1.000000
ID Required [generated schema],ID Required,generated schema,FOKO-KENMOGNE-Wilfried/siggeac_prototype,14,0,0,0.000000,0.000000,
ID Required [generated schema],ID Required,generated schema,FeKom/lab-ecommerce,1,1,1,100.000000,100.000000,1.000000
ID Required [generated schema],ID Required,generated schema,FeldmannJR/constellation-common,1,1,1,100.000000,100.000000,1.000000
ID Required [generated schema],ID Required,generated schema,FeldmannJR/redstonegang,36,29,29,80.555556,80.555556,1.000000
ID Required [generated schema],ID Required,generated schema,Fics3/tink_java_backend_course_spring,5,2,2,40.000000,40.000000,1.000000
ID Required [generated schema],ID Required,generated schema,FilippoBolis/MED_Progetto_Ing_Software_23_24,9,1,1,11.111111,11.111111,1.000000
ID Required [generated schema],ID Required,generated schema,FrankChen021/bithon,19,0,0,0.000000,0.000000,
ID Required [generated schema],ID Required,generated schema,FrankChen021/bithon-demo,1,1,1,100.000000,100.000000,1.000000
ID Required [generated schema],ID Required,generated schema,GAIM-Tech-OM/killbill-ompay-plugin,2,0,0,0.000000,0.000000,
ID Required [generated schema],ID Required,generated schema,Gabriele-Mazzoleni/SmarTrip,3,0,0,0.000000,0.000000,
ID Required [generated schema],ID Required,generated schema,Garrettc96/cacophony,11,7,7,63.636364,63.636364,1.000000
ID Required [generated schema],ID Required,generated schema,Geomatys/examind-community,50,22,22,44.000000,44.000000,1.000000
ID Required [generated schema],ID Required,generated schema,GeorgyDemidenkov/DemidenkovGD_Y-234_2kurs2sem,3,2,2,66.666667,66.666667,1.000000
ID Required [generated schema],ID Required,generated schema,Grigalgol/vk_education_hm6,4,2,2,50.000000,50.000000,1.000000
ID Required [generated schema],ID Required,generated schema,GyrosOfWar/imagehive,4,3,3,75.000000,75.000000,1.000000
ID Required [generated schema],ID Required,generated schema,HSLdevcom/jore4-jore3-importer,80,1,1,1.250000,1.250000,1.000000
ID Required [generated schema],ID Required,generated schema,Hamednallah/Basariat-POS,28,4,4,14.285714,14.285714,1.000000
ID Required [generated schema],ID Required,generated schema,Hamednallah/Market-POS,0,0,0,,,
ID Required [generated schema],ID Required,generated schema,Hellblazer/quantum-db,10,4,4,40.000000,40.000000,1.000000
ID Required [generated schema],ID Required,generated schema,Hixon10/spring-boot-security,1,1,1,100.000000,100.000000,1.000000
ID Required [generated schema],ID Required,generated schema,HoZanDung/ho-workflow,44,17,17,38.636364,38.636364,1.000000
ID Required [generated schema],ID Required,generated schema,Hogeyama/try-java,4,2,2,50.000000,50.000000,1.000000
ID Required [generated schema],ID Required,generated schema,IAGrig/link-updates-notifier,3,1,1,33.333333,33.333333,1.000000
ID Required [generated schema],ID Required,generated schema,IlyaAbramovv/UpdatesAnnouncer,3,1,1,33.333333,33.333333,1.000000
ID Required [generated schema],ID Required,generated schema,IvanShabunin379/java-course-2024,3,1,1,33.333333,33.333333,1.000000
ID Required [generated schema],ID Required,generated schema,JGMelon22/ListDemoJava,1,1,1,100.000000,100.000000,1.000000
ID Required [generated schema],ID Required,generated schema,JacobLewandowskiDev/GwentMMO-Backend,1,1,1,100.000000,100.000000,1.000000
ID Required [generated schema],ID Required,generated schema,JakeMathews/recommendation-engine,2,0,0,0.000000,0.000000,
ID Required [generated schema],ID Required,generated schema,JixinZhang19/Online-Shopping-System-for-Black-Friday,8,1,1,12.500000,12.500000,1.000000
ID Required [generated schema],ID Required,generated schema,JohannesRabauer/hibernate-vs-jooq,5,0,0,0.000000,0.000000,
ID Required [generated schema],ID Required,generated schema,Jominjong/mjjo-test-project,5,1,1,20.000000,20.000000,1.000000
ID Required [generated schema],ID Required,generated schema,KEN3pei/oauth-hands-on,6,2,2,33.333333,33.333333,1.000000
ID Required [generated schema],ID Required,generated schema,KGjertsson/macro-hub,44,44,44,100.000000,100.000000,1.000000
ID Required [generated schema],ID Required,generated schema,Karthik1226/onedata_patient,7,7,7,100.000000,100.000000,1.000000
ID Required [generated schema],ID Required,generated schema,Kazuuma-19/nippogen,5,5,5,100.000000,100.000000,1.000000
ID Required [generated schema],ID Required,generated schema,Kirill06344/TinkoffWebApplication,3,1,1,33.333333,33.333333,1.000000
ID Required [generated schema],ID Required,generated schema,KirillSakira/link-tracker,3,2,2,66.666667,66.666667,1.000000
ID Required [generated schema],ID Required,generated schema,KittyBot-Org/KittyBot,19,18,18,94.736842,94.736842,1.000000
ID Required [generated schema],ID Required,generated schema,Knicksaas/gourmet-gate,13,2,2,15.384615,15.384615,1.000000
ID Required [generated schema],ID Required,generated schema,KyleGuanDP/Assignment4,2,2,2,100.000000,100.000000,1.000000
ID Required [generated schema],ID Required,generated schema,LARCH1K/LinkTracker-Bot,3,3,3,100.000000,100.000000,1.000000
ID Required [generated schema],ID Required,generated schema,LalisaST/java_course_2,4,2,2,50.000000,50.000000,1.000000
ID Required [generated schema],ID Required,generated schema,LeHa2505/OnThiService,14,2,2,14.285714,14.285714,1.000000
ID Required [generated schema],ID Required,generated schema,LiangChenDLJ/VIPManager,3,2,2,66.666667,66.666667,1.000000
ID Required [generated schema],ID Required,generated schema,LianjiaTech/bella-assistants,11,6,6,54.545455,54.545455,1.000000
ID Required [generated schema],ID Required,generated schema,LianjiaTech/bella-knowledge,15,15,15,100.000000,100.000000,1.000000
ID Required [generated schema],ID Required,generated schema,LianjiaTech/bella-openapi,17,17,17,100.000000,100.000000,1.000000
ID Required [generated schema],ID Required,generated schema,LianjiaTech/bella-workflow,19,19,19,100.000000,100.000000,1.000000
ID Required [generated schema],ID Required,generated schema,Link-Profit-System/java_mvvm,7,7,7,100.000000,100.000000,1.000000
ID Required [generated schema],ID Required,generated schema,LintaoAmons/java-jooq-runable-code,4,1,1,25.000000,25.000000,1.000000
ID Required [generated schema],ID Required,generated schema,LogDS/SimulatorOrchestrator,46,0,0,0.000000,0.000000,
ID Required [generated schema],ID Required,generated schema,LucidMinded/java-course-2023-backend,3,1,1,33.333333,33.333333,1.000000
ID Required [generated schema],ID Required,generated schema,M1nsong-Kim/practice-jooq,7,6,6,85.714286,85.714286,1.000000
ID Required [generated schema],ID Required,generated schema,MAK-Cpp/backend-java-s2,3,1,1,33.333333,33.333333,1.000000
ID Required [generated schema],ID Required,generated schema,MIZINCHIK/java-course-2023-backend,3,1,1,33.333333,33.333333,1.000000
ID Required [generated schema],ID Required,generated schema,Macbeth-Klm/Tinkoff-java-course-2024,3,2,2,66.666667,66.666667,1.000000
ID Required [generated schema],ID Required,generated schema,Maczi01/sockets,2,2,2,100.000000,100.000000,1.000000
ID Required [generated schema],ID Required,generated schema,MahjongRepository/YagiMotel,1,1,1,100.000000,100.000000,1.000000
ID Required [generated schema],ID Required,generated schema,Malest-GmbH-Co-KG/Prog_3_Projektarbeit,4,0,0,0.000000,0.000000,
ID Required [generated schema],ID Required,generated schema,MarinaBiryukova/tinkoff-java,3,3,3,100.000000,100.000000,1.000000
ID Required [generated schema],ID Required,generated schema,MaroderKo/parts_shop,3,2,2,66.666667,66.666667,1.000000
ID Required [generated schema],ID Required,generated schema,Mateuzz/music-website-spring,9,6,6,66.666667,66.666667,1.000000
ID Required [generated schema],ID Required,generated schema,MaxZhukoff/tinkoff-bot,3,2,2,66.666667,66.666667,1.000000
ID Required [generated schema],ID Required,generated schema,Missssha/Tinkofff-Back,4,4,4,100.000000,100.000000,1.000000
ID Required [generated schema],ID Required,generated schema,Molzonas/EkEep,7,5,5,71.428571,71.428571,1.000000
ID Required [generated schema],ID Required,generated schema,MyP99999/NewsAggregatorBackend,4,4,4,100.000000,100.000000,1.000000
ID Required [generated schema],ID Required,generated schema,Mykindos/BetterPvP,78,19,19,24.358974,24.358974,1.000000
ID Required [generated schema],ID Required,generated schema,NaspoDev/url-shortener,1,1,1,100.000000,100.000000,1.000000
ID Required [generated schema],ID Required,generated schema,NastyaLush/java-course-2024-backend,3,2,2,66.666667,66.666667,1.000000
ID Required [generated schema],ID Required,generated schema,Ne1loff/OnboardingPlatform,6,3,3,50.000000,50.000000,1.000000
ID Required [generated schema],ID Required,generated schema,Neonik-dev/Update-Tracker-Bot,3,2,2,66.666667,66.666667,1.000000
ID Required [generated schema],ID Required,generated schema,NevinTure/java-course-2024,5,3,3,60.000000,60.000000,1.000000
ID Required [generated schema],ID Required,generated schema,Nick-552/link-tracker,3,2,2,66.666667,66.666667,1.000000
ID Required [generated schema],ID Required,generated schema,NurtilekMamashakirov/Bot-Link-Tracker,3,2,2,66.666667,66.666667,1.000000
ID Required [generated schema],ID Required,generated schema,Nyrheim/PenAndPaper,7,2,2,28.571429,28.571429,1.000000
ID Required [generated schema],ID Required,generated schema,OAGi/Score,216,11,11,5.092593,5.092593,1.000000
ID Required [generated schema],ID Required,generated schema,Online-Tutoring-Application-Team-11/backend-rest-API-service,5,3,2,40.000000,60.000000,1.500000
ID Required [generated schema],ID Required,generated schema,Origin-Masters/Cantine-Planner,3,0,0,0.000000,0.000000,
ID Required [generated schema],ID Required,generated schema,Ovoshchko/BackendTinkoffJavaSpring,9,2,2,22.222222,22.222222,1.000000
ID Required [generated schema],ID Required,generated schema,PKNU-CERT-IS/BE,24,21,21,87.500000,87.500000,1.000000
ID Required [generated schema],ID Required,generated schema,Pa11ady/java-link-tracker,3,1,1,33.333333,33.333333,1.000000
ID Required [generated schema],ID Required,generated schema,Pacan4ik/tinkoff-course-spring2023,3,2,2,66.666667,66.666667,1.000000
ID Required [generated schema],ID Required,generated schema,ParadiseSS13/TaskDaemon,261,94,94,36.015326,36.015326,1.000000
ID Required [generated schema],ID Required,generated schema,PathmindAI/pathmind-webapp,17,9,9,52.941176,52.941176,1.000000
ID Required [generated schema],ID Required,generated schema,PonomarevAlexxander/telegram-notifier,3,2,2,66.666667,66.666667,1.000000
ID Required [generated schema],ID Required,generated schema,Programming-Org/Programming,5,2,2,40.000000,40.000000,1.000000
ID Required [generated schema],ID Required,generated schema,Prohkit/java-backend-course-2-link-tracker,5,2,2,40.000000,40.000000,1.000000
ID Required [generated schema],ID Required,generated schema,ProstaOlga/prostaBot,5,2,2,40.000000,40.000000,1.000000
ID Required [generated schema],ID Required,generated schema,Puru80/food-ordering-system,6,4,4,66.666667,66.666667,1.000000
ID Required [generated schema],ID Required,generated schema,QuantuM1o1/Tinkoff2024Homeworks,6,4,4,66.666667,66.666667,1.000000
ID Required [generated schema],ID Required,generated schema,Raha089/oops,3,2,2,66.666667,66.666667,1.000000
ID Required [generated schema],ID Required,generated schema,Reazzzz/oosp-zadanya,3,2,2,66.666667,66.666667,1.000000
ID Required [generated schema],ID Required,generated schema,Rohan-flutterint/texera,10,6,6,60.000000,60.000000,1.000000
ID Required [generated schema],ID Required,generated schema,RomanZozuliauniversity/Javacourework,4,4,4,100.000000,100.000000,1.000000
ID Required [generated schema],ID Required,generated schema,RuslanAndrianov/Backend-Java-Tinkoff-Spring-2024,3,1,1,33.333333,33.333333,1.000000
ID Required [generated schema],ID Required,generated schema,RuslanHkmoff/java-backend-course,3,3,3,100.000000,100.000000,1.000000
ID Required [generated schema],ID Required,generated schema,SOmegaS/financial-tracker,1,1,1,100.000000,100.000000,1.000000
ID Required [generated schema],ID Required,generated schema,Saiyan1/tl-challenge,1,1,1,100.000000,100.000000,1.000000
ID Required [generated schema],ID Required,generated schema,SavageSyrop/VK-courses,14,10,10,71.428571,71.428571,1.000000
ID Required [generated schema],ID Required,generated schema,ShaDi777/java-course-2024-backend,4,1,1,25.000000,25.000000,1.000000
ID Required [generated schema],ID Required,generated schema,ShakurDmitrii/inline,2,1,1,50.000000,50.000000,1.000000
ID Required [generated schema],ID Required,generated schema,SightStudio/blog-code,16,2,2,12.500000,12.500000,1.000000
ID Required [generated schema],ID Required,generated schema,SleepwalkerPasha/egorov_pa_project,2,2,2,100.000000,100.000000,1.000000
ID Required [generated schema],ID Required,generated schema,SlideHehe/java-backend-course-2,4,2,2,50.000000,50.000000,1.000000
ID Required [generated schema],ID Required,generated schema,SmallWorlds-Forever/sw-streaming,72,42,42,58.333333,58.333333,1.000000
ID Required [generated schema],ID Required,generated schema,SoylentBob/jooq-mock,4,2,2,50.000000,50.000000,1.000000
ID Required [generated schema],ID Required,generated schema,Space27/JavaBackendSpring,3,3,3,100.000000,100.000000,1.000000
ID Required [generated schema],ID Required,generated schema,Stasik371/LinkTrackingBot,2,1,1,50.000000,50.000000,1.000000
ID Required [generated schema],ID Required,generated schema,StubbornJava/StubbornJava,7,2,2,28.571429,28.571429,1.000000
ID Required [generated schema],ID Required,generated schema,Stumpwiz/mrradb,5,0,0,0.000000,0.000000,
ID Required [generated schema],ID Required,generated schema,Subtelny/DGCraft,6,3,3,50.000000,50.000000,1.000000
ID Required [generated schema],ID Required,generated schema,TaitoUnited/full-stack-template,1,1,1,100.000000,100.000000,1.000000
ID Required [generated schema],ID Required,generated schema,TerraByteDev/SkyFactionsReborn,13,3,3,23.076923,23.076923,1.000000
ID Required [generated schema],ID Required,generated schema,TheLQ/forum-scraper,8,1,1,12.500000,12.500000,1.000000
ID Required [generated schema],ID Required,generated schema,Thee5176/SpringBoot_CQRS_Command,5,4,4,80.000000,80.000000,1.000000
ID Required [generated schema],ID Required,generated schema,Thee5176/SpringBoot_CQRS_Query,5,4,4,80.000000,80.000000,1.000000
ID Required [generated schema],ID Required,generated schema,Thulasidharreddy/task-service,2,2,2,100.000000,100.000000,1.000000
ID Required [generated schema],ID Required,generated schema,Tiltuem/tinkoff-java-course-2024,6,3,3,50.000000,50.000000,1.000000
ID Required [generated schema],ID Required,generated schema,TivM/Tinkoff-Project,3,2,2,66.666667,66.666667,1.000000
ID Required [generated schema],ID Required,generated schema,Tosin-dotcom/notez-backend,4,4,4,100.000000,100.000000,1.000000
ID Required [generated schema],ID Required,generated schema,TovarischZhukov/jooq_example,2,2,2,100.000000,100.000000,1.000000
ID Required [generated schema],ID Required,generated schema,TranNgocKhoa/play-framework-java-jooq-example,6,4,4,66.666667,66.666667,1.000000
ID Required [generated schema],ID Required,generated schema,TunixR/HarmonyAPI,25,22,22,88.000000,88.000000,1.000000
ID Required [generated schema],ID Required,generated schema,UKEIAM/de.uke.iam.parkinson_on_fhir,10,1,1,10.000000,10.000000,1.000000
ID Required [generated schema],ID Required,generated schema,UniCodeProjects/AmusementParkDB,21,2,2,9.523810,9.523810,1.000000
ID Required [generated schema],ID Required,generated schema,Unite-Organisation/Unite,22,20,20,90.909091,90.909091,1.000000
ID Required [generated schema],ID Required,generated schema,VadymOselskyi/airlines-booking,4,4,4,100.000000,100.000000,1.000000
ID Required [generated schema],ID Required,generated schema,VictorGalkevich/LinkScrapper,5,3,3,60.000000,60.000000,1.000000
ID Required [generated schema],ID Required,generated schema,ViktoriaGub/Object-oriented-programming-systems,3,2,2,66.666667,66.666667,1.000000
ID Required [generated schema],ID Required,generated schema,VladimirMorozov/orm-playground,3,3,3,100.000000,100.000000,1.000000
ID Required [generated schema],ID Required,generated schema,VoroninEgor/TgBot-LinkTracker,3,2,2,66.666667,66.666667,1.000000
ID Required [generated schema],ID Required,generated schema,Wani4ka/tcs-edu-task,3,2,2,66.666667,66.666667,1.000000
ID Required [generated schema],ID Required,generated schema,WolfOfBad/TinkoffJavaCourse2024,3,2,2,66.666667,66.666667,1.000000
ID Required [generated schema],ID Required,generated schema,YaroslavChetskiy/tinkoff_course_backend_part,4,4,4,100.000000,100.000000,1.000000
ID Required [generated schema],ID Required,generated schema,Yer12/tastamat,4,0,0,0.000000,0.000000,
ID Required [generated schema],ID Required,generated schema,YuliaKrav/WebContentUpdateService,2,1,1,50.000000,50.000000,1.000000
ID Required [generated schema],ID Required,generated schema,Yuno-obsessed/jodrive,13,7,7,53.846154,53.846154,1.000000
ID Required [generated schema],ID Required,generated schema,ZanottiMatteo/BGTransports,10,4,4,40.000000,40.000000,1.000000
ID Required [generated schema],ID Required,generated schema,ZebdaYacine/demofx,14,15,14,100.000000,107.142857,1.071429
ID Required [generated schema],ID Required,generated schema,ZsgsDesign/openvsx,18,13,13,72.222222,72.222222,1.000000
ID Required [generated schema],ID Required,generated schema,ZwierzchowskiM/Client-Server,2,2,2,100.000000,100.000000,1.000000
ID Required [generated schema],ID Required,generated schema,aabarmin/telegram-bots,7,5,5,71.428571,71.428571,1.000000
ID Required [generated schema],ID Required,generated schema,aahlenst/jOOQ-mcve-json-quoting,7,5,5,71.428571,71.428571,1.000000
ID Required [generated schema],ID Required,generated schema,aceton41k/java-test-framework,5,5,5,100.000000,100.000000,1.000000
ID Required [generated schema],ID Required,generated schema,activej/activej,2,2,2,100.000000,100.000000,1.000000
ID Required [generated schema],ID Required,generated schema,aerius/emission-service,90,16,16,17.777778,17.777778,1.000000
ID Required [generated schema],ID Required,generated schema,agibalov/java-library-experiments,2,0,0,0.000000,0.000000,
ID Required [generated schema],ID Required,generated schema,akozitsin-hh/hh-jooq-intro,5,0,0,0.000000,0.000000,
ID Required [generated schema],ID Required,generated schema,aleckbb/tracking-bot,3,1,1,33.333333,33.333333,1.000000
ID Required [generated schema],ID Required,generated schema,aleksseii/TradingOperations,4,1,1,25.000000,25.000000,1.000000
ID Required [generated schema],ID Required,generated schema,alexxiuccia/TrackMe,7,0,0,0.000000,0.000000,
ID Required [generated schema],ID Required,generated schema,alipay/container-auto-tune,45,37,37,82.222222,82.222222,1.000000
ID Required [generated schema],ID Required,generated schema,alpa011235/sandbox,5,5,5,100.000000,100.000000,1.000000
ID Required [generated schema],ID Required,generated schema,altusea/wpg,2,0,0,0.000000,0.000000,
ID Required [generated schema],ID Required,generated schema,alvin-qh/study-java,5,5,5,100.000000,100.000000,1.000000
ID Required [generated schema],ID Required,generated schema,amalrajvinoth/jooq-optimistic-locking,1,0,0,0.000000,0.000000,
ID Required [generated schema],ID Required,generated schema,anpol84/java-course-2024,3,2,2,66.666667,66.666667,1.000000
ID Required [generated schema],ID Required,generated schema,anyamilichenko/soa,6,6,6,100.000000,100.000000,1.000000
ID Required [generated schema],ID Required,generated schema,aplygen/j13n-saas,6,6,6,100.000000,100.000000,1.000000
ID Required [generated schema],ID Required,generated schema,arhostcode/linktracker,3,1,1,33.333333,33.333333,1.000000
ID Required [generated schema],ID Required,generated schema,arijit98/RestaurentManagementService,4,1,1,25.000000,25.000000,1.000000
ID Required [generated schema],ID Required,generated schema,arnaudroger/SimpleFlatMapper,3,2,2,66.666667,66.666667,1.000000
ID Required [generated schema],ID Required,generated schema,artemius39/java-backend-2024,3,2,2,66.666667,66.666667,1.000000
ID Required [generated schema],ID Required,generated schema,articles-simbirsoft/JOOQ-use-in-testing,5,5,5,100.000000,100.000000,1.000000
ID Required [generated schema],ID Required,generated schema,artseroff/link-tracker,3,2,2,66.666667,66.666667,1.000000
ID Required [generated schema],ID Required,generated schema,atolcd/sdis-remocra,394,297,297,75.380711,75.380711,1.000000
ID Required [generated schema],ID Required,generated schema,atomfrede/javaland-2022-karate-workshop,1,1,1,100.000000,100.000000,1.000000
ID Required [generated schema],ID Required,generated schema,auliardana/Java-orm-jooq,1,1,1,100.000000,100.000000,1.000000
ID Required [generated schema],ID Required,generated schema,averbraeck/gamedata-common,38,38,38,100.000000,100.000000,1.000000
ID Required [generated schema],ID Required,generated schema,averbraeck/housinggame-common,31,31,31,100.000000,100.000000,1.000000
ID Required [generated schema],ID Required,generated schema,averbraeck/trustgame,20,20,20,100.000000,100.000000,1.000000
ID Required [generated schema],ID Required,generated schema,averbraeck/trustgame-register,20,20,20,100.000000,100.000000,1.000000
ID Required [generated schema],ID Required,generated schema,averbraeck/trustgame-scores,20,20,20,100.000000,100.000000,1.000000
ID Required [generated schema],ID Required,generated schema,aws-observability/aws-otel-playground,1,1,1,100.000000,100.000000,1.000000
ID Required [generated schema],ID Required,generated schema,aytdm/study,3,1,1,33.333333,33.333333,1.000000
ID Required [generated schema],ID Required,generated schema,badgerwithagun/async-all-the-way-down,2,1,1,50.000000,50.000000,1.000000
ID Required [generated schema],ID Required,generated schema,balazskrizsan/stackjudge_aws_java,1,1,1,100.000000,100.000000,1.000000
ID Required [generated schema],ID Required,generated schema,beargiles/youtube-dojo,1,0,0,0.000000,0.000000,
ID Required [generated schema],ID Required,generated schema,bennofs/wdumper,4,4,4,100.000000,100.000000,1.000000
ID Required [generated schema],ID Required,generated schema,bharat-chaudhari-0302/spring-jooq-gradle-plugin,1,1,1,100.000000,100.000000,1.000000
ID Required [generated schema],ID Required,generated schema,bifidok/TinkoffBackend,5,3,3,60.000000,60.000000,1.000000
ID Required [generated schema],ID Required,generated schema,bigseized/TinkoffCourseJava2024,3,1,1,33.333333,33.333333,1.000000
ID Required [generated schema],ID Required,generated schema,blueoceandevops/fleet-spring-boot,1,1,1,100.000000,100.000000,1.000000
ID Required [generated schema],ID Required,generated schema,boogiespook/waltz-test,88,57,56,63.636364,64.772727,1.017857
ID Required [generated schema],ID Required,generated schema,boomzin/dbservice,10,7,7,70.000000,70.000000,1.000000
ID Required [generated schema],ID Required,generated schema,bootique-examples/bootique-jooq-examples,1,1,1,100.000000,100.000000,1.000000
ID Required [generated schema],ID Required,generated schema,borjom1/cloud-nest,10,5,5,50.000000,50.000000,1.000000
ID Required [generated schema],ID Required,generated schema,brianbcampbell/z_beast-product-catalog,3,0,0,0.000000,0.000000,
ID Required [generated schema],ID Required,generated schema,brody-0125/The-Joy-Of-Java,2,2,2,100.000000,100.000000,1.000000
ID Required [generated schema],ID Required,generated schema,bsi-software/ScoutJooq,26,9,9,34.615385,34.615385,1.000000
ID Required [generated schema],ID Required,generated schema,btpka3/btpka3.github.com,240,217,217,90.416667,90.416667,1.000000
ID Required [generated schema],ID Required,generated schema,buster/acmemusic,4,0,0,0.000000,0.000000,
ID Required [generated schema],ID Required,generated schema,c00ler/transfer-service,3,2,2,66.666667,66.666667,1.000000
ID Required [generated schema],ID Required,generated schema,cardano-foundation/cardano-rosetta-java,22,5,5,22.727273,22.727273,1.000000
ID Required [generated schema],ID Required,generated schema,catsloveme/telegram-bot,3,2,2,66.666667,66.666667,1.000000
ID Required [generated schema],ID Required,generated schema,chriswininger/ai-document-query-system,3,3,3,100.000000,100.000000,1.000000
ID Required [generated schema],ID Required,generated schema,clearflask/clearflask,11,0,0,0.000000,0.000000,
ID Required [generated schema],ID Required,generated schema,cn-src/snippets-java,1,1,1,100.000000,100.000000,1.000000
ID Required [generated schema],ID Required,generated schema,coduction/famulex,54,39,39,72.222222,72.222222,1.000000
ID Required [generated schema],ID Required,generated schema,constZhur/tinkoff-backend-course-2024,3,2,2,66.666667,66.666667,1.000000
ID Required [generated schema],ID Required,generated schema,cooder-org/jooq-mate,2,2,2,100.000000,100.000000,1.000000
ID Required [generated schema],ID Required,generated schema,corradomio/java_projects,1,1,1,100.000000,100.000000,1.000000
ID Required [generated schema],ID Required,generated schema,crate/cratedb-examples,2,2,2,100.000000,100.000000,1.000000
ID Required [generated schema],ID Required,generated schema,crick77/usrbilancio,20,16,16,80.000000,80.000000,1.000000
ID Required [generated schema],ID Required,generated schema,crunchykillah/rest_api_springmvc,5,2,2,40.000000,40.000000,1.000000
ID Required [generated schema],ID Required,generated schema,cyberpunkoff/tracktor,3,1,1,33.333333,33.333333,1.000000
ID Required [generated schema],ID Required,generated schema,cycastic-cumberland/libmanage-backend,11,6,6,54.545455,54.545455,1.000000
ID Required [generated schema],ID Required,generated schema,danmofo/fitness-tracker-app,7,5,5,71.428571,71.428571,1.000000
ID Required [generated schema],ID Required,generated schema,dbist/cockroach-docker,2,2,2,100.000000,100.000000,1.000000
ID Required [generated schema],ID Required,generated schema,deepakborania/revolut-backend-task,3,3,3,100.000000,100.000000,1.000000
ID Required [generated schema],ID Required,generated schema,dehasi/ppp-of-ddd,2,1,1,50.000000,50.000000,1.000000
ID Required [generated schema],ID Required,generated schema,derabbink/sws2,1,1,1,100.000000,100.000000,1.000000
ID Required [generated schema],ID Required,generated schema,devstronomy/nasa-data-scraper,2,2,2,100.000000,100.000000,1.000000
ID Required [generated schema],ID Required,generated schema,dianainya/platform-backend,15,4,4,26.666667,26.666667,1.000000
ID Required [generated schema],ID Required,generated schema,diocorrea/imagewrapper,1,1,1,100.000000,100.000000,1.000000
ID Required [generated schema],ID Required,generated schema,djma/play-stack,2,0,0,0.000000,0.000000,
ID Required [generated schema],ID Required,generated schema,dndanoff/spring-boot-unit-integration-test-example,1,1,1,100.000000,100.000000,1.000000
ID Required [generated schema],ID Required,generated schema,dominikjaniga91/system-design-interview-projects,1,1,1,100.000000,100.000000,1.000000
ID Required [generated schema],ID Required,generated schema,dreamPis/oauth,6,2,2,33.333333,33.333333,1.000000
ID Required [generated schema],ID Required,generated schema,dzorbey/order-scheduling,5,5,5,100.000000,100.000000,1.000000
ID Required [generated schema],ID Required,generated schema,easkarov/repo-caretaker,3,2,2,66.666667,66.666667,1.000000
ID Required [generated schema],ID Required,generated schema,ebi-gene-expression-group/annotare2,6,5,5,83.333333,83.333333,1.000000
ID Required [generated schema],ID Required,generated schema,eclipse-scout/scout.rt,1,0,0,0.000000,0.000000,
ID Required [generated schema],ID Required,generated schema,eclipse/openvsx,28,14,14,50.000000,50.000000,1.000000
ID Required [generated schema],ID Required,generated schema,ehrbase/migration-tool,75,24,24,32.000000,32.000000,1.000000
ID Required [generated schema],ID Required,generated schema,ekgreen/star-boot,2,2,2,100.000000,100.000000,1.000000
ID Required [generated schema],ID Required,generated schema,ekruptsov/jooq-retrofit-crud-poc,1,1,1,100.000000,100.000000,1.000000
ID Required [generated schema],ID Required,generated schema,elwin013/todoapp-multitenancy,4,3,3,75.000000,75.000000,1.000000
ID Required [generated schema],ID Required,generated schema,emapfff/Link-Tracker,5,4,4,80.000000,80.000000,1.000000
ID Required [generated schema],ID Required,generated schema,ericdriggs/reportcard,15,2,2,13.333333,13.333333,1.000000
ID Required [generated schema],ID Required,generated schema,eterny13/url-shortener,1,0,0,0.000000,0.000000,
ID Required [generated schema],ID Required,generated schema,evagalyuta/services-city-discover,7,3,3,42.857143,42.857143,1.000000
ID Required [generated schema],ID Required,generated schema,eziomou/library-backend,11,11,11,100.000000,100.000000,1.000000
ID Required [generated schema],ID Required,generated schema,f-uni/Quizzy,5,5,5,100.000000,100.000000,1.000000
ID Required [generated schema],ID Required,generated schema,fantj2016/springboot-integration,1,1,1,100.000000,100.000000,1.000000
ID Required [generated schema],ID Required,generated schema,fasten-project/fasten,19,9,9,47.368421,47.368421,1.000000
ID Required [generated schema],ID Required,generated schema,fatihcatalkaya/poker-tracker,3,3,3,100.000000,100.000000,1.000000
ID Required [generated schema],ID Required,generated schema,fedemaleh/chess-challenge-java-1,2,0,0,0.000000,0.000000,
ID Required [generated schema],ID Required,generated schema,filipegar/killbill-getnet,2,2,2,100.000000,100.000000,1.000000
ID Required [generated schema],ID Required,generated schema,fishedee/Demo,2,2,2,100.000000,100.000000,1.000000
ID Required [generated schema],ID Required,generated schema,fuma-nama/U3-Server,12,3,3,25.000000,25.000000,1.000000
ID Required [generated schema],ID Required,generated schema,gchq/stroom,65,57,57,87.692308,87.692308,1.000000
ID Required [generated schema],ID Required,generated schema,gchq/stroom-auth,4,4,4,100.000000,100.000000,1.000000
ID Required [generated schema],ID Required,generated schema,ge1up/healthy-calories_by_spring,5,4,4,80.000000,80.000000,1.000000
ID Required [generated schema],ID Required,generated schema,gekoramy/uni.web,26,14,14,53.846154,53.846154,1.000000
ID Required [generated schema],ID Required,generated schema,genenakagaki/ddd-sample,1,0,0,0.000000,0.000000,
ID Required [generated schema],ID Required,generated schema,germinateplatform/gatekeeper-server,14,6,6,42.857143,42.857143,1.000000
ID Required [generated schema],ID Required,generated schema,gilbertlim/jooq,23,1,1,4.347826,4.347826,1.000000
ID Required [generated schema],ID Required,generated schema,giovene44/Cinemanager_Software_Engineering_project,9,4,4,44.444444,44.444444,1.000000
ID Required [generated schema],ID Required,generated schema,glassbell/bp-keeper,1,0,0,0.000000,0.000000,
ID Required [generated schema],ID Required,generated schema,glockyco/Teralizer,12,12,12,100.000000,100.000000,1.000000
ID Required [generated schema],ID Required,generated schema,gmoon92/toy,5,3,3,60.000000,60.000000,1.000000
ID Required [generated schema],ID Required,generated schema,gonzo1138/jOOQinSpring-basics,1,1,1,100.000000,100.000000,1.000000
ID Required [generated schema],ID Required,generated schema,gourmetgate/gourmetgate,1,0,0,0.000000,0.000000,
ID Required [generated schema],ID Required,generated schema,graphql-java/graphql-java-db-example,13,0,0,0.000000,0.000000,
ID Required [generated schema],ID Required,generated schema,h8/gradle-jooq-example,2,2,2,100.000000,100.000000,1.000000
ID Required [generated schema],ID Required,generated schema,hashgraph/hedera-hcs-erc721-sample,25,1,1,4.000000,4.000000,1.000000
ID Required [generated schema],ID Required,generated schema,haumacher/wizard-game,3,0,0,0.000000,0.000000,
ID Required [generated schema],ID Required,generated schema,hevan/agri-cloud,42,42,42,100.000000,100.000000,1.000000
ID Required [generated schema],ID Required,generated schema,hiddenswitch/Spellsource,225,48,48,21.333333,21.333333,1.000000
ID Required [generated schema],ID Required,generated schema,hieplp/recipe-platform,7,0,0,0.000000,0.000000,
ID Required [generated schema],ID Required,generated schema,hieplp/vinorsoft-hometest,3,1,1,33.333333,33.333333,1.000000
ID Required [generated schema],ID Required,generated schema,highloadmipt/expensewriter,1,1,1,100.000000,100.000000,1.000000
ID Required [generated schema],ID Required,generated schema,hpple/revolut-backend-test,2,0,0,0.000000,0.000000,
ID Required [generated schema],ID Required,generated schema,huruiyi/books-source,4,0,0,0.000000,0.000000,
ID Required [generated schema],ID Required,generated schema,hyt-sasaki/SpringBootMicroServiceTutorial,1,1,1,100.000000,100.000000,1.000000
ID Required [generated schema],ID Required,generated schema,icefery/demo.icefery.xyz,5,3,3,60.000000,60.000000,1.000000
ID Required [generated schema],ID Required,generated schema,itboy87/quarkus-ext-jooq,1,1,1,100.000000,100.000000,1.000000
ID Required [generated schema],ID Required,generated schema,iyunbo/stackoverflow,5,3,3,60.000000,60.000000,1.000000
ID Required [generated schema],ID Required,generated schema,jOOQ/demo,62,2,2,3.225806,3.225806,1.000000
ID Required [generated schema],ID Required,generated schema,jOOQ/jOOQ-mcve,7,7,7,100.000000,100.000000,1.000000
ID Required [generated schema],ID Required,generated schema,jackbergus/java_logicalconsistency,20,4,4,20.000000,20.000000,1.000000
ID Required [generated schema],ID Required,generated schema,jasondlee/quarkus-dev-service-full-example,2,2,2,100.000000,100.000000,1.000000
ID Required [generated schema],ID Required,generated schema,jasontran320/texera_compose,20,5,5,25.000000,25.000000,1.000000
ID Required [generated schema],ID Required,generated schema,jefberpe/restful-demo,3,1,1,33.333333,33.333333,1.000000
ID Required [generated schema],ID Required,generated schema,jehugaleahsa/javalin-mvc-starter,2,2,2,100.000000,100.000000,1.000000
ID Required [generated schema],ID Required,generated schema,jiangtj-lab/jooq-and-flyway,2,2,2,100.000000,100.000000,1.000000
ID Required [generated schema],ID Required,generated schema,jiangtj/jc-platform,6,4,4,66.666667,66.666667,1.000000
ID Required [generated schema],ID Required,generated schema,jiangtj/jmicro,3,2,2,66.666667,66.666667,1.000000
ID Required [generated schema],ID Required,generated schema,jkingster/Tickster,3,0,0,0.000000,0.000000,
ID Required [generated schema],ID Required,generated schema,jklingsporn/vertx-jooq,90,0,0,0.000000,0.000000,
ID Required [generated schema],ID Required,generated schema,jmingu/petcrown-backend,19,0,0,0.000000,0.000000,
ID Required [generated schema],ID Required,generated schema,joaoseidel/MussCraft,1,0,0,0.000000,0.000000,
ID Required [generated schema],ID Required,generated schema,joostvdg/cmg-analytics,1,1,1,100.000000,100.000000,1.000000
ID Required [generated schema],ID Required,generated schema,jordanamr/Divarena-old,7,6,6,85.714286,85.714286,1.000000
ID Required [generated schema],ID Required,generated schema,jsflzhong/cjSpringboot-demo,8,8,8,100.000000,100.000000,1.000000
ID Required [generated schema],ID Required,generated schema,juanhaugaard/H2-sakila,16,1,1,6.250000,6.250000,1.000000
ID Required [generated schema],ID Required,generated schema,jubicoy/easymapper,4,4,4,100.000000,100.000000,1.000000
ID Required [generated schema],ID Required,generated schema,justhecool/SmallWorlds-Forever,127,80,80,62.992126,62.992126,1.000000
ID Required [generated schema],ID Required,generated schema,justmasyan/vkhomeworks,8,8,8,100.000000,100.000000,1.000000
ID Required [generated schema],ID Required,generated schema,k0patych1/java-course-2023-s2,3,2,2,66.666667,66.666667,1.000000
ID Required [generated schema],ID Required,generated schema,k55k32/learn-jooq,53,29,29,54.716981,54.716981,1.000000
ID Required [generated schema],ID Required,generated schema,kaeru61/chat_app,4,3,3,75.000000,75.000000,1.000000
ID Required [generated schema],ID Required,generated schema,kamarkaka/app-updater,3,0,0,0.000000,0.000000,
ID Required [generated schema],ID Required,generated schema,kamil-sita/labelle,23,9,9,39.130435,39.130435,1.000000
ID Required [generated schema],ID Required,generated schema,kanki6315/racing-analysis,14,14,14,100.000000,100.000000,1.000000
ID Required [generated schema],ID Required,generated schema,kappsegla/databaseprojects,12,2,2,16.666667,16.666667,1.000000
ID Required [generated schema],ID Required,generated schema,keeleinstituut/ekilex,207,107,107,51.690821,51.690821,1.000000
ID Required [generated schema],ID Required,generated schema,kehuka11/graphql_sample,5,0,0,0.000000,0.000000,
ID Required [generated schema],ID Required,generated schema,khanactl/mcorpus,7,0,0,0.000000,0.000000,
ID Required [generated schema],ID Required,generated schema,khanhduy-14/pro-todolist-java,3,2,2,66.666667,66.666667,1.000000
ID Required [generated schema],ID Required,generated schema,killbill/killbill-stripe-plugin,3,2,2,66.666667,66.666667,1.000000
ID Required [generated schema],ID Required,generated schema,kkaravitis/pricing-api,2,2,2,100.000000,100.000000,1.000000
ID Required [generated schema],ID Required,generated schema,kmaximk/Link-tracker-bot,3,2,2,66.666667,66.666667,1.000000
ID Required [generated schema],ID Required,generated schema,kozakto/ContactManager,1,1,1,100.000000,100.000000,1.000000
ID Required [generated schema],ID Required,generated schema,krivonosovti/LinktrackerLast,3,2,2,66.666667,66.666667,1.000000
ID Required [generated schema],ID Required,generated schema,krupnoveo/Link-Tracker,3,1,1,33.333333,33.333333,1.000000
ID Required [generated schema],ID Required,generated schema,kryakobess/TinkoffBackendCourse,2,2,2,100.000000,100.000000,1.000000
ID Required [generated schema],ID Required,generated schema,ksamorodov/SpringAuth,1,0,0,0.000000,0.000000,
ID Required [generated schema],ID Required,generated schema,ksamorodov/corset,4,4,4,100.000000,100.000000,1.000000
ID Required [generated schema],ID Required,generated schema,kushtrimh/tomorr,5,1,1,20.000000,20.000000,1.000000
ID Required [generated schema],ID Required,generated schema,labinochka/semester-work-agona,4,0,0,0.000000,0.000000,
ID Required [generated schema],ID Required,generated schema,lahraye/farm-collector-task,5,5,5,100.000000,100.000000,1.000000
ID Required [generated schema],ID Required,generated schema,lamarios/mmath,9,3,3,33.333333,33.333333,1.000000
ID Required [generated schema],ID Required,generated schema,lelup24/blog,14,8,8,57.142857,57.142857,1.000000
ID Required [generated schema],ID Required,generated schema,lelup24/spring-boot-websocket,7,4,4,57.142857,57.142857,1.000000
ID Required [generated schema],ID Required,generated schema,leoiii12/csci3170-project,4,0,0,0.000000,0.000000,
ID Required [generated schema],ID Required,generated schema,leoleelwl/springboot_jooq_flyway,2,0,0,0.000000,0.000000,
ID Required [generated schema],ID Required,generated schema,lesam19092/Tinkoff_first_project,3,3,3,100.000000,100.000000,1.000000
ID Required [generated schema],ID Required,generated schema,letPeace/VK-homework-6,4,1,1,25.000000,25.000000,1.000000
ID Required [generated schema],ID Required,generated schema,lightningdevkit/vss-server,1,0,0,0.000000,0.000000,
ID Required [generated schema],ID Required,generated schema,liljarn/tinkoffCourseJava2024,3,1,1,33.333333,33.333333,1.000000
ID Required [generated schema],ID Required,generated schema,lin-mt/spring-boot,1,1,1,100.000000,100.000000,1.000000
ID Required [generated schema],ID Required,generated schema,linux-china/jooq-demo,5,3,3,60.000000,60.000000,1.000000
ID Required [generated schema],ID Required,generated schema,liuyueyi/spring-boot-demo,5,5,5,100.000000,100.000000,1.000000
ID Required [generated schema],ID Required,generated schema,liuzheming/merchant-feecal-mvp,7,6,6,85.714286,85.714286,1.000000
ID Required [generated schema],ID Required,generated schema,ljk0071/side-project-back,46,24,24,52.173913,52.173913,1.000000
ID Required [generated schema],ID Required,generated schema,lsfoster64/gymhelper,3,3,3,100.000000,100.000000,1.000000
ID Required [generated schema],ID Required,generated schema,lsn03/java-2023-backend-second-semester,5,2,2,40.000000,40.000000,1.000000
ID Required [generated schema],ID Required,generated schema,lwbeamer/tinkoff-course,3,1,1,33.333333,33.333333,1.000000
ID Required [generated schema],ID Required,generated schema,lzbkln/java-course-tinkoff-spring-2024,5,2,2,40.000000,40.000000,1.000000
ID Required [generated schema],ID Required,generated schema,lzj09/sw-jooq,1,0,0,0.000000,0.000000,
ID Required [generated schema],ID Required,generated schema,magicswissweed/MagicSwissWeed2.0,10,8,8,80.000000,80.000000,1.000000
ID Required [generated schema],ID Required,generated schema,makeitfine-org/mif,1,1,1,100.000000,100.000000,1.000000
ID Required [generated schema],ID Required,generated schema,maksmolchdmitr/tinkoffLinkUpdater,4,0,0,0.000000,0.000000,
ID Required [generated schema],ID Required,generated schema,marcato10/manaca-framework,6,6,6,100.000000,100.000000,1.000000
ID Required [generated schema],ID Required,generated schema,marijarin/tin_back_hws,4,2,2,50.000000,50.000000,1.000000
ID Required [generated schema],ID Required,generated schema,marlind89/kensa,2,2,2,100.000000,100.000000,1.000000
ID Required [generated schema],ID Required,generated schema,martynovvladislav/tinkoff-java-backend-course-2024,3,1,1,33.333333,33.333333,1.000000
ID Required [generated schema],ID Required,generated schema,matco/hotspot-api,5,3,3,60.000000,60.000000,1.000000
ID Required [generated schema],ID Required,generated schema,matuolis/financial-analysis-be,6,6,6,100.000000,100.000000,1.000000
ID Required [generated schema],ID Required,generated schema,matuolis/vehicle-marketplace-be,4,4,4,100.000000,100.000000,1.000000
ID Required [generated schema],ID Required,generated schema,maximister/LinkTrackerBot,3,1,1,33.333333,33.333333,1.000000
ID Required [generated schema],ID Required,generated schema,mbto/eatlog,7,7,7,100.000000,100.000000,1.000000
ID Required [generated schema],ID Required,generated schema,mbto/funnyranks,12,11,11,91.666667,91.666667,1.000000
ID Required [generated schema],ID Required,generated schema,mehdikeshani/MyFasten,19,9,9,47.368421,47.368421,1.000000
ID Required [generated schema],ID Required,generated schema,merlimmateus/vidsummize,1,1,1,100.000000,100.000000,1.000000
ID Required [generated schema],ID Required,generated schema,metaloom/loom,44,5,5,11.363636,11.363636,1.000000
ID Required [generated schema],ID Required,generated schema,migibert/embro,11,7,7,63.636364,63.636364,1.000000
ID Required [generated schema],ID Required,generated schema,miguelperezcolom/mateu-article-2,5,4,4,80.000000,80.000000,1.000000
ID Required [generated schema],ID Required,generated schema,mikerasch/dal,2,2,2,100.000000,100.000000,1.000000
ID Required [generated schema],ID Required,generated schema,mingtiangg/LTG,25,16,16,64.000000,64.000000,1.000000
ID Required [generated schema],ID Required,generated schema,mini-crm/mini-crm,2,2,2,100.000000,100.000000,1.000000
ID Required [generated schema],ID Required,generated schema,mistresssfilth/HM8,2,1,1,50.000000,50.000000,1.000000
ID Required [generated schema],ID Required,generated schema,mochegov/rock-paper-scissors,3,2,2,66.666667,66.666667,1.000000
ID Required [generated schema],ID Required,generated schema,modlix-india/nocode-saas,93,93,93,100.000000,100.000000,1.000000
ID Required [generated schema],ID Required,generated schema,mullerhai/mysql-modeldb,35,31,31,88.571429,88.571429,1.000000
ID Required [generated schema],ID Required,generated schema,murl-digital/squier,2,0,0,0.000000,0.000000,
ID Required [generated schema],ID Required,generated schema,mwilkins91/mythology-v2,6,5,5,83.333333,83.333333,1.000000
ID Required [generated schema],ID Required,generated schema,my1exp/YC_Pay,12,6,6,50.000000,50.000000,1.000000
ID Required [generated schema],ID Required,generated schema,mytakedotorg/mtdo,11,4,4,36.363636,36.363636,1.000000
ID Required [generated schema],ID Required,generated schema,nameishari/money-transfer-service,2,1,1,50.000000,50.000000,1.000000
ID Required [generated schema],ID Required,generated schema,navikt/veilarblest,2,2,2,100.000000,100.000000,1.000000
ID Required [generated schema],ID Required,generated schema,neptunejing/SkillUp-Ecom-Plat,8,1,1,12.500000,12.500000,1.000000
ID Required [generated schema],ID Required,generated schema,nianien/jooq-tutorial,3,2,2,66.666667,66.666667,1.000000
ID Required [generated schema],ID Required,generated schema,nianien/katana,4,2,2,50.000000,50.000000,1.000000
ID Required [generated schema],ID Required,generated schema,nikguscode/HackathonMax,9,8,8,88.888889,88.888889,1.000000
ID Required [generated schema],ID Required,generated schema,nikolay-klekto/FunScrutContactCenterBot,5,1,1,20.000000,20.000000,1.000000
ID Required [generated schema],ID Required,generated schema,niranjankhare/SeleniumPageModeller,8,1,1,12.500000,12.500000,1.000000
ID Required [generated schema],ID Required,generated schema,nocarend/Tinkoff-Edu-Backend-Java,2,2,2,100.000000,100.000000,1.000000
ID Required [generated schema],ID Required,generated schema,noir2k/speechear,20,2,1,5.000000,10.000000,2.000000
ID Required [generated schema],ID Required,generated schema,nortal/GovStack-IM-BB-PubSub-Component,11,10,10,90.909091,90.909091,1.000000
ID Required [generated schema],ID Required,generated schema,northcoder-repo/jooqSakilaDemo,46,2,2,4.347826,4.347826,1.000000
ID Required [generated schema],ID Required,generated schema,nuromirzak/tinkoff_academy,3,1,1,33.333333,33.333333,1.000000
ID Required [generated schema],ID Required,generated schema,nyh1030/rocketmart-pcweb,11,0,0,0.000000,0.000000,
ID Required [generated schema],ID Required,generated schema,ojhughes/concourse-http-lock-resource,4,4,4,100.000000,100.000000,1.000000
ID Required [generated schema],ID Required,generated schema,oneops/oneops,41,10,10,24.390244,24.390244,1.000000
ID Required [generated schema],ID Required,generated schema,oracle/graalvm-reachability-metadata,10,8,8,80.000000,80.000000,1.000000
ID Required [generated schema],ID Required,generated schema,otto15/ITMO-WEB-LAB3,1,1,1,100.000000,100.000000,1.000000
ID Required [generated schema],ID Required,generated schema,pawelWielkolinski/SDABetApp,3,0,0,0.000000,0.000000,
ID Required [generated schema],ID Required,generated schema,pedroafonsodias/springboot,1,1,1,100.000000,100.000000,1.000000
ID Required [generated schema],ID Required,generated schema,pedroermarinho/teach-sync,3,3,3,100.000000,100.000000,1.000000
ID Required [generated schema],ID Required,generated schema,philosopherstonerush/java-notes,4,4,4,100.000000,100.000000,1.000000
ID Required [generated schema],ID Required,generated schema,phpbae/JOOQ,2,2,2,100.000000,100.000000,1.000000
ID Required [generated schema],ID Required,generated schema,picodotdev/blog-ejemplos,7,7,7,100.000000,100.000000,1.000000
ID Required [generated schema],ID Required,generated schema,poemp/metadata-gather,5,5,5,100.000000,100.000000,1.000000
ID Required [generated schema],ID Required,generated schema,polytech-attendance/taskbot,3,0,0,0.000000,0.000000,
ID Required [generated schema],ID Required,generated schema,ppretki/mysql-spatial-data,1,0,0,0.000000,0.000000,
ID Required [generated schema],ID Required,generated schema,pratyush05/trade-app,3,3,3,100.000000,100.000000,1.000000
ID Required [generated schema],ID Required,generated schema,pro100bat9/tg_chat,3,1,1,33.333333,33.333333,1.000000
ID Required [generated schema],ID Required,generated schema,propan/tea-buddy,2,2,2,100.000000,100.000000,1.000000
ID Required [generated schema],ID Required,generated schema,puzink/Wallet,1,0,0,0.000000,0.000000,
ID Required [generated schema],ID Required,generated schema,pvkvetkin/trackcontent,5,1,1,20.000000,20.000000,1.000000
ID Required [generated schema],ID Required,generated schema,pvorb/npm-stat.com,6,0,0,0.000000,0.000000,
ID Required [generated schema],ID Required,generated schema,qiao-zhi/springboot-ssm,3,2,2,66.666667,66.666667,1.000000
ID Required [generated schema],ID Required,generated schema,qimok/sharding-jdbc-test,2,2,2,100.000000,100.000000,1.000000
ID Required [generated schema],ID Required,generated schema,quarkiverse/quarkus-jooq,2,2,2,100.000000,100.000000,1.000000
ID Required [generated schema],ID Required,generated schema,quickmsg/smqtt,2,0,0,0.000000,0.000000,
ID Required [generated schema],ID Required,generated schema,quinscape/automaton,7,5,5,71.428571,71.428571,1.000000
ID Required [generated schema],ID Required,generated schema,quinscape/domainql,23,19,19,82.608696,82.608696,1.000000
ID Required [generated schema],ID Required,generated schema,quinscape/domainqlstarter,4,3,3,75.000000,75.000000,1.000000
ID Required [generated schema],ID Required,generated schema,r0masaN/PurchaseTask,2,2,2,100.000000,100.000000,1.000000
ID Required [generated schema],ID Required,generated schema,raissabeccarelli/UniBite,3,0,0,0.000000,0.000000,
ID Required [generated schema],ID Required,generated schema,ralscha/attic,8,5,5,62.500000,62.500000,1.000000
ID Required [generated schema],ID Required,generated schema,ralscha/blog2019,3,2,2,66.666667,66.666667,1.000000
ID Required [generated schema],ID Required,generated schema,ralscha/blog2020,1,1,1,100.000000,100.000000,1.000000
ID Required [generated schema],ID Required,generated schema,ralscha/otodo,3,2,2,66.666667,66.666667,1.000000
ID Required [generated schema],ID Required,generated schema,ralscha/realworld-spring-boot-jooq,7,4,4,57.142857,57.142857,1.000000
ID Required [generated schema],ID Required,generated schema,ralscha/springsecuritytotp,1,1,1,100.000000,100.000000,1.000000
ID Required [generated schema],ID Required,generated schema,ralscha/webauthn-demo,2,1,1,50.000000,50.000000,1.000000
ID Required [generated schema],ID Required,generated schema,ramoncunha/rinha-backend,1,1,1,100.000000,100.000000,1.000000
ID Required [generated schema],ID Required,generated schema,rayokota/kcache,1,0,0,0.000000,0.000000,
ID Required [generated schema],ID Required,generated schema,renan-schmitt/spring-boot-jooq,1,1,1,100.000000,100.000000,1.000000
ID Required [generated schema],ID Required,generated schema,rench/scio,1,1,1,100.000000,100.000000,1.000000
ID Required [generated schema],ID Required,generated schema,reportportal/commons-dao,60,37,37,61.666667,61.666667,1.000000
ID Required [generated schema],ID Required,generated schema,revensif/Tinkoff_Course2024,4,1,1,25.000000,25.000000,1.000000
ID Required [generated schema],ID Required,generated schema,rockmanck/lifebook,13,8,8,61.538462,61.538462,1.000000
ID Required [generated schema],ID Required,generated schema,rodano/rodano,33,7,7,21.212121,21.212121,1.000000
ID Required [generated schema],ID Required,generated schema,rogoo/java-raiz,5,4,4,80.000000,80.000000,1.000000
ID Required [generated schema],ID Required,generated schema,romchellis/transactions,1,1,1,100.000000,100.000000,1.000000
ID Required [generated schema],ID Required,generated schema,rzenkov/perfplayground,5,4,4,80.000000,80.000000,1.000000
ID Required [generated schema],ID Required,generated schema,s3nkyh/Library,6,5,5,83.333333,83.333333,1.000000
ID Required [generated schema],ID Required,generated schema,saksonikEgor/java-course-2023-backend-template-master,3,0,0,0.000000,0.000000,
ID Required [generated schema],ID Required,generated schema,saltybots/secretsalty-backend-j,5,0,0,0.000000,0.000000,
ID Required [generated schema],ID Required,generated schema,sayseakleng/template,1,1,1,100.000000,100.000000,1.000000
ID Required [generated schema],ID Required,generated schema,sdumancic/quarkus-template,5,3,3,60.000000,60.000000,1.000000
ID Required [generated schema],ID Required,generated schema,sebastian-raubach/frickl-web-server,14,4,4,28.571429,28.571429,1.000000
ID Required [generated schema],ID Required,generated schema,self-xdsd/self-storage,16,3,3,18.750000,18.750000,1.000000
ID Required [generated schema],ID Required,generated schema,serdeliverance/turro-lingo-api,3,3,3,100.000000,100.000000,1.000000
ID Required [generated schema],ID Required,generated schema,serje3/BotDiscordBackend,8,7,7,87.500000,87.500000,1.000000
ID Required [generated schema],ID Required,generated schema,sfk25/annually_report,9,6,6,66.666667,66.666667,1.000000
ID Required [generated schema],ID Required,generated schema,sge93/jooq-testcontainers-demo,1,0,0,0.000000,0.000000,
ID Required [generated schema],ID Required,generated schema,shengquan-ni/reshape-on-amber,10,6,6,60.000000,60.000000,1.000000
ID Required [generated schema],ID Required,generated schema,shev-81/jooqtest,2,2,2,100.000000,100.000000,1.000000
ID Required [generated schema],ID Required,generated schema,shileishmily/spring-boot-jooq-demo,2,2,2,100.000000,100.000000,1.000000
ID Required [generated schema],ID Required,generated schema,shilohooo/learn-jooq,8,6,6,75.000000,75.000000,1.000000
ID Required [generated schema],ID Required,generated schema,sify21/testjooq,3,1,1,33.333333,33.333333,1.000000
ID Required [generated schema],ID Required,generated schema,sikt-no/graphitron,33,1,1,3.030303,3.030303,1.000000
ID Required [generated schema],ID Required,generated schema,sim1984/fbjavaex,10,4,4,40.000000,40.000000,1.000000
ID Required [generated schema],ID Required,generated schema,sjucker/mvu-platform,15,13,13,86.666667,86.666667,1.000000
ID Required [generated schema],ID Required,generated schema,sjucker/referee-coach-probasket,10,7,7,70.000000,70.000000,1.000000
ID Required [generated schema],ID Required,generated schema,sjucker/zkmf2024-server,35,27,27,77.142857,77.142857,1.000000
ID Required [generated schema],ID Required,generated schema,skapral/poetryclub,5,5,4,80.000000,100.000000,1.250000
ID Required [generated schema],ID Required,generated schema,skyleedevzero86/Spring_lee_Module,15,6,6,40.000000,40.000000,1.000000
ID Required [generated schema],ID Required,generated schema,smartywebdev0119/springsecurity-top,1,1,1,100.000000,100.000000,1.000000
ID Required [generated schema],ID Required,generated schema,smix22/kitaplan,1,0,0,0.000000,0.000000,
ID Required [generated schema],ID Required,generated schema,smockoro/spring-boot-java-jooq,2,2,2,100.000000,100.000000,1.000000
ID Required [generated schema],ID Required,generated schema,snhr-1019/task-app-example,2,2,2,100.000000,100.000000,1.000000
ID Required [generated schema],ID Required,generated schema,sogeking7/booking-hotel-app,12,2,2,16.666667,16.666667,1.000000
ID Required [generated schema],ID Required,generated schema,sogeking7/hacknu-25-zaman-bank-ai-app,8,1,1,12.500000,12.500000,1.000000
ID Required [generated schema],ID Required,generated schema,sokolovskayaa/tinkoff-project,3,2,2,66.666667,66.666667,1.000000
ID Required [generated schema],ID Required,generated schema,sooogle/micronaut-petclinic,7,6,6,85.714286,85.714286,1.000000
ID Required [generated schema],ID Required,generated schema,spacedragon/dgit,3,0,0,0.000000,0.000000,
ID Required [generated schema],ID Required,generated schema,spectuu/equipo-4-ings-202520,4,4,4,100.000000,100.000000,1.000000
ID Required [generated schema],ID Required,generated schema,ssydx/django_wesite,1,1,1,100.000000,100.000000,1.000000
ID Required [generated schema],ID Required,generated schema,streamarr/streamarr-server,12,11,11,91.666667,91.666667,1.000000
ID Required [generated schema],ID Required,generated schema,stukenvitalii/TinkoffBot,3,3,3,100.000000,100.000000,1.000000
ID Required [generated schema],ID Required,generated schema,sun-fintrack/fintrack-back,5,0,0,0.000000,0.000000,
ID Required [generated schema],ID Required,generated schema,svp8/java-course-2024,7,5,5,71.428571,71.428571,1.000000
ID Required [generated schema],ID Required,generated schema,sweatboys/open-discogs-api,29,6,6,20.689655,20.689655,1.000000
ID Required [generated schema],ID Required,generated schema,sylvan-tang/auro,1,1,1,100.000000,100.000000,1.000000
ID Required [generated schema],ID Required,generated schema,synonymdev/vss-server,1,0,0,0.000000,0.000000,
ID Required [generated schema],ID Required,generated schema,t3hw/mhn,1,1,1,100.000000,100.000000,1.000000
ID Required [generated schema],ID Required,generated schema,tanjezh/spring-demos,5,5,5,100.000000,100.000000,1.000000
ID Required [generated schema],ID Required,generated schema,tapis-project/tapis-apps,3,2,2,66.666667,66.666667,1.000000
ID Required [generated schema],ID Required,generated schema,tapis-project/tapis-files,2,1,1,50.000000,50.000000,1.000000
ID Required [generated schema],ID Required,generated schema,tapis-project/tapis-notifications,6,2,2,33.333333,33.333333,1.000000
ID Required [generated schema],ID Required,generated schema,tapis-project/tapis-systems,5,3,3,60.000000,60.000000,1.000000
ID Required [generated schema],ID Required,generated schema,tariqkb/justweighit,4,1,1,25.000000,25.000000,1.000000
ID Required [generated schema],ID Required,generated schema,teragrep/pth_06,7,7,7,100.000000,100.000000,1.000000
ID Required [generated schema],ID Required,generated schema,the-programmers-hangout/Mimic,5,1,1,20.000000,20.000000,1.000000
ID Required [generated schema],ID Required,generated schema,therepanic/hr-masters-service,3,3,3,100.000000,100.000000,1.000000
ID Required [generated schema],ID Required,generated schema,therepanic/lapayment-crypto-pay-system,4,4,4,100.000000,100.000000,1.000000
ID Required [generated schema],ID Required,generated schema,therepanic/lapayment-crypto-payment-system-microservices,18,18,18,100.000000,100.000000,1.000000
ID Required [generated schema],ID Required,generated schema,therepanic/trustwin-casino-project,39,39,39,100.000000,100.000000,1.000000
ID Required [generated schema],ID Required,generated schema,theronielanddaronpodcastshow/svja,9,4,4,44.444444,44.444444,1.000000
ID Required [generated schema],ID Required,generated schema,thomascherickal/hedera-stable-coin,33,0,0,0.000000,0.000000,
ID Required [generated schema],ID Required,generated schema,tmtsoftware/aps-procedure-read-benchmarking,2,0,0,0.000000,0.000000,
ID Required [generated schema],ID Required,generated schema,toannv6895/searchable,1,1,1,100.000000,100.000000,1.000000
ID Required [generated schema],ID Required,generated schema,truonghq99/adam-project,1,1,1,100.000000,100.000000,1.000000
ID Required [generated schema],ID Required,generated schema,tsemkaloalena-mirea/vk_education,8,5,5,62.500000,62.500000,1.000000
ID Required [generated schema],ID Required,generated schema,tsoyolv/transfer-money,3,0,0,0.000000,0.000000,
ID Required [generated schema],ID Required,generated schema,tw-bc-group/tw-wallet-backend,20,7,7,35.000000,35.000000,1.000000
ID Required [generated schema],ID Required,generated schema,tyomamatrosov/MatrosovAS,3,2,2,66.666667,66.666667,1.000000
ID Required [generated schema],ID Required,generated schema,uianz/webflux-jooq-r2dbc-starter,2,2,2,100.000000,100.000000,1.000000
ID Required [generated schema],ID Required,generated schema,ultrapotato69/genealogy-back,2,1,1,50.000000,50.000000,1.000000
ID Required [generated schema],ID Required,generated schema,unlessiamwrong/Tinkoff-Java-course-2,3,2,2,66.666667,66.666667,1.000000
ID Required [generated schema],ID Required,generated schema,uptosmth/chronos,7,6,6,85.714286,85.714286,1.000000
ID Required [generated schema],ID Required,generated schema,utfunderscore/buildformat,3,3,3,100.000000,100.000000,1.000000
ID Required [generated schema],ID Required,generated schema,uvuv-643/Service_Oriented_Architecture,16,12,12,75.000000,75.000000,1.000000
ID Required [generated schema],ID Required,generated schema,vbandurin7/update-listener-bot,3,2,2,66.666667,66.666667,1.000000
ID Required [generated schema],ID Required,generated schema,vendelieu/spring-template,2,1,1,50.000000,50.000000,1.000000
ID Required [generated schema],ID Required,generated schema,vinniec4/fantasy-football,2,1,1,50.000000,50.000000,1.000000
ID Required [generated schema],ID Required,generated schema,vkuzel/Quantum-Leap,10,6,6,60.000000,60.000000,1.000000
ID Required [generated schema],ID Required,generated schema,vladislav77777/java-backend-course,3,2,2,66.666667,66.666667,1.000000
ID Required [generated schema],ID Required,generated schema,voidframework/voidframework,1,1,1,100.000000,100.000000,1.000000
ID Required [generated schema],ID Required,generated schema,volvas/courses,6,1,1,16.666667,16.666667,1.000000
ID Required [generated schema],ID Required,generated schema,vran-dev/databasir,27,27,27,100.000000,100.000000,1.000000
ID Required [generated schema],ID Required,generated schema,warhog/fpvlaptracker,6,2,2,33.333333,33.333333,1.000000
ID Required [generated schema],ID Required,generated schema,waydxd/COMP3111-Project,9,6,6,66.666667,66.666667,1.000000
ID Required [generated schema],ID Required,generated schema,wbprime/java-mods,4,4,4,100.000000,100.000000,1.000000
ID Required [generated schema],ID Required,generated schema,web3brothers/aleo-network-info,3,0,0,0.000000,0.000000,
ID Required [generated schema],ID Required,generated schema,whizvox/wsite,4,1,1,25.000000,25.000000,1.000000
ID Required [generated schema],ID Required,generated schema,whxu215/jooq-springboot-example-junit,1,0,0,0.000000,0.000000,
ID Required [generated schema],ID Required,generated schema,wuda0112/foundation,50,13,13,26.000000,26.000000,1.000000
ID Required [generated schema],ID Required,generated schema,wuhunyu/jooq-transaction,1,1,1,100.000000,100.000000,1.000000
ID Required [generated schema],ID Required,generated schema,wujihulian/filesbox,41,38,38,92.682927,92.682927,1.000000
ID Required [generated schema],ID Required,generated schema,xGodness/service-oriented-architecture,3,1,1,33.333333,33.333333,1.000000
ID Required [generated schema],ID Required,generated schema,xJade00/TavernMaid,3,2,2,66.666667,66.666667,1.000000
ID Required [generated schema],ID Required,generated schema,xdnw/Diplocutus,42,11,11,26.190476,26.190476,1.000000
ID Required [generated schema],ID Required,generated schema,xdnw/locutus,42,11,11,26.190476,26.190476,1.000000
ID Required [generated schema],ID Required,generated schema,xinxiamu/mu-spring-boot-sample,4,0,0,0.000000,0.000000,
ID Required [generated schema],ID Required,generated schema,xnelo/filearch,4,4,4,100.000000,100.000000,1.000000
ID Required [generated schema],ID Required,generated schema,yangjinguang/i-share-server,17,17,17,100.000000,100.000000,1.000000
ID Required [generated schema],ID Required,generated schema,yaowei-u/kafka,10,8,8,80.000000,80.000000,1.000000
ID Required [generated schema],ID Required,generated schema,ydb-platform/ydb-java-dialects,6,2,2,33.333333,33.333333,1.000000
ID Required [generated schema],ID Required,generated schema,ydeng11/Minance,5,3,3,60.000000,60.000000,1.000000
ID Required [generated schema],ID Required,generated schema,yichunzhao/jooq-dao,1,1,1,100.000000,100.000000,1.000000
ID Required [generated schema],ID Required,generated schema,yihaozhong/BuyUp,4,1,1,25.000000,25.000000,1.000000
ID Required [generated schema],ID Required,generated schema,yilmazorhan/smallapps.tips,1,1,1,100.000000,100.000000,1.000000
ID Required [generated schema],ID Required,generated schema,yiminyangguang520/Java-Learning,1,1,1,100.000000,100.000000,1.000000
ID Required [generated schema],ID Required,generated schema,young0264/jungsuri,14,12,12,85.714286,85.714286,1.000000
ID Required [generated schema],ID Required,generated schema,youngzil/quickstart-database,2,2,2,100.000000,100.000000,1.000000
ID Required [generated schema],ID Required,generated schema,yuizho/spring-sandbox,2,2,2,100.000000,100.000000,1.000000
ID Required [generated schema],ID Required,generated schema,yuzhongyousida/zipkin,3,0,0,0.000000,0.000000,
ID Required [generated schema],ID Required,generated schema,zangzang/java-test,4,4,4,100.000000,100.000000,1.000000
ID Required [generated schema],ID Required,generated schema,zero-ws/zero-ecotope,270,30,30,11.111111,11.111111,1.000000
ID Required [generated schema],ID Required,generated schema,zhengqingya/java-workspace,1,1,1,100.000000,100.000000,1.000000
ID Required [generated schema],ID Required,generated schema,zhengzizhe/agent_demo,15,9,9,60.000000,60.000000,1.000000
ID Required [generated schema],ID Required,generated schema,zhouzhaodong/springboot,1,1,1,100.000000,100.000000,1.000000
ID Required [generated schema],ID Required,generated schema,zhuyb0614/graph-batis,5,0,0,0.000000,0.000000,
ID Required [generated schema],ID Required,generated schema,zigzag191/java-backend-course-2024,3,1,1,33.333333,33.333333,1.000000
ID Required [generated schema],ID Required,generated schema,zjxkenshine/codedemo,1,1,1,100.000000,100.000000,1.000000
ID Required [generated schema],ID Required,generated schema,zodac-personal/folding-stats,11,2,2,18.181818,18.181818,1.000000
Keyless Entry [generated schema],Keyless Entry,generated schema,4el1k/Spring-Api-Hibernate-JOOQ,6,1,1,16.666667,16.666667,1.000000
Keyless Entry [generated schema],Keyless Entry,generated schema,66xc1/lazy-punch,4,1,1,25.000000,25.000000,1.000000
Keyless Entry [generated schema],Keyless Entry,generated schema,ABCLV/ABLV_IngSW,15,1,1,6.666667,6.666667,1.000000
Keyless Entry [generated schema],Keyless Entry,generated schema,APSfurizon/fz-backend,19,1,1,5.263158,5.263158,1.000000
Keyless Entry [generated schema],Keyless Entry,generated schema,AWS-Cloud-Community-LPU/mailing-service,1,0,0,0.000000,0.000000,
Keyless Entry [generated schema],Keyless Entry,generated schema,AffectedArc07/ParaUtil,3,1,1,33.333333,33.333333,1.000000
Keyless Entry [generated schema],Keyless Entry,generated schema,AisleiAvila/empresa,8,0,0,0.000000,0.000000,
Keyless Entry [generated schema],Keyless Entry,generated schema,AkaLrz/E-commercial-Platfrom,5,2,2,40.000000,40.000000,1.000000
Keyless Entry [generated schema],Keyless Entry,generated schema,AlexSpeal/Tracking-Bot,3,0,0,0.000000,0.000000,
Keyless Entry [generated schema],Keyless Entry,generated schema,Alexandr-Kokorin/JavaCourse2024,3,0,0,0.000000,0.000000,
Keyless Entry [generated schema],Keyless Entry,generated schema,AlexzTj/p2p,2,0,0,0.000000,0.000000,
Keyless Entry [generated schema],Keyless Entry,generated schema,AlphaFoxz/oneboot,3,2,2,66.666667,66.666667,1.000000
Keyless Entry [generated schema],Keyless Entry,generated schema,AnastasiaPleshkova/tnkf-tracker,3,0,0,0.000000,0.000000,
Keyless Entry [generated schema],Keyless Entry,generated schema,AndrewSalygin/LinkTracker-Tinkoff,3,0,0,0.000000,0.000000,
Keyless Entry [generated schema],Keyless Entry,generated schema,Andrey582/NotificationBot,3,0,0,0.000000,0.000000,
Keyless Entry [generated schema],Keyless Entry,generated schema,Ani512/online-tutoring-app-backend,5,0,0,0.000000,0.000000,
Keyless Entry [generated schema],Keyless Entry,generated schema,AntonioRusan/LinkTracker,5,0,0,0.000000,0.000000,
Keyless Entry [generated schema],Keyless Entry,generated schema,Apress/beginning-jooq,24,6,6,25.000000,25.000000,1.000000
Keyless Entry [generated schema],Keyless Entry,generated schema,Apress/pro-spring-6,8,0,0,0.000000,0.000000,
Keyless Entry [generated schema],Keyless Entry,generated schema,AprilHan1992/fleet-spring-boot,33,24,17,51.515152,72.727273,1.411765
Keyless Entry [generated schema],Keyless Entry,generated schema,ArcaHozota/nasb1995edv3,10,0,0,0.000000,0.000000,
Keyless Entry [generated schema],Keyless Entry,generated schema,Arden30/TinkoffJavaBackendSpring23-24,4,0,0,0.000000,0.000000,
Keyless Entry [generated schema],Keyless Entry,generated schema,AtroposBot/Atropos,10,0,0,0.000000,0.000000,
Keyless Entry [generated schema],Keyless Entry,generated schema,Atsushi68/trunk,18,6,6,33.333333,33.333333,1.000000
Keyless Entry [generated schema],Keyless Entry,generated schema,Ayazkins/Java-Tinkoff-sem-2,3,0,0,0.000000,0.000000,
Keyless Entry [generated schema],Keyless Entry,generated schema,BRP-API/brp-api-gezag,5,3,3,60.000000,60.000000,1.000000
Keyless Entry [generated schema],Keyless Entry,generated schema,BenMAPCE/BenCloudServer,181,505,135,74.585635,279.005525,3.740741
Keyless Entry [generated schema],Keyless Entry,generated schema,BinaryIgor/tools-and-templates,7,1,1,14.285714,14.285714,1.000000
Keyless Entry [generated schema],Keyless Entry,generated schema,Blackdread/rest-filter,2,1,1,50.000000,50.000000,1.000000
Keyless Entry [generated schema],Keyless Entry,generated schema,BlakieSL/SpringJOOQ_DAO,5,0,0,0.000000,0.000000,
Keyless Entry [generated schema],Keyless Entry,generated schema,BluBluBlaBla/vidsummize,1,0,0,0.000000,0.000000,
Keyless Entry [generated schema],Keyless Entry,generated schema,BogBond2000/Itmo_labs,2,0,0,0.000000,0.000000,
Keyless Entry [generated schema],Keyless Entry,generated schema,BorisovAlexspb/Update_tracker_bot,4,0,0,0.000000,0.000000,
Keyless Entry [generated schema],Keyless Entry,generated schema,Bruh3509/updates-tracker,3,0,0,0.000000,0.000000,
Keyless Entry [generated schema],Keyless Entry,generated schema,BuchnevDmitry/LinkTracker,3,0,0,0.000000,0.000000,
Keyless Entry [generated schema],Keyless Entry,generated schema,BudgetingWebsite/Backend,4,0,0,0.000000,0.000000,
Keyless Entry [generated schema],Keyless Entry,generated schema,CaXaPCMeDoM/tinkoff-java-course-2024-backend,3,0,0,0.000000,0.000000,
Keyless Entry [generated schema],Keyless Entry,generated schema,CaptainCluster/data_intensive_assignment_3,5,0,0,0.000000,0.000000,
Keyless Entry [generated schema],Keyless Entry,generated schema,CatOrLeader/Tinkoff_Link_Tracker,3,0,0,0.000000,0.000000,
Keyless Entry [generated schema],Keyless Entry,generated schema,ChatCode9/ChatCode-backend,31,30,17,54.838710,96.774194,1.764706
Keyless Entry [generated schema],Keyless Entry,generated schema,Claydelas/dashboard-fx,5,1,1,20.000000,20.000000,1.000000
Keyless Entry [generated schema],Keyless Entry,generated schema,D-Muscipula/tinkoff-java-backend-link-tracker-project,3,0,0,0.000000,0.000000,
Keyless Entry [generated schema],Keyless Entry,generated schema,DanieleGotti/MED,11,6,6,54.545455,54.545455,1.000000
Keyless Entry [generated schema],Keyless Entry,generated schema,Daniil-Vl/link-tracker,3,0,0,0.000000,0.000000,
Keyless Entry [generated schema],Keyless Entry,generated schema,Daniil4639/Tinkoff_Repository_2,3,0,0,0.000000,0.000000,
Keyless Entry [generated schema],Keyless Entry,generated schema,DanjiTalk/danji-talk-backend,3,2,2,66.666667,66.666667,1.000000
Keyless Entry [generated schema],Keyless Entry,generated schema,Dankoy/jforwarder,1,0,0,0.000000,0.000000,
Keyless Entry [generated schema],Keyless Entry,generated schema,DarplexDev/darplex-java,4,0,0,0.000000,0.000000,
Keyless Entry [generated schema],Keyless Entry,generated schema,DavidJi80/springboot,1,0,0,0.000000,0.000000,
Keyless Entry [generated schema],Keyless Entry,generated schema,DiSSCo/dissco-core-annotation-processing-service,4,2,1,25.000000,50.000000,2.000000
Keyless Entry [generated schema],Keyless Entry,generated schema,DiSSCo/dissco-core-backend,6,1,1,16.666667,16.666667,1.000000
Keyless Entry [generated schema],Keyless Entry,generated schema,DiSSCo/dissco-core-digital-specimen-processor,2,0,0,0.000000,0.000000,
Keyless Entry [generated schema],Keyless Entry,generated schema,DiSSCo/dissco-core-translator,3,1,1,33.333333,33.333333,1.000000
Keyless Entry [generated schema],Keyless Entry,generated schema,DiSSCo/dissco-data-exporter-backend,2,0,0,0.000000,0.000000,
Keyless Entry [generated schema],Keyless Entry,generated schema,DiamondArt/Java-jooq,6,0,0,0.000000,0.000000,
Keyless Entry [generated schema],Keyless Entry,generated schema,DmitriyKosolobov/java-course-2024-backend,3,0,0,0.000000,0.000000,
Keyless Entry [generated schema],Keyless Entry,generated schema,DrBrother/notification-system,3,0,0,0.000000,0.000000,
Keyless Entry [generated schema],Keyless Entry,generated schema,DragomiroiuStefan/rideshare,8,0,0,0.000000,0.000000,
Keyless Entry [generated schema],Keyless Entry,generated schema,Drewbie18/spring-rest,7,0,0,0.000000,0.000000,
Keyless Entry [generated schema],Keyless Entry,generated schema,E1psycongr00/STUDY_REFERENCE,1,0,0,0.000000,0.000000,
Keyless Entry [generated schema],Keyless Entry,generated schema,E1psycongr00/study_jooq_codegen_with_flyway_jpa,1,0,0,0.000000,0.000000,
Keyless Entry [generated schema],Keyless Entry,generated schema,EHRoute/EHR-Route,3,0,0,0.000000,0.000000,
Keyless Entry [generated schema],Keyless Entry,generated schema,Efler/microservice-data-bus,3,0,0,0.000000,0.000000,
Keyless Entry [generated schema],Keyless Entry,generated schema,Efler/telegram-scrapper-bot,4,0,0,0.000000,0.000000,
Keyless Entry [generated schema],Keyless Entry,generated schema,Eliorika/tinkoff-java-backend,3,0,0,0.000000,0.000000,
Keyless Entry [generated schema],Keyless Entry,generated schema,Emented/webLab3,1,0,0,0.000000,0.000000,
Keyless Entry [generated schema],Keyless Entry,generated schema,EngineDevOps2/programming-todolist-fullstack,1,0,0,0.000000,0.000000,
Keyless Entry [generated schema],Keyless Entry,generated schema,EuphoriaV/UpdateMonitoringBot,3,0,0,0.000000,0.000000,
Keyless Entry [generated schema],Keyless Entry,generated schema,FOKO-KENMOGNE-Wilfried/siggeac_prototype,14,1,1,7.142857,7.142857,1.000000
Keyless Entry [generated schema],Keyless Entry,generated schema,FeKom/lab-ecommerce,1,0,0,0.000000,0.000000,
Keyless Entry [generated schema],Keyless Entry,generated schema,FeldmannJR/constellation-common,1,0,0,0.000000,0.000000,
Keyless Entry [generated schema],Keyless Entry,generated schema,FeldmannJR/redstonegang,36,8,8,22.222222,22.222222,1.000000
Keyless Entry [generated schema],Keyless Entry,generated schema,Fics3/tink_java_backend_course_spring,5,0,0,0.000000,0.000000,
Keyless Entry [generated schema],Keyless Entry,generated schema,FilippoBolis/MED_Progetto_Ing_Software_23_24,9,4,4,44.444444,44.444444,1.000000
Keyless Entry [generated schema],Keyless Entry,generated schema,FrankChen021/bithon,19,5,5,26.315789,26.315789,1.000000
Keyless Entry [generated schema],Keyless Entry,generated schema,FrankChen021/bithon-demo,1,0,0,0.000000,0.000000,
Keyless Entry [generated schema],Keyless Entry,generated schema,GAIM-Tech-OM/killbill-ompay-plugin,2,0,0,0.000000,0.000000,
Keyless Entry [generated schema],Keyless Entry,generated schema,Gabriele-Mazzoleni/SmarTrip,3,1,1,33.333333,33.333333,1.000000
Keyless Entry [generated schema],Keyless Entry,generated schema,Garrettc96/cacophony,11,0,0,0.000000,0.000000,
Keyless Entry [generated schema],Keyless Entry,generated schema,Geomatys/examind-community,50,5,5,10.000000,10.000000,1.000000
Keyless Entry [generated schema],Keyless Entry,generated schema,GeorgyDemidenkov/DemidenkovGD_Y-234_2kurs2sem,3,0,0,0.000000,0.000000,
Keyless Entry [generated schema],Keyless Entry,generated schema,Grigalgol/vk_education_hm6,4,0,0,0.000000,0.000000,
Keyless Entry [generated schema],Keyless Entry,generated schema,GyrosOfWar/imagehive,4,0,0,0.000000,0.000000,
Keyless Entry [generated schema],Keyless Entry,generated schema,HSLdevcom/jore4-jore3-importer,80,5,5,6.250000,6.250000,1.000000
Keyless Entry [generated schema],Keyless Entry,generated schema,Hamednallah/Basariat-POS,28,0,0,0.000000,0.000000,
Keyless Entry [generated schema],Keyless Entry,generated schema,Hamednallah/Market-POS,0,0,0,,,
Keyless Entry [generated schema],Keyless Entry,generated schema,Hellblazer/quantum-db,10,0,0,0.000000,0.000000,
Keyless Entry [generated schema],Keyless Entry,generated schema,Hixon10/spring-boot-security,1,0,0,0.000000,0.000000,
Keyless Entry [generated schema],Keyless Entry,generated schema,HoZanDung/ho-workflow,44,7,6,13.636364,15.909091,1.166667
Keyless Entry [generated schema],Keyless Entry,generated schema,Hogeyama/try-java,4,3,2,50.000000,75.000000,1.500000
Keyless Entry [generated schema],Keyless Entry,generated schema,IAGrig/link-updates-notifier,3,0,0,0.000000,0.000000,
Keyless Entry [generated schema],Keyless Entry,generated schema,IlyaAbramovv/UpdatesAnnouncer,3,0,0,0.000000,0.000000,
Keyless Entry [generated schema],Keyless Entry,generated schema,IvanShabunin379/java-course-2024,3,0,0,0.000000,0.000000,
Keyless Entry [generated schema],Keyless Entry,generated schema,JGMelon22/ListDemoJava,1,0,0,0.000000,0.000000,
Keyless Entry [generated schema],Keyless Entry,generated schema,JacobLewandowskiDev/GwentMMO-Backend,1,0,0,0.000000,0.000000,
Keyless Entry [generated schema],Keyless Entry,generated schema,JakeMathews/recommendation-engine,2,0,0,0.000000,0.000000,
Keyless Entry [generated schema],Keyless Entry,generated schema,JixinZhang19/Online-Shopping-System-for-Black-Friday,8,1,1,12.500000,12.500000,1.000000
Keyless Entry [generated schema],Keyless Entry,generated schema,JohannesRabauer/hibernate-vs-jooq,5,0,0,0.000000,0.000000,
Keyless Entry [generated schema],Keyless Entry,generated schema,Jominjong/mjjo-test-project,5,4,3,60.000000,80.000000,1.333333
Keyless Entry [generated schema],Keyless Entry,generated schema,KEN3pei/oauth-hands-on,6,1,1,16.666667,16.666667,1.000000
Keyless Entry [generated schema],Keyless Entry,generated schema,KGjertsson/macro-hub,44,0,0,0.000000,0.000000,
Keyless Entry [generated schema],Keyless Entry,generated schema,Karthik1226/onedata_patient,7,0,0,0.000000,0.000000,
Keyless Entry [generated schema],Keyless Entry,generated schema,Kazuuma-19/nippogen,5,0,0,0.000000,0.000000,
Keyless Entry [generated schema],Keyless Entry,generated schema,Kirill06344/TinkoffWebApplication,3,0,0,0.000000,0.000000,
Keyless Entry [generated schema],Keyless Entry,generated schema,KirillSakira/link-tracker,3,0,0,0.000000,0.000000,
Keyless Entry [generated schema],Keyless Entry,generated schema,KittyBot-Org/KittyBot,19,0,0,0.000000,0.000000,
Keyless Entry [generated schema],Keyless Entry,generated schema,Knicksaas/gourmet-gate,13,0,0,0.000000,0.000000,
Keyless Entry [generated schema],Keyless Entry,generated schema,KyleGuanDP/Assignment4,2,0,0,0.000000,0.000000,
Keyless Entry [generated schema],Keyless Entry,generated schema,LARCH1K/LinkTracker-Bot,3,0,0,0.000000,0.000000,
Keyless Entry [generated schema],Keyless Entry,generated schema,LalisaST/java_course_2,4,0,0,0.000000,0.000000,
Keyless Entry [generated schema],Keyless Entry,generated schema,LeHa2505/OnThiService,14,9,8,57.142857,64.285714,1.125000
Keyless Entry [generated schema],Keyless Entry,generated schema,LiangChenDLJ/VIPManager,3,0,0,0.000000,0.000000,
Keyless Entry [generated schema],Keyless Entry,generated schema,LianjiaTech/bella-assistants,11,10,4,36.363636,90.909091,2.500000
Keyless Entry [generated schema],Keyless Entry,generated schema,LianjiaTech/bella-knowledge,15,0,0,0.000000,0.000000,
Keyless Entry [generated schema],Keyless Entry,generated schema,LianjiaTech/bella-openapi,17,7,6,35.294118,41.176471,1.166667
Keyless Entry [generated schema],Keyless Entry,generated schema,LianjiaTech/bella-workflow,19,11,10,52.631579,57.894737,1.100000
Keyless Entry [generated schema],Keyless Entry,generated schema,Link-Profit-System/java_mvvm,7,14,7,100.000000,200.000000,2.000000
Keyless Entry [generated schema],Keyless Entry,generated schema,LintaoAmons/java-jooq-runable-code,4,1,1,25.000000,25.000000,1.000000
Keyless Entry [generated schema],Keyless Entry,generated schema,LogDS/SimulatorOrchestrator,46,0,0,0.000000,0.000000,
Keyless Entry [generated schema],Keyless Entry,generated schema,LucidMinded/java-course-2023-backend,3,0,0,0.000000,0.000000,
Keyless Entry [generated schema],Keyless Entry,generated schema,M1nsong-Kim/practice-jooq,7,4,3,42.857143,57.142857,1.333333
Keyless Entry [generated schema],Keyless Entry,generated schema,MAK-Cpp/backend-java-s2,3,0,0,0.000000,0.000000,
Keyless Entry [generated schema],Keyless Entry,generated schema,MIZINCHIK/java-course-2023-backend,3,0,0,0.000000,0.000000,
Keyless Entry [generated schema],Keyless Entry,generated schema,Macbeth-Klm/Tinkoff-java-course-2024,3,0,0,0.000000,0.000000,
Keyless Entry [generated schema],Keyless Entry,generated schema,Maczi01/sockets,2,0,0,0.000000,0.000000,
Keyless Entry [generated schema],Keyless Entry,generated schema,MahjongRepository/YagiMotel,1,0,0,0.000000,0.000000,
Keyless Entry [generated schema],Keyless Entry,generated schema,Malest-GmbH-Co-KG/Prog_3_Projektarbeit,4,0,0,0.000000,0.000000,
Keyless Entry [generated schema],Keyless Entry,generated schema,MarinaBiryukova/tinkoff-java,3,0,0,0.000000,0.000000,
Keyless Entry [generated schema],Keyless Entry,generated schema,MaroderKo/parts_shop,3,0,0,0.000000,0.000000,
Keyless Entry [generated schema],Keyless Entry,generated schema,Mateuzz/music-website-spring,9,0,0,0.000000,0.000000,
Keyless Entry [generated schema],Keyless Entry,generated schema,MaxZhukoff/tinkoff-bot,3,0,0,0.000000,0.000000,
Keyless Entry [generated schema],Keyless Entry,generated schema,Missssha/Tinkofff-Back,4,3,2,50.000000,75.000000,1.500000
Keyless Entry [generated schema],Keyless Entry,generated schema,Molzonas/EkEep,7,2,1,14.285714,28.571429,2.000000
Keyless Entry [generated schema],Keyless Entry,generated schema,MyP99999/NewsAggregatorBackend,4,0,0,0.000000,0.000000,
Keyless Entry [generated schema],Keyless Entry,generated schema,Mykindos/BetterPvP,78,15,12,15.384615,19.230769,1.250000
Keyless Entry [generated schema],Keyless Entry,generated schema,NaspoDev/url-shortener,1,0,0,0.000000,0.000000,
Keyless Entry [generated schema],Keyless Entry,generated schema,NastyaLush/java-course-2024-backend,3,0,0,0.000000,0.000000,
Keyless Entry [generated schema],Keyless Entry,generated schema,Ne1loff/OnboardingPlatform,6,3,3,50.000000,50.000000,1.000000
Keyless Entry [generated schema],Keyless Entry,generated schema,Neonik-dev/Update-Tracker-Bot,3,0,0,0.000000,0.000000,
Keyless Entry [generated schema],Keyless Entry,generated schema,NevinTure/java-course-2024,5,0,0,0.000000,0.000000,
Keyless Entry [generated schema],Keyless Entry,generated schema,Nick-552/link-tracker,3,0,0,0.000000,0.000000,
Keyless Entry [generated schema],Keyless Entry,generated schema,NurtilekMamashakirov/Bot-Link-Tracker,3,0,0,0.000000,0.000000,
Keyless Entry [generated schema],Keyless Entry,generated schema,Nyrheim/PenAndPaper,7,2,2,28.571429,28.571429,1.000000
Keyless Entry [generated schema],Keyless Entry,generated schema,OAGi/Score,216,26,15,6.944444,12.037037,1.733333
Keyless Entry [generated schema],Keyless Entry,generated schema,Online-Tutoring-Application-Team-11/backend-rest-API-service,5,0,0,0.000000,0.000000,
Keyless Entry [generated schema],Keyless Entry,generated schema,Origin-Masters/Cantine-Planner,3,2,2,66.666667,66.666667,1.000000
Keyless Entry [generated schema],Keyless Entry,generated schema,Ovoshchko/BackendTinkoffJavaSpring,9,1,1,11.111111,11.111111,1.000000
Keyless Entry [generated schema],Keyless Entry,generated schema,PKNU-CERT-IS/BE,24,0,0,0.000000,0.000000,
Keyless Entry [generated schema],Keyless Entry,generated schema,Pa11ady/java-link-tracker,3,0,0,0.000000,0.000000,
Keyless Entry [generated schema],Keyless Entry,generated schema,Pacan4ik/tinkoff-course-spring2023,3,0,0,0.000000,0.000000,
Keyless Entry [generated schema],Keyless Entry,generated schema,ParadiseSS13/TaskDaemon,261,115,84,32.183908,44.061303,1.369048
Keyless Entry [generated schema],Keyless Entry,generated schema,PathmindAI/pathmind-webapp,17,0,0,0.000000,0.000000,
Keyless Entry [generated schema],Keyless Entry,generated schema,PonomarevAlexxander/telegram-notifier,3,0,0,0.000000,0.000000,
Keyless Entry [generated schema],Keyless Entry,generated schema,Programming-Org/Programming,5,0,0,0.000000,0.000000,
Keyless Entry [generated schema],Keyless Entry,generated schema,Prohkit/java-backend-course-2-link-tracker,5,0,0,0.000000,0.000000,
Keyless Entry [generated schema],Keyless Entry,generated schema,ProstaOlga/prostaBot,5,0,0,0.000000,0.000000,
Keyless Entry [generated schema],Keyless Entry,generated schema,Puru80/food-ordering-system,6,0,0,0.000000,0.000000,
Keyless Entry [generated schema],Keyless Entry,generated schema,QuantuM1o1/Tinkoff2024Homeworks,6,0,0,0.000000,0.000000,
Keyless Entry [generated schema],Keyless Entry,generated schema,Raha089/oops,3,0,0,0.000000,0.000000,
Keyless Entry [generated schema],Keyless Entry,generated schema,Reazzzz/oosp-zadanya,3,0,0,0.000000,0.000000,
Keyless Entry [generated schema],Keyless Entry,generated schema,Rohan-flutterint/texera,10,0,0,0.000000,0.000000,
Keyless Entry [generated schema],Keyless Entry,generated schema,RomanZozuliauniversity/Javacourework,4,0,0,0.000000,0.000000,
Keyless Entry [generated schema],Keyless Entry,generated schema,RuslanAndrianov/Backend-Java-Tinkoff-Spring-2024,3,0,0,0.000000,0.000000,
Keyless Entry [generated schema],Keyless Entry,generated schema,RuslanHkmoff/java-backend-course,3,0,0,0.000000,0.000000,
Keyless Entry [generated schema],Keyless Entry,generated schema,SOmegaS/financial-tracker,1,0,0,0.000000,0.000000,
Keyless Entry [generated schema],Keyless Entry,generated schema,Saiyan1/tl-challenge,1,0,0,0.000000,0.000000,
Keyless Entry [generated schema],Keyless Entry,generated schema,SavageSyrop/VK-courses,14,6,4,28.571429,42.857143,1.500000
Keyless Entry [generated schema],Keyless Entry,generated schema,ShaDi777/java-course-2024-backend,4,0,0,0.000000,0.000000,
Keyless Entry [generated schema],Keyless Entry,generated schema,ShakurDmitrii/inline,2,2,2,100.000000,100.000000,1.000000
Keyless Entry [generated schema],Keyless Entry,generated schema,SightStudio/blog-code,16,1,1,6.250000,6.250000,1.000000
Keyless Entry [generated schema],Keyless Entry,generated schema,SleepwalkerPasha/egorov_pa_project,2,0,0,0.000000,0.000000,
Keyless Entry [generated schema],Keyless Entry,generated schema,SlideHehe/java-backend-course-2,4,0,0,0.000000,0.000000,
Keyless Entry [generated schema],Keyless Entry,generated schema,SmallWorlds-Forever/sw-streaming,72,7,6,8.333333,9.722222,1.166667
Keyless Entry [generated schema],Keyless Entry,generated schema,SoylentBob/jooq-mock,4,0,0,0.000000,0.000000,
Keyless Entry [generated schema],Keyless Entry,generated schema,Space27/JavaBackendSpring,3,0,0,0.000000,0.000000,
Keyless Entry [generated schema],Keyless Entry,generated schema,Stasik371/LinkTrackingBot,2,0,0,0.000000,0.000000,
Keyless Entry [generated schema],Keyless Entry,generated schema,StubbornJava/StubbornJava,7,0,0,0.000000,0.000000,
Keyless Entry [generated schema],Keyless Entry,generated schema,Stumpwiz/mrradb,5,0,0,0.000000,0.000000,
Keyless Entry [generated schema],Keyless Entry,generated schema,Subtelny/DGCraft,6,1,1,16.666667,16.666667,1.000000
Keyless Entry [generated schema],Keyless Entry,generated schema,TaitoUnited/full-stack-template,1,0,0,0.000000,0.000000,
Keyless Entry [generated schema],Keyless Entry,generated schema,TerraByteDev/SkyFactionsReborn,13,11,10,76.923077,84.615385,1.100000
Keyless Entry [generated schema],Keyless Entry,generated schema,TheLQ/forum-scraper,8,6,6,75.000000,75.000000,1.000000
Keyless Entry [generated schema],Keyless Entry,generated schema,Thee5176/SpringBoot_CQRS_Command,5,0,0,0.000000,0.000000,
Keyless Entry [generated schema],Keyless Entry,generated schema,Thee5176/SpringBoot_CQRS_Query,5,0,0,0.000000,0.000000,
Keyless Entry [generated schema],Keyless Entry,generated schema,Thulasidharreddy/task-service,2,0,0,0.000000,0.000000,
Keyless Entry [generated schema],Keyless Entry,generated schema,Tiltuem/tinkoff-java-course-2024,6,0,0,0.000000,0.000000,
Keyless Entry [generated schema],Keyless Entry,generated schema,TivM/Tinkoff-Project,3,0,0,0.000000,0.000000,
Keyless Entry [generated schema],Keyless Entry,generated schema,Tosin-dotcom/notez-backend,4,0,0,0.000000,0.000000,
Keyless Entry [generated schema],Keyless Entry,generated schema,TovarischZhukov/jooq_example,2,0,0,0.000000,0.000000,
Keyless Entry [generated schema],Keyless Entry,generated schema,TranNgocKhoa/play-framework-java-jooq-example,6,0,0,0.000000,0.000000,
Keyless Entry [generated schema],Keyless Entry,generated schema,TunixR/HarmonyAPI,25,0,0,0.000000,0.000000,
Keyless Entry [generated schema],Keyless Entry,generated schema,UKEIAM/de.uke.iam.parkinson_on_fhir,10,0,0,0.000000,0.000000,
Keyless Entry [generated schema],Keyless Entry,generated schema,UniCodeProjects/AmusementParkDB,21,0,0,0.000000,0.000000,
Keyless Entry [generated schema],Keyless Entry,generated schema,Unite-Organisation/Unite,22,0,0,0.000000,0.000000,
Keyless Entry [generated schema],Keyless Entry,generated schema,VadymOselskyi/airlines-booking,4,4,2,50.000000,100.000000,2.000000
Keyless Entry [generated schema],Keyless Entry,generated schema,VictorGalkevich/LinkScrapper,5,0,0,0.000000,0.000000,
Keyless Entry [generated schema],Keyless Entry,generated schema,ViktoriaGub/Object-oriented-programming-systems,3,0,0,0.000000,0.000000,
Keyless Entry [generated schema],Keyless Entry,generated schema,VladimirMorozov/orm-playground,3,0,0,0.000000,0.000000,
Keyless Entry [generated schema],Keyless Entry,generated schema,VoroninEgor/TgBot-LinkTracker,3,0,0,0.000000,0.000000,
Keyless Entry [generated schema],Keyless Entry,generated schema,Wani4ka/tcs-edu-task,3,0,0,0.000000,0.000000,
Keyless Entry [generated schema],Keyless Entry,generated schema,WolfOfBad/TinkoffJavaCourse2024,3,0,0,0.000000,0.000000,
Keyless Entry [generated schema],Keyless Entry,generated schema,YaroslavChetskiy/tinkoff_course_backend_part,4,0,0,0.000000,0.000000,
Keyless Entry [generated schema],Keyless Entry,generated schema,Yer12/tastamat,4,1,1,25.000000,25.000000,1.000000
Keyless Entry [generated schema],Keyless Entry,generated schema,YuliaKrav/WebContentUpdateService,2,0,0,0.000000,0.000000,
Keyless Entry [generated schema],Keyless Entry,generated schema,Yuno-obsessed/jodrive,13,1,1,7.692308,7.692308,1.000000
Keyless Entry [generated schema],Keyless Entry,generated schema,ZanottiMatteo/BGTransports,10,15,4,40.000000,150.000000,3.750000
Keyless Entry [generated schema],Keyless Entry,generated schema,ZebdaYacine/demofx,14,0,0,0.000000,0.000000,
Keyless Entry [generated schema],Keyless Entry,generated schema,ZsgsDesign/openvsx,18,1,1,5.555556,5.555556,1.000000
Keyless Entry [generated schema],Keyless Entry,generated schema,ZwierzchowskiM/Client-Server,2,0,0,0.000000,0.000000,
Keyless Entry [generated schema],Keyless Entry,generated schema,aabarmin/telegram-bots,7,0,0,0.000000,0.000000,
Keyless Entry [generated schema],Keyless Entry,generated schema,aahlenst/jOOQ-mcve-json-quoting,7,0,0,0.000000,0.000000,
Keyless Entry [generated schema],Keyless Entry,generated schema,aceton41k/java-test-framework,5,5,3,60.000000,100.000000,1.666667
Keyless Entry [generated schema],Keyless Entry,generated schema,activej/activej,2,0,0,0.000000,0.000000,
Keyless Entry [generated schema],Keyless Entry,generated schema,aerius/emission-service,90,1,1,1.111111,1.111111,1.000000
Keyless Entry [generated schema],Keyless Entry,generated schema,agibalov/java-library-experiments,2,0,0,0.000000,0.000000,
Keyless Entry [generated schema],Keyless Entry,generated schema,akozitsin-hh/hh-jooq-intro,5,0,0,0.000000,0.000000,
Keyless Entry [generated schema],Keyless Entry,generated schema,aleckbb/tracking-bot,3,0,0,0.000000,0.000000,
Keyless Entry [generated schema],Keyless Entry,generated schema,aleksseii/TradingOperations,4,0,0,0.000000,0.000000,
Keyless Entry [generated schema],Keyless Entry,generated schema,alexxiuccia/TrackMe,7,6,4,57.142857,85.714286,1.500000
Keyless Entry [generated schema],Keyless Entry,generated schema,alipay/container-auto-tune,45,35,24,53.333333,77.777778,1.458333
Keyless Entry [generated schema],Keyless Entry,generated schema,alpa011235/sandbox,5,0,0,0.000000,0.000000,
Keyless Entry [generated schema],Keyless Entry,generated schema,altusea/wpg,2,1,1,50.000000,50.000000,1.000000
Keyless Entry [generated schema],Keyless Entry,generated schema,alvin-qh/study-java,5,9,4,80.000000,180.000000,2.250000
Keyless Entry [generated schema],Keyless Entry,generated schema,amalrajvinoth/jooq-optimistic-locking,1,0,0,0.000000,0.000000,
Keyless Entry [generated schema],Keyless Entry,generated schema,anpol84/java-course-2024,3,0,0,0.000000,0.000000,
Keyless Entry [generated schema],Keyless Entry,generated schema,anyamilichenko/soa,6,0,0,0.000000,0.000000,
Keyless Entry [generated schema],Keyless Entry,generated schema,aplygen/j13n-saas,6,8,4,66.666667,133.333333,2.000000
Keyless Entry [generated schema],Keyless Entry,generated schema,arhostcode/linktracker,3,0,0,0.000000,0.000000,
Keyless Entry [generated schema],Keyless Entry,generated schema,arijit98/RestaurentManagementService,4,1,1,25.000000,25.000000,1.000000
Keyless Entry [generated schema],Keyless Entry,generated schema,arnaudroger/SimpleFlatMapper,3,0,0,0.000000,0.000000,
Keyless Entry [generated schema],Keyless Entry,generated schema,artemius39/java-backend-2024,3,0,0,0.000000,0.000000,
Keyless Entry [generated schema],Keyless Entry,generated schema,articles-simbirsoft/JOOQ-use-in-testing,5,0,0,0.000000,0.000000,
Keyless Entry [generated schema],Keyless Entry,generated schema,artseroff/link-tracker,3,0,0,0.000000,0.000000,
Keyless Entry [generated schema],Keyless Entry,generated schema,atolcd/sdis-remocra,394,18,9,2.284264,4.568528,2.000000
Keyless Entry [generated schema],Keyless Entry,generated schema,atomfrede/javaland-2022-karate-workshop,1,0,0,0.000000,0.000000,
Keyless Entry [generated schema],Keyless Entry,generated schema,auliardana/Java-orm-jooq,1,0,0,0.000000,0.000000,
Keyless Entry [generated schema],Keyless Entry,generated schema,averbraeck/gamedata-common,38,0,0,0.000000,0.000000,
Keyless Entry [generated schema],Keyless Entry,generated schema,averbraeck/housinggame-common,31,0,0,0.000000,0.000000,
Keyless Entry [generated schema],Keyless Entry,generated schema,averbraeck/trustgame,20,0,0,0.000000,0.000000,
Keyless Entry [generated schema],Keyless Entry,generated schema,averbraeck/trustgame-register,20,0,0,0.000000,0.000000,
Keyless Entry [generated schema],Keyless Entry,generated schema,averbraeck/trustgame-scores,20,0,0,0.000000,0.000000,
Keyless Entry [generated schema],Keyless Entry,generated schema,aws-observability/aws-otel-playground,1,0,0,0.000000,0.000000,
Keyless Entry [generated schema],Keyless Entry,generated schema,aytdm/study,3,1,1,33.333333,33.333333,1.000000
Keyless Entry [generated schema],Keyless Entry,generated schema,badgerwithagun/async-all-the-way-down,2,0,0,0.000000,0.000000,
Keyless Entry [generated schema],Keyless Entry,generated schema,balazskrizsan/stackjudge_aws_java,1,0,0,0.000000,0.000000,
Keyless Entry [generated schema],Keyless Entry,generated schema,beargiles/youtube-dojo,1,0,0,0.000000,0.000000,
Keyless Entry [generated schema],Keyless Entry,generated schema,bennofs/wdumper,4,0,0,0.000000,0.000000,
Keyless Entry [generated schema],Keyless Entry,generated schema,bharat-chaudhari-0302/spring-jooq-gradle-plugin,1,0,0,0.000000,0.000000,
Keyless Entry [generated schema],Keyless Entry,generated schema,bifidok/TinkoffBackend,5,0,0,0.000000,0.000000,
Keyless Entry [generated schema],Keyless Entry,generated schema,bigseized/TinkoffCourseJava2024,3,0,0,0.000000,0.000000,
Keyless Entry [generated schema],Keyless Entry,generated schema,blueoceandevops/fleet-spring-boot,1,0,0,0.000000,0.000000,
Keyless Entry [generated schema],Keyless Entry,generated schema,boogiespook/waltz-test,88,64,48,54.545455,72.727273,1.333333
Keyless Entry [generated schema],Keyless Entry,generated schema,boomzin/dbservice,10,0,0,0.000000,0.000000,
Keyless Entry [generated schema],Keyless Entry,generated schema,bootique-examples/bootique-jooq-examples,1,0,0,0.000000,0.000000,
Keyless Entry [generated schema],Keyless Entry,generated schema,borjom1/cloud-nest,10,5,5,50.000000,50.000000,1.000000
Keyless Entry [generated schema],Keyless Entry,generated schema,brianbcampbell/z_beast-product-catalog,3,1,1,33.333333,33.333333,1.000000
Keyless Entry [generated schema],Keyless Entry,generated schema,brody-0125/The-Joy-Of-Java,2,0,0,0.000000,0.000000,
Keyless Entry [generated schema],Keyless Entry,generated schema,bsi-software/ScoutJooq,26,18,15,57.692308,69.230769,1.200000
Keyless Entry [generated schema],Keyless Entry,generated schema,btpka3/btpka3.github.com,240,12,11,4.583333,5.000000,1.090909
Keyless Entry [generated schema],Keyless Entry,generated schema,buster/acmemusic,4,2,2,50.000000,50.000000,1.000000
Keyless Entry [generated schema],Keyless Entry,generated schema,c00ler/transfer-service,3,2,1,33.333333,66.666667,2.000000
Keyless Entry [generated schema],Keyless Entry,generated schema,cardano-foundation/cardano-rosetta-java,22,10,8,36.363636,45.454545,1.250000
Keyless Entry [generated schema],Keyless Entry,generated schema,catsloveme/telegram-bot,3,0,0,0.000000,0.000000,
Keyless Entry [generated schema],Keyless Entry,generated schema,chriswininger/ai-document-query-system,3,0,0,0.000000,0.000000,
Keyless Entry [generated schema],Keyless Entry,generated schema,clearflask/clearflask,11,0,0,0.000000,0.000000,
Keyless Entry [generated schema],Keyless Entry,generated schema,cn-src/snippets-java,1,0,0,0.000000,0.000000,
Keyless Entry [generated schema],Keyless Entry,generated schema,coduction/famulex,54,0,0,0.000000,0.000000,
Keyless Entry [generated schema],Keyless Entry,generated schema,constZhur/tinkoff-backend-course-2024,3,0,0,0.000000,0.000000,
Keyless Entry [generated schema],Keyless Entry,generated schema,cooder-org/jooq-mate,2,1,1,50.000000,50.000000,1.000000
Keyless Entry [generated schema],Keyless Entry,generated schema,corradomio/java_projects,1,0,0,0.000000,0.000000,
Keyless Entry [generated schema],Keyless Entry,generated schema,crate/cratedb-examples,2,0,0,0.000000,0.000000,
Keyless Entry [generated schema],Keyless Entry,generated schema,crick77/usrbilancio,20,1,1,5.000000,5.000000,1.000000
Keyless Entry [generated schema],Keyless Entry,generated schema,crunchykillah/rest_api_springmvc,5,0,0,0.000000,0.000000,
Keyless Entry [generated schema],Keyless Entry,generated schema,cyberpunkoff/tracktor,3,0,0,0.000000,0.000000,
Keyless Entry [generated schema],Keyless Entry,generated schema,cycastic-cumberland/libmanage-backend,11,0,0,0.000000,0.000000,
Keyless Entry [generated schema],Keyless Entry,generated schema,danmofo/fitness-tracker-app,7,0,0,0.000000,0.000000,
Keyless Entry [generated schema],Keyless Entry,generated schema,dbist/cockroach-docker,2,0,0,0.000000,0.000000,
Keyless Entry [generated schema],Keyless Entry,generated schema,deepakborania/revolut-backend-task,3,3,2,66.666667,100.000000,1.500000
Keyless Entry [generated schema],Keyless Entry,generated schema,dehasi/ppp-of-ddd,2,1,1,50.000000,50.000000,1.000000
Keyless Entry [generated schema],Keyless Entry,generated schema,derabbink/sws2,1,0,0,0.000000,0.000000,
Keyless Entry [generated schema],Keyless Entry,generated schema,devstronomy/nasa-data-scraper,2,0,0,0.000000,0.000000,
Keyless Entry [generated schema],Keyless Entry,generated schema,dianainya/platform-backend,15,0,0,0.000000,0.000000,
Keyless Entry [generated schema],Keyless Entry,generated schema,diocorrea/imagewrapper,1,0,0,0.000000,0.000000,
Keyless Entry [generated schema],Keyless Entry,generated schema,djma/play-stack,2,0,0,0.000000,0.000000,
Keyless Entry [generated schema],Keyless Entry,generated schema,dndanoff/spring-boot-unit-integration-test-example,1,0,0,0.000000,0.000000,
Keyless Entry [generated schema],Keyless Entry,generated schema,dominikjaniga91/system-design-interview-projects,1,0,0,0.000000,0.000000,
Keyless Entry [generated schema],Keyless Entry,generated schema,dreamPis/oauth,6,2,2,33.333333,33.333333,1.000000
Keyless Entry [generated schema],Keyless Entry,generated schema,dzorbey/order-scheduling,5,5,3,60.000000,100.000000,1.666667
Keyless Entry [generated schema],Keyless Entry,generated schema,easkarov/repo-caretaker,3,0,0,0.000000,0.000000,
Keyless Entry [generated schema],Keyless Entry,generated schema,ebi-gene-expression-group/annotare2,6,0,0,0.000000,0.000000,
Keyless Entry [generated schema],Keyless Entry,generated schema,eclipse-scout/scout.rt,1,0,0,0.000000,0.000000,
Keyless Entry [generated schema],Keyless Entry,generated schema,eclipse/openvsx,28,0,0,0.000000,0.000000,
Keyless Entry [generated schema],Keyless Entry,generated schema,ehrbase/migration-tool,75,5,1,1.333333,6.666667,5.000000
Keyless Entry [generated schema],Keyless Entry,generated schema,ekgreen/star-boot,2,2,2,100.000000,100.000000,1.000000
Keyless Entry [generated schema],Keyless Entry,generated schema,ekruptsov/jooq-retrofit-crud-poc,1,0,0,0.000000,0.000000,
Keyless Entry [generated schema],Keyless Entry,generated schema,elwin013/todoapp-multitenancy,4,1,1,25.000000,25.000000,1.000000
Keyless Entry [generated schema],Keyless Entry,generated schema,emapfff/Link-Tracker,5,0,0,0.000000,0.000000,
Keyless Entry [generated schema],Keyless Entry,generated schema,ericdriggs/reportcard,15,0,0,0.000000,0.000000,
Keyless Entry [generated schema],Keyless Entry,generated schema,eterny13/url-shortener,1,0,0,0.000000,0.000000,
Keyless Entry [generated schema],Keyless Entry,generated schema,evagalyuta/services-city-discover,7,0,0,0.000000,0.000000,
Keyless Entry [generated schema],Keyless Entry,generated schema,eziomou/library-backend,11,0,0,0.000000,0.000000,
Keyless Entry [generated schema],Keyless Entry,generated schema,f-uni/Quizzy,5,0,0,0.000000,0.000000,
Keyless Entry [generated schema],Keyless Entry,generated schema,fantj2016/springboot-integration,1,0,0,0.000000,0.000000,
Keyless Entry [generated schema],Keyless Entry,generated schema,fasten-project/fasten,19,0,0,0.000000,0.000000,
Keyless Entry [generated schema],Keyless Entry,generated schema,fatihcatalkaya/poker-tracker,3,0,0,0.000000,0.000000,
Keyless Entry [generated schema],Keyless Entry,generated schema,fedemaleh/chess-challenge-java-1,2,0,0,0.000000,0.000000,
Keyless Entry [generated schema],Keyless Entry,generated schema,filipegar/killbill-getnet,2,0,0,0.000000,0.000000,
Keyless Entry [generated schema],Keyless Entry,generated schema,fishedee/Demo,2,0,0,0.000000,0.000000,
Keyless Entry [generated schema],Keyless Entry,generated schema,fuma-nama/U3-Server,12,18,10,83.333333,150.000000,1.800000
Keyless Entry [generated schema],Keyless Entry,generated schema,gchq/stroom,65,7,5,7.692308,10.769231,1.400000
Keyless Entry [generated schema],Keyless Entry,generated schema,gchq/stroom-auth,4,0,0,0.000000,0.000000,
Keyless Entry [generated schema],Keyless Entry,generated schema,ge1up/healthy-calories_by_spring,5,1,1,20.000000,20.000000,1.000000
Keyless Entry [generated schema],Keyless Entry,generated schema,gekoramy/uni.web,26,0,0,0.000000,0.000000,
Keyless Entry [generated schema],Keyless Entry,generated schema,genenakagaki/ddd-sample,1,0,0,0.000000,0.000000,
Keyless Entry [generated schema],Keyless Entry,generated schema,germinateplatform/gatekeeper-server,14,0,0,0.000000,0.000000,
Keyless Entry [generated schema],Keyless Entry,generated schema,gilbertlim/jooq,23,1,1,4.347826,4.347826,1.000000
Keyless Entry [generated schema],Keyless Entry,generated schema,giovene44/Cinemanager_Software_Engineering_project,9,9,5,55.555556,100.000000,1.800000
Keyless Entry [generated schema],Keyless Entry,generated schema,glassbell/bp-keeper,1,1,1,100.000000,100.000000,1.000000
Keyless Entry [generated schema],Keyless Entry,generated schema,glockyco/Teralizer,12,0,0,0.000000,0.000000,
Keyless Entry [generated schema],Keyless Entry,generated schema,gmoon92/toy,5,0,0,0.000000,0.000000,
Keyless Entry [generated schema],Keyless Entry,generated schema,gonzo1138/jOOQinSpring-basics,1,0,0,0.000000,0.000000,
Keyless Entry [generated schema],Keyless Entry,generated schema,gourmetgate/gourmetgate,1,0,0,0.000000,0.000000,
Keyless Entry [generated schema],Keyless Entry,generated schema,graphql-java/graphql-java-db-example,13,0,0,0.000000,0.000000,
Keyless Entry [generated schema],Keyless Entry,generated schema,h8/gradle-jooq-example,2,0,0,0.000000,0.000000,
Keyless Entry [generated schema],Keyless Entry,generated schema,hashgraph/hedera-hcs-erc721-sample,25,1,1,4.000000,4.000000,1.000000
Keyless Entry [generated schema],Keyless Entry,generated schema,haumacher/wizard-game,3,0,0,0.000000,0.000000,
Keyless Entry [generated schema],Keyless Entry,generated schema,hevan/agri-cloud,42,87,39,92.857143,207.142857,2.230769
Keyless Entry [generated schema],Keyless Entry,generated schema,hiddenswitch/Spellsource,225,32,28,12.444444,14.222222,1.142857
Keyless Entry [generated schema],Keyless Entry,generated schema,hieplp/recipe-platform,7,5,4,57.142857,71.428571,1.250000
Keyless Entry [generated schema],Keyless Entry,generated schema,hieplp/vinorsoft-hometest,3,2,1,33.333333,66.666667,2.000000
Keyless Entry [generated schema],Keyless Entry,generated schema,highloadmipt/expensewriter,1,0,0,0.000000,0.000000,
Keyless Entry [generated schema],Keyless Entry,generated schema,hpple/revolut-backend-test,2,0,0,0.000000,0.000000,
Keyless Entry [generated schema],Keyless Entry,generated schema,huruiyi/books-source,4,1,1,25.000000,25.000000,1.000000
Keyless Entry [generated schema],Keyless Entry,generated schema,hyt-sasaki/SpringBootMicroServiceTutorial,1,0,0,0.000000,0.000000,
Keyless Entry [generated schema],Keyless Entry,generated schema,icefery/demo.icefery.xyz,5,0,0,0.000000,0.000000,
Keyless Entry [generated schema],Keyless Entry,generated schema,itboy87/quarkus-ext-jooq,1,0,0,0.000000,0.000000,
Keyless Entry [generated schema],Keyless Entry,generated schema,iyunbo/stackoverflow,5,0,0,0.000000,0.000000,
Keyless Entry [generated schema],Keyless Entry,generated schema,jOOQ/demo,62,0,0,0.000000,0.000000,
Keyless Entry [generated schema],Keyless Entry,generated schema,jOOQ/jOOQ-mcve,7,0,0,0.000000,0.000000,
Keyless Entry [generated schema],Keyless Entry,generated schema,jackbergus/java_logicalconsistency,20,4,2,10.000000,20.000000,2.000000
Keyless Entry [generated schema],Keyless Entry,generated schema,jasondlee/quarkus-dev-service-full-example,2,0,0,0.000000,0.000000,
Keyless Entry [generated schema],Keyless Entry,generated schema,jasontran320/texera_compose,20,1,1,5.000000,5.000000,1.000000
Keyless Entry [generated schema],Keyless Entry,generated schema,jefberpe/restful-demo,3,0,0,0.000000,0.000000,
Keyless Entry [generated schema],Keyless Entry,generated schema,jehugaleahsa/javalin-mvc-starter,2,1,1,50.000000,50.000000,1.000000
Keyless Entry [generated schema],Keyless Entry,generated schema,jiangtj-lab/jooq-and-flyway,2,0,0,0.000000,0.000000,
Keyless Entry [generated schema],Keyless Entry,generated schema,jiangtj/jc-platform,6,4,4,66.666667,66.666667,1.000000
Keyless Entry [generated schema],Keyless Entry,generated schema,jiangtj/jmicro,3,2,2,66.666667,66.666667,1.000000
Keyless Entry [generated schema],Keyless Entry,generated schema,jkingster/Tickster,3,1,1,33.333333,33.333333,1.000000
Keyless Entry [generated schema],Keyless Entry,generated schema,jklingsporn/vertx-jooq,90,0,0,0.000000,0.000000,
Keyless Entry [generated schema],Keyless Entry,generated schema,jmingu/petcrown-backend,19,45,17,89.473684,236.842105,2.647059
Keyless Entry [generated schema],Keyless Entry,generated schema,joaoseidel/MussCraft,1,0,0,0.000000,0.000000,
Keyless Entry [generated schema],Keyless Entry,generated schema,joostvdg/cmg-analytics,1,0,0,0.000000,0.000000,
Keyless Entry [generated schema],Keyless Entry,generated schema,jordanamr/Divarena-old,7,1,1,14.285714,14.285714,1.000000
Keyless Entry [generated schema],Keyless Entry,generated schema,jsflzhong/cjSpringboot-demo,8,5,3,37.500000,62.500000,1.666667
Keyless Entry [generated schema],Keyless Entry,generated schema,juanhaugaard/H2-sakila,16,1,1,6.250000,6.250000,1.000000
Keyless Entry [generated schema],Keyless Entry,generated schema,jubicoy/easymapper,4,0,0,0.000000,0.000000,
Keyless Entry [generated schema],Keyless Entry,generated schema,justhecool/SmallWorlds-Forever,127,14,10,7.874016,11.023622,1.400000
Keyless Entry [generated schema],Keyless Entry,generated schema,justmasyan/vkhomeworks,8,0,0,0.000000,0.000000,
Keyless Entry [generated schema],Keyless Entry,generated schema,k0patych1/java-course-2023-s2,3,0,0,0.000000,0.000000,
Keyless Entry [generated schema],Keyless Entry,generated schema,k55k32/learn-jooq,53,10,10,18.867925,18.867925,1.000000
Keyless Entry [generated schema],Keyless Entry,generated schema,kaeru61/chat_app,4,0,0,0.000000,0.000000,
Keyless Entry [generated schema],Keyless Entry,generated schema,kamarkaka/app-updater,3,1,1,33.333333,33.333333,1.000000
Keyless Entry [generated schema],Keyless Entry,generated schema,kamil-sita/labelle,23,1,1,4.347826,4.347826,1.000000
Keyless Entry [generated schema],Keyless Entry,generated schema,kanki6315/racing-analysis,14,0,0,0.000000,0.000000,
Keyless Entry [generated schema],Keyless Entry,generated schema,kappsegla/databaseprojects,12,2,1,8.333333,16.666667,2.000000
Keyless Entry [generated schema],Keyless Entry,generated schema,keeleinstituut/ekilex,207,1,1,0.483092,0.483092,1.000000
Keyless Entry [generated schema],Keyless Entry,generated schema,kehuka11/graphql_sample,5,6,3,60.000000,120.000000,2.000000
Keyless Entry [generated schema],Keyless Entry,generated schema,khanactl/mcorpus,7,0,0,0.000000,0.000000,
Keyless Entry [generated schema],Keyless Entry,generated schema,khanhduy-14/pro-todolist-java,3,2,1,33.333333,66.666667,2.000000
Keyless Entry [generated schema],Keyless Entry,generated schema,killbill/killbill-stripe-plugin,3,0,0,0.000000,0.000000,
Keyless Entry [generated schema],Keyless Entry,generated schema,kkaravitis/pricing-api,2,0,0,0.000000,0.000000,
Keyless Entry [generated schema],Keyless Entry,generated schema,kmaximk/Link-tracker-bot,3,0,0,0.000000,0.000000,
Keyless Entry [generated schema],Keyless Entry,generated schema,kozakto/ContactManager,1,0,0,0.000000,0.000000,
Keyless Entry [generated schema],Keyless Entry,generated schema,krivonosovti/LinktrackerLast,3,0,0,0.000000,0.000000,
Keyless Entry [generated schema],Keyless Entry,generated schema,krupnoveo/Link-Tracker,3,0,0,0.000000,0.000000,
Keyless Entry [generated schema],Keyless Entry,generated schema,kryakobess/TinkoffBackendCourse,2,0,0,0.000000,0.000000,
Keyless Entry [generated schema],Keyless Entry,generated schema,ksamorodov/SpringAuth,1,0,0,0.000000,0.000000,
Keyless Entry [generated schema],Keyless Entry,generated schema,ksamorodov/corset,4,0,0,0.000000,0.000000,
Keyless Entry [generated schema],Keyless Entry,generated schema,kushtrimh/tomorr,5,4,2,40.000000,80.000000,2.000000
Keyless Entry [generated schema],Keyless Entry,generated schema,labinochka/semester-work-agona,4,0,0,0.000000,0.000000,
Keyless Entry [generated schema],Keyless Entry,generated schema,lahraye/farm-collector-task,5,0,0,0.000000,0.000000,
Keyless Entry [generated schema],Keyless Entry,generated schema,lamarios/mmath,9,5,4,44.444444,55.555556,1.250000
Keyless Entry [generated schema],Keyless Entry,generated schema,lelup24/blog,14,0,0,0.000000,0.000000,
Keyless Entry [generated schema],Keyless Entry,generated schema,lelup24/spring-boot-websocket,7,0,0,0.000000,0.000000,
Keyless Entry [generated schema],Keyless Entry,generated schema,leoiii12/csci3170-project,4,0,0,0.000000,0.000000,
Keyless Entry [generated schema],Keyless Entry,generated schema,leoleelwl/springboot_jooq_flyway,2,0,0,0.000000,0.000000,
Keyless Entry [generated schema],Keyless Entry,generated schema,lesam19092/Tinkoff_first_project,3,2,2,66.666667,66.666667,1.000000
Keyless Entry [generated schema],Keyless Entry,generated schema,letPeace/VK-homework-6,4,0,0,0.000000,0.000000,
Keyless Entry [generated schema],Keyless Entry,generated schema,lightningdevkit/vss-server,1,0,0,0.000000,0.000000,
Keyless Entry [generated schema],Keyless Entry,generated schema,liljarn/tinkoffCourseJava2024,3,0,0,0.000000,0.000000,
Keyless Entry [generated schema],Keyless Entry,generated schema,lin-mt/spring-boot,1,0,0,0.000000,0.000000,
Keyless Entry [generated schema],Keyless Entry,generated schema,linux-china/jooq-demo,5,4,2,40.000000,80.000000,2.000000
Keyless Entry [generated schema],Keyless Entry,generated schema,liuyueyi/spring-boot-demo,5,1,1,20.000000,20.000000,1.000000
Keyless Entry [generated schema],Keyless Entry,generated schema,liuzheming/merchant-feecal-mvp,7,8,5,71.428571,114.285714,1.600000
Keyless Entry [generated schema],Keyless Entry,generated schema,ljk0071/side-project-back,46,39,23,50.000000,84.782609,1.695652
Keyless Entry [generated schema],Keyless Entry,generated schema,lsfoster64/gymhelper,3,4,3,100.000000,133.333333,1.333333
Keyless Entry [generated schema],Keyless Entry,generated schema,lsn03/java-2023-backend-second-semester,5,0,0,0.000000,0.000000,
Keyless Entry [generated schema],Keyless Entry,generated schema,lwbeamer/tinkoff-course,3,0,0,0.000000,0.000000,
Keyless Entry [generated schema],Keyless Entry,generated schema,lzbkln/java-course-tinkoff-spring-2024,5,0,0,0.000000,0.000000,
Keyless Entry [generated schema],Keyless Entry,generated schema,lzj09/sw-jooq,1,0,0,0.000000,0.000000,
Keyless Entry [generated schema],Keyless Entry,generated schema,magicswissweed/MagicSwissWeed2.0,10,3,3,30.000000,30.000000,1.000000
Keyless Entry [generated schema],Keyless Entry,generated schema,makeitfine-org/mif,1,0,0,0.000000,0.000000,
Keyless Entry [generated schema],Keyless Entry,generated schema,maksmolchdmitr/tinkoffLinkUpdater,4,0,0,0.000000,0.000000,
Keyless Entry [generated schema],Keyless Entry,generated schema,marcato10/manaca-framework,6,0,0,0.000000,0.000000,
Keyless Entry [generated schema],Keyless Entry,generated schema,marijarin/tin_back_hws,4,0,0,0.000000,0.000000,
Keyless Entry [generated schema],Keyless Entry,generated schema,marlind89/kensa,2,0,0,0.000000,0.000000,
Keyless Entry [generated schema],Keyless Entry,generated schema,martynovvladislav/tinkoff-java-backend-course-2024,3,0,0,0.000000,0.000000,
Keyless Entry [generated schema],Keyless Entry,generated schema,matco/hotspot-api,5,1,1,20.000000,20.000000,1.000000
Keyless Entry [generated schema],Keyless Entry,generated schema,matuolis/financial-analysis-be,6,0,0,0.000000,0.000000,
Keyless Entry [generated schema],Keyless Entry,generated schema,matuolis/vehicle-marketplace-be,4,4,2,50.000000,100.000000,2.000000
Keyless Entry [generated schema],Keyless Entry,generated schema,maximister/LinkTrackerBot,3,0,0,0.000000,0.000000,
Keyless Entry [generated schema],Keyless Entry,generated schema,mbto/eatlog,7,0,0,0.000000,0.000000,
Keyless Entry [generated schema],Keyless Entry,generated schema,mbto/funnyranks,12,0,0,0.000000,0.000000,
Keyless Entry [generated schema],Keyless Entry,generated schema,mehdikeshani/MyFasten,19,0,0,0.000000,0.000000,
Keyless Entry [generated schema],Keyless Entry,generated schema,merlimmateus/vidsummize,1,0,0,0.000000,0.000000,
Keyless Entry [generated schema],Keyless Entry,generated schema,metaloom/loom,44,17,16,36.363636,38.636364,1.062500
Keyless Entry [generated schema],Keyless Entry,generated schema,migibert/embro,11,0,0,0.000000,0.000000,
Keyless Entry [generated schema],Keyless Entry,generated schema,miguelperezcolom/mateu-article-2,5,2,2,40.000000,40.000000,1.000000
Keyless Entry [generated schema],Keyless Entry,generated schema,mikerasch/dal,2,0,0,0.000000,0.000000,
Keyless Entry [generated schema],Keyless Entry,generated schema,mingtiangg/LTG,25,14,10,40.000000,56.000000,1.400000
Keyless Entry [generated schema],Keyless Entry,generated schema,mini-crm/mini-crm,2,0,0,0.000000,0.000000,
Keyless Entry [generated schema],Keyless Entry,generated schema,mistresssfilth/HM8,2,0,0,0.000000,0.000000,
Keyless Entry [generated schema],Keyless Entry,generated schema,mochegov/rock-paper-scissors,3,0,0,0.000000,0.000000,
Keyless Entry [generated schema],Keyless Entry,generated schema,modlix-india/nocode-saas,93,7,6,6.451613,7.526882,1.166667
Keyless Entry [generated schema],Keyless Entry,generated schema,mullerhai/mysql-modeldb,35,0,0,0.000000,0.000000,
Keyless Entry [generated schema],Keyless Entry,generated schema,murl-digital/squier,2,0,0,0.000000,0.000000,
Keyless Entry [generated schema],Keyless Entry,generated schema,mwilkins91/mythology-v2,6,0,0,0.000000,0.000000,
Keyless Entry [generated schema],Keyless Entry,generated schema,my1exp/YC_Pay,12,5,4,33.333333,41.666667,1.250000
Keyless Entry [generated schema],Keyless Entry,generated schema,mytakedotorg/mtdo,11,1,1,9.090909,9.090909,1.000000
Keyless Entry [generated schema],Keyless Entry,generated schema,nameishari/money-transfer-service,2,0,0,0.000000,0.000000,
Keyless Entry [generated schema],Keyless Entry,generated schema,navikt/veilarblest,2,0,0,0.000000,0.000000,
Keyless Entry [generated schema],Keyless Entry,generated schema,neptunejing/SkillUp-Ecom-Plat,8,1,1,12.500000,12.500000,1.000000
Keyless Entry [generated schema],Keyless Entry,generated schema,nianien/jooq-tutorial,3,1,1,33.333333,33.333333,1.000000
Keyless Entry [generated schema],Keyless Entry,generated schema,nianien/katana,4,2,2,50.000000,50.000000,1.000000
Keyless Entry [generated schema],Keyless Entry,generated schema,nikguscode/HackathonMax,9,9,7,77.777778,100.000000,1.285714
Keyless Entry [generated schema],Keyless Entry,generated schema,nikolay-klekto/FunScrutContactCenterBot,5,1,1,20.000000,20.000000,1.000000
Keyless Entry [generated schema],Keyless Entry,generated schema,niranjankhare/SeleniumPageModeller,8,1,1,12.500000,12.500000,1.000000
Keyless Entry [generated schema],Keyless Entry,generated schema,nocarend/Tinkoff-Edu-Backend-Java,2,0,0,0.000000,0.000000,
Keyless Entry [generated schema],Keyless Entry,generated schema,noir2k/speechear,20,5,4,20.000000,25.000000,1.250000
Keyless Entry [generated schema],Keyless Entry,generated schema,nortal/GovStack-IM-BB-PubSub-Component,11,0,0,0.000000,0.000000,
Keyless Entry [generated schema],Keyless Entry,generated schema,northcoder-repo/jooqSakilaDemo,46,2,2,4.347826,4.347826,1.000000
Keyless Entry [generated schema],Keyless Entry,generated schema,nuromirzak/tinkoff_academy,3,1,1,33.333333,33.333333,1.000000
Keyless Entry [generated schema],Keyless Entry,generated schema,nyh1030/rocketmart-pcweb,11,3,3,27.272727,27.272727,1.000000
Keyless Entry [generated schema],Keyless Entry,generated schema,ojhughes/concourse-http-lock-resource,4,2,2,50.000000,50.000000,1.000000
Keyless Entry [generated schema],Keyless Entry,generated schema,oneops/oneops,41,15,11,26.829268,36.585366,1.363636
Keyless Entry [generated schema],Keyless Entry,generated schema,oracle/graalvm-reachability-metadata,10,0,0,0.000000,0.000000,
Keyless Entry [generated schema],Keyless Entry,generated schema,otto15/ITMO-WEB-LAB3,1,0,0,0.000000,0.000000,
Keyless Entry [generated schema],Keyless Entry,generated schema,pawelWielkolinski/SDABetApp,3,0,0,0.000000,0.000000,
Keyless Entry [generated schema],Keyless Entry,generated schema,pedroafonsodias/springboot,1,0,0,0.000000,0.000000,
Keyless Entry [generated schema],Keyless Entry,generated schema,pedroermarinho/teach-sync,3,1,1,33.333333,33.333333,1.000000
Keyless Entry [generated schema],Keyless Entry,generated schema,philosopherstonerush/java-notes,4,0,0,0.000000,0.000000,
Keyless Entry [generated schema],Keyless Entry,generated schema,phpbae/JOOQ,2,0,0,0.000000,0.000000,
Keyless Entry [generated schema],Keyless Entry,generated schema,picodotdev/blog-ejemplos,7,0,0,0.000000,0.000000,
Keyless Entry [generated schema],Keyless Entry,generated schema,poemp/metadata-gather,5,4,4,80.000000,80.000000,1.000000
Keyless Entry [generated schema],Keyless Entry,generated schema,polytech-attendance/taskbot,3,0,0,0.000000,0.000000,
Keyless Entry [generated schema],Keyless Entry,generated schema,ppretki/mysql-spatial-data,1,0,0,0.000000,0.000000,
Keyless Entry [generated schema],Keyless Entry,generated schema,pratyush05/trade-app,3,0,0,0.000000,0.000000,
Keyless Entry [generated schema],Keyless Entry,generated schema,pro100bat9/tg_chat,3,0,0,0.000000,0.000000,
Keyless Entry [generated schema],Keyless Entry,generated schema,propan/tea-buddy,2,0,0,0.000000,0.000000,
Keyless Entry [generated schema],Keyless Entry,generated schema,puzink/Wallet,1,0,0,0.000000,0.000000,
Keyless Entry [generated schema],Keyless Entry,generated schema,pvkvetkin/trackcontent,5,0,0,0.000000,0.000000,
Keyless Entry [generated schema],Keyless Entry,generated schema,pvorb/npm-stat.com,6,0,0,0.000000,0.000000,
Keyless Entry [generated schema],Keyless Entry,generated schema,qiao-zhi/springboot-ssm,3,2,1,33.333333,66.666667,2.000000
Keyless Entry [generated schema],Keyless Entry,generated schema,qimok/sharding-jdbc-test,2,1,1,50.000000,50.000000,1.000000
Keyless Entry [generated schema],Keyless Entry,generated schema,quarkiverse/quarkus-jooq,2,0,0,0.000000,0.000000,
Keyless Entry [generated schema],Keyless Entry,generated schema,quickmsg/smqtt,2,0,0,0.000000,0.000000,
Keyless Entry [generated schema],Keyless Entry,generated schema,quinscape/automaton,7,0,0,0.000000,0.000000,
Keyless Entry [generated schema],Keyless Entry,generated schema,quinscape/domainql,23,0,0,0.000000,0.000000,
Keyless Entry [generated schema],Keyless Entry,generated schema,quinscape/domainqlstarter,4,0,0,0.000000,0.000000,
Keyless Entry [generated schema],Keyless Entry,generated schema,r0masaN/PurchaseTask,2,1,1,50.000000,50.000000,1.000000
Keyless Entry [generated schema],Keyless Entry,generated schema,raissabeccarelli/UniBite,3,1,1,33.333333,33.333333,1.000000
Keyless Entry [generated schema],Keyless Entry,generated schema,ralscha/attic,8,0,0,0.000000,0.000000,
Keyless Entry [generated schema],Keyless Entry,generated schema,ralscha/blog2019,3,0,0,0.000000,0.000000,
Keyless Entry [generated schema],Keyless Entry,generated schema,ralscha/blog2020,1,0,0,0.000000,0.000000,
Keyless Entry [generated schema],Keyless Entry,generated schema,ralscha/otodo,3,0,0,0.000000,0.000000,
Keyless Entry [generated schema],Keyless Entry,generated schema,ralscha/realworld-spring-boot-jooq,7,0,0,0.000000,0.000000,
Keyless Entry [generated schema],Keyless Entry,generated schema,ralscha/springsecuritytotp,1,0,0,0.000000,0.000000,
Keyless Entry [generated schema],Keyless Entry,generated schema,ralscha/webauthn-demo,2,0,0,0.000000,0.000000,
Keyless Entry [generated schema],Keyless Entry,generated schema,ramoncunha/rinha-backend,1,0,0,0.000000,0.000000,
Keyless Entry [generated schema],Keyless Entry,generated schema,rayokota/kcache,1,0,0,0.000000,0.000000,
Keyless Entry [generated schema],Keyless Entry,generated schema,renan-schmitt/spring-boot-jooq,1,0,0,0.000000,0.000000,
Keyless Entry [generated schema],Keyless Entry,generated schema,rench/scio,1,0,0,0.000000,0.000000,
Keyless Entry [generated schema],Keyless Entry,generated schema,reportportal/commons-dao,60,11,6,10.000000,18.333333,1.833333
Keyless Entry [generated schema],Keyless Entry,generated schema,revensif/Tinkoff_Course2024,4,0,0,0.000000,0.000000,
Keyless Entry [generated schema],Keyless Entry,generated schema,rockmanck/lifebook,13,9,7,53.846154,69.230769,1.285714
Keyless Entry [generated schema],Keyless Entry,generated schema,rodano/rodano,33,19,10,30.303030,57.575758,1.900000
Keyless Entry [generated schema],Keyless Entry,generated schema,rogoo/java-raiz,5,0,0,0.000000,0.000000,
Keyless Entry [generated schema],Keyless Entry,generated schema,romchellis/transactions,1,0,0,0.000000,0.000000,
Keyless Entry [generated schema],Keyless Entry,generated schema,rzenkov/perfplayground,5,1,1,20.000000,20.000000,1.000000
Keyless Entry [generated schema],Keyless Entry,generated schema,s3nkyh/Library,6,0,0,0.000000,0.000000,
Keyless Entry [generated schema],Keyless Entry,generated schema,saksonikEgor/java-course-2023-backend-template-master,3,0,0,0.000000,0.000000,
Keyless Entry [generated schema],Keyless Entry,generated schema,saltybots/secretsalty-backend-j,5,0,0,0.000000,0.000000,
Keyless Entry [generated schema],Keyless Entry,generated schema,sayseakleng/template,1,0,0,0.000000,0.000000,
Keyless Entry [generated schema],Keyless Entry,generated schema,sdumancic/quarkus-template,5,0,0,0.000000,0.000000,
Keyless Entry [generated schema],Keyless Entry,generated schema,sebastian-raubach/frickl-web-server,14,0,0,0.000000,0.000000,
Keyless Entry [generated schema],Keyless Entry,generated schema,self-xdsd/self-storage,16,2,2,12.500000,12.500000,1.000000
Keyless Entry [generated schema],Keyless Entry,generated schema,serdeliverance/turro-lingo-api,3,0,0,0.000000,0.000000,
Keyless Entry [generated schema],Keyless Entry,generated schema,serje3/BotDiscordBackend,8,1,1,12.500000,12.500000,1.000000
Keyless Entry [generated schema],Keyless Entry,generated schema,sfk25/annually_report,9,9,5,55.555556,100.000000,1.800000
Keyless Entry [generated schema],Keyless Entry,generated schema,sge93/jooq-testcontainers-demo,1,0,0,0.000000,0.000000,
Keyless Entry [generated schema],Keyless Entry,generated schema,shengquan-ni/reshape-on-amber,10,0,0,0.000000,0.000000,
Keyless Entry [generated schema],Keyless Entry,generated schema,shev-81/jooqtest,2,0,0,0.000000,0.000000,
Keyless Entry [generated schema],Keyless Entry,generated schema,shileishmily/spring-boot-jooq-demo,2,0,0,0.000000,0.000000,
Keyless Entry [generated schema],Keyless Entry,generated schema,shilohooo/learn-jooq,8,4,4,50.000000,50.000000,1.000000
Keyless Entry [generated schema],Keyless Entry,generated schema,sify21/testjooq,3,0,0,0.000000,0.000000,
Keyless Entry [generated schema],Keyless Entry,generated schema,sikt-no/graphitron,33,0,0,0.000000,0.000000,
Keyless Entry [generated schema],Keyless Entry,generated schema,sim1984/fbjavaex,10,0,0,0.000000,0.000000,
Keyless Entry [generated schema],Keyless Entry,generated schema,sjucker/mvu-platform,15,1,1,6.666667,6.666667,1.000000
Keyless Entry [generated schema],Keyless Entry,generated schema,sjucker/referee-coach-probasket,10,2,1,10.000000,20.000000,2.000000
Keyless Entry [generated schema],Keyless Entry,generated schema,sjucker/zkmf2024-server,35,8,3,8.571429,22.857143,2.666667
Keyless Entry [generated schema],Keyless Entry,generated schema,skapral/poetryclub,5,0,0,0.000000,0.000000,
Keyless Entry [generated schema],Keyless Entry,generated schema,skyleedevzero86/Spring_lee_Module,15,1,1,6.666667,6.666667,1.000000
Keyless Entry [generated schema],Keyless Entry,generated schema,smartywebdev0119/springsecurity-top,1,0,0,0.000000,0.000000,
Keyless Entry [generated schema],Keyless Entry,generated schema,smix22/kitaplan,1,0,0,0.000000,0.000000,
Keyless Entry [generated schema],Keyless Entry,generated schema,smockoro/spring-boot-java-jooq,2,1,1,50.000000,50.000000,1.000000
Keyless Entry [generated schema],Keyless Entry,generated schema,snhr-1019/task-app-example,2,1,1,50.000000,50.000000,1.000000
Keyless Entry [generated schema],Keyless Entry,generated schema,sogeking7/booking-hotel-app,12,11,7,58.333333,91.666667,1.571429
Keyless Entry [generated schema],Keyless Entry,generated schema,sogeking7/hacknu-25-zaman-bank-ai-app,8,9,7,87.500000,112.500000,1.285714
Keyless Entry [generated schema],Keyless Entry,generated schema,sokolovskayaa/tinkoff-project,3,0,0,0.000000,0.000000,
Keyless Entry [generated schema],Keyless Entry,generated schema,sooogle/micronaut-petclinic,7,0,0,0.000000,0.000000,
Keyless Entry [generated schema],Keyless Entry,generated schema,spacedragon/dgit,3,0,0,0.000000,0.000000,
Keyless Entry [generated schema],Keyless Entry,generated schema,spectuu/equipo-4-ings-202520,4,0,0,0.000000,0.000000,
Keyless Entry [generated schema],Keyless Entry,generated schema,ssydx/django_wesite,1,0,0,0.000000,0.000000,
Keyless Entry [generated schema],Keyless Entry,generated schema,streamarr/streamarr-server,12,0,0,0.000000,0.000000,
Keyless Entry [generated schema],Keyless Entry,generated schema,stukenvitalii/TinkoffBot,3,2,2,66.666667,66.666667,1.000000
Keyless Entry [generated schema],Keyless Entry,generated schema,sun-fintrack/fintrack-back,5,8,4,80.000000,160.000000,2.000000
Keyless Entry [generated schema],Keyless Entry,generated schema,svp8/java-course-2024,7,0,0,0.000000,0.000000,
Keyless Entry [generated schema],Keyless Entry,generated schema,sweatboys/open-discogs-api,29,0,0,0.000000,0.000000,
Keyless Entry [generated schema],Keyless Entry,generated schema,sylvan-tang/auro,1,0,0,0.000000,0.000000,
Keyless Entry [generated schema],Keyless Entry,generated schema,synonymdev/vss-server,1,0,0,0.000000,0.000000,
Keyless Entry [generated schema],Keyless Entry,generated schema,t3hw/mhn,1,0,0,0.000000,0.000000,
Keyless Entry [generated schema],Keyless Entry,generated schema,tanjezh/spring-demos,5,1,1,20.000000,20.000000,1.000000
Keyless Entry [generated schema],Keyless Entry,generated schema,tapis-project/tapis-apps,3,1,1,33.333333,33.333333,1.000000
Keyless Entry [generated schema],Keyless Entry,generated schema,tapis-project/tapis-files,2,0,0,0.000000,0.000000,
Keyless Entry [generated schema],Keyless Entry,generated schema,tapis-project/tapis-notifications,6,0,0,0.000000,0.000000,
Keyless Entry [generated schema],Keyless Entry,generated schema,tapis-project/tapis-systems,5,1,1,20.000000,20.000000,1.000000
Keyless Entry [generated schema],Keyless Entry,generated schema,tariqkb/justweighit,4,0,0,0.000000,0.000000,
Keyless Entry [generated schema],Keyless Entry,generated schema,teragrep/pth_06,7,0,0,0.000000,0.000000,
Keyless Entry [generated schema],Keyless Entry,generated schema,the-programmers-hangout/Mimic,5,4,4,80.000000,80.000000,1.000000
Keyless Entry [generated schema],Keyless Entry,generated schema,therepanic/hr-masters-service,3,0,0,0.000000,0.000000,
Keyless Entry [generated schema],Keyless Entry,generated schema,therepanic/lapayment-crypto-pay-system,4,0,0,0.000000,0.000000,
Keyless Entry [generated schema],Keyless Entry,generated schema,therepanic/lapayment-crypto-payment-system-microservices,18,0,0,0.000000,0.000000,
Keyless Entry [generated schema],Keyless Entry,generated schema,therepanic/trustwin-casino-project,39,10,10,25.641026,25.641026,1.000000
Keyless Entry [generated schema],Keyless Entry,generated schema,theronielanddaronpodcastshow/svja,9,0,0,0.000000,0.000000,
Keyless Entry [generated schema],Keyless Entry,generated schema,thomascherickal/hedera-stable-coin,33,18,18,54.545455,54.545455,1.000000
Keyless Entry [generated schema],Keyless Entry,generated schema,tmtsoftware/aps-procedure-read-benchmarking,2,2,2,100.000000,100.000000,1.000000
Keyless Entry [generated schema],Keyless Entry,generated schema,toannv6895/searchable,1,0,0,0.000000,0.000000,
Keyless Entry [generated schema],Keyless Entry,generated schema,truonghq99/adam-project,1,0,0,0.000000,0.000000,
Keyless Entry [generated schema],Keyless Entry,generated schema,tsemkaloalena-mirea/vk_education,8,0,0,0.000000,0.000000,
Keyless Entry [generated schema],Keyless Entry,generated schema,tsoyolv/transfer-money,3,2,1,33.333333,66.666667,2.000000
Keyless Entry [generated schema],Keyless Entry,generated schema,tw-bc-group/tw-wallet-backend,20,0,0,0.000000,0.000000,
Keyless Entry [generated schema],Keyless Entry,generated schema,tyomamatrosov/MatrosovAS,3,0,0,0.000000,0.000000,
Keyless Entry [generated schema],Keyless Entry,generated schema,uianz/webflux-jooq-r2dbc-starter,2,0,0,0.000000,0.000000,
Keyless Entry [generated schema],Keyless Entry,generated schema,ultrapotato69/genealogy-back,2,0,0,0.000000,0.000000,
Keyless Entry [generated schema],Keyless Entry,generated schema,unlessiamwrong/Tinkoff-Java-course-2,3,0,0,0.000000,0.000000,
Keyless Entry [generated schema],Keyless Entry,generated schema,uptosmth/chronos,7,0,0,0.000000,0.000000,
Keyless Entry [generated schema],Keyless Entry,generated schema,utfunderscore/buildformat,3,0,0,0.000000,0.000000,
Keyless Entry [generated schema],Keyless Entry,generated schema,uvuv-643/Service_Oriented_Architecture,16,8,4,25.000000,50.000000,2.000000
Keyless Entry [generated schema],Keyless Entry,generated schema,vbandurin7/update-listener-bot,3,0,0,0.000000,0.000000,
Keyless Entry [generated schema],Keyless Entry,generated schema,vendelieu/spring-template,2,0,0,0.000000,0.000000,
Keyless Entry [generated schema],Keyless Entry,generated schema,vinniec4/fantasy-football,2,0,0,0.000000,0.000000,
Keyless Entry [generated schema],Keyless Entry,generated schema,vkuzel/Quantum-Leap,10,0,0,0.000000,0.000000,
Keyless Entry [generated schema],Keyless Entry,generated schema,vladislav77777/java-backend-course,3,0,0,0.000000,0.000000,
Keyless Entry [generated schema],Keyless Entry,generated schema,voidframework/voidframework,1,0,0,0.000000,0.000000,
Keyless Entry [generated schema],Keyless Entry,generated schema,volvas/courses,6,0,0,0.000000,0.000000,
Keyless Entry [generated schema],Keyless Entry,generated schema,vran-dev/databasir,27,36,20,74.074074,133.333333,1.800000
Keyless Entry [generated schema],Keyless Entry,generated schema,warhog/fpvlaptracker,6,1,1,16.666667,16.666667,1.000000
Keyless Entry [generated schema],Keyless Entry,generated schema,waydxd/COMP3111-Project,9,1,1,11.111111,11.111111,1.000000
Keyless Entry [generated schema],Keyless Entry,generated schema,wbprime/java-mods,4,2,2,50.000000,50.000000,1.000000
Keyless Entry [generated schema],Keyless Entry,generated schema,web3brothers/aleo-network-info,3,1,1,33.333333,33.333333,1.000000
Keyless Entry [generated schema],Keyless Entry,generated schema,whizvox/wsite,4,1,1,25.000000,25.000000,1.000000
Keyless Entry [generated schema],Keyless Entry,generated schema,whxu215/jooq-springboot-example-junit,1,1,1,100.000000,100.000000,1.000000
Keyless Entry [generated schema],Keyless Entry,generated schema,wuda0112/foundation,50,60,39,78.000000,120.000000,1.538462
Keyless Entry [generated schema],Keyless Entry,generated schema,wuhunyu/jooq-transaction,1,0,0,0.000000,0.000000,
Keyless Entry [generated schema],Keyless Entry,generated schema,wujihulian/filesbox,41,87,38,92.682927,212.195122,2.289474
Keyless Entry [generated schema],Keyless Entry,generated schema,xGodness/service-oriented-architecture,3,0,0,0.000000,0.000000,
Keyless Entry [generated schema],Keyless Entry,generated schema,xJade00/TavernMaid,3,2,2,66.666667,66.666667,1.000000
Keyless Entry [generated schema],Keyless Entry,generated schema,xdnw/Diplocutus,42,21,17,40.476190,50.000000,1.235294
Keyless Entry [generated schema],Keyless Entry,generated schema,xdnw/locutus,42,20,17,40.476190,47.619048,1.176471
Keyless Entry [generated schema],Keyless Entry,generated schema,xinxiamu/mu-spring-boot-sample,4,0,0,0.000000,0.000000,
Keyless Entry [generated schema],Keyless Entry,generated schema,xnelo/filearch,4,7,4,100.000000,175.000000,1.750000
Keyless Entry [generated schema],Keyless Entry,generated schema,yangjinguang/i-share-server,17,25,12,70.588235,147.058824,2.083333
Keyless Entry [generated schema],Keyless Entry,generated schema,yaowei-u/kafka,10,1,1,10.000000,10.000000,1.000000
Keyless Entry [generated schema],Keyless Entry,generated schema,ydb-platform/ydb-java-dialects,6,3,2,33.333333,50.000000,1.500000
Keyless Entry [generated schema],Keyless Entry,generated schema,ydeng11/Minance,5,0,0,0.000000,0.000000,
Keyless Entry [generated schema],Keyless Entry,generated schema,yichunzhao/jooq-dao,1,0,0,0.000000,0.000000,
Keyless Entry [generated schema],Keyless Entry,generated schema,yihaozhong/BuyUp,4,3,2,50.000000,75.000000,1.500000
Keyless Entry [generated schema],Keyless Entry,generated schema,yilmazorhan/smallapps.tips,1,0,0,0.000000,0.000000,
Keyless Entry [generated schema],Keyless Entry,generated schema,yiminyangguang520/Java-Learning,1,0,0,0.000000,0.000000,
Keyless Entry [generated schema],Keyless Entry,generated schema,young0264/jungsuri,14,0,0,0.000000,0.000000,
Keyless Entry [generated schema],Keyless Entry,generated schema,youngzil/quickstart-database,2,0,0,0.000000,0.000000,
Keyless Entry [generated schema],Keyless Entry,generated schema,yuizho/spring-sandbox,2,0,0,0.000000,0.000000,
Keyless Entry [generated schema],Keyless Entry,generated schema,yuzhongyousida/zipkin,3,0,0,0.000000,0.000000,
Keyless Entry [generated schema],Keyless Entry,generated schema,zangzang/java-test,4,0,0,0.000000,0.000000,
Keyless Entry [generated schema],Keyless Entry,generated schema,zero-ws/zero-ecotope,270,133,95,35.185185,49.259259,1.400000
Keyless Entry [generated schema],Keyless Entry,generated schema,zhengqingya/java-workspace,1,0,0,0.000000,0.000000,
Keyless Entry [generated schema],Keyless Entry,generated schema,zhengzizhe/agent_demo,15,12,8,53.333333,80.000000,1.500000
Keyless Entry [generated schema],Keyless Entry,generated schema,zhouzhaodong/springboot,1,0,0,0.000000,0.000000,
Keyless Entry [generated schema],Keyless Entry,generated schema,zhuyb0614/graph-batis,5,4,3,60.000000,80.000000,1.333333
Keyless Entry [generated schema],Keyless Entry,generated schema,zigzag191/java-backend-course-2024,3,0,0,0.000000,0.000000,
Keyless Entry [generated schema],Keyless Entry,generated schema,zjxkenshine/codedemo,1,0,0,0.000000,0.000000,
Keyless Entry [generated schema],Keyless Entry,generated schema,zodac-personal/folding-stats,11,0,0,0.000000,0.000000,
Fear of the Unknown [generated schema],Fear of the Unknown,generated schema,4el1k/Spring-Api-Hibernate-JOOQ,6,0,0,0.000000,0.000000,
Fear of the Unknown [generated schema],Fear of the Unknown,generated schema,66xc1/lazy-punch,4,0,0,0.000000,0.000000,
Fear of the Unknown [generated schema],Fear of the Unknown,generated schema,ABCLV/ABLV_IngSW,15,3,2,13.333333,20.000000,1.500000
Fear of the Unknown [generated schema],Fear of the Unknown,generated schema,APSfurizon/fz-backend,19,2,2,10.526316,10.526316,1.000000
Fear of the Unknown [generated schema],Fear of the Unknown,generated schema,AWS-Cloud-Community-LPU/mailing-service,1,0,0,0.000000,0.000000,
Fear of the Unknown [generated schema],Fear of the Unknown,generated schema,AffectedArc07/ParaUtil,3,1,1,33.333333,33.333333,1.000000
Fear of the Unknown [generated schema],Fear of the Unknown,generated schema,AisleiAvila/empresa,8,0,0,0.000000,0.000000,
Fear of the Unknown [generated schema],Fear of the Unknown,generated schema,AkaLrz/E-commercial-Platfrom,5,0,0,0.000000,0.000000,
Fear of the Unknown [generated schema],Fear of the Unknown,generated schema,AlexSpeal/Tracking-Bot,3,0,0,0.000000,0.000000,
Fear of the Unknown [generated schema],Fear of the Unknown,generated schema,Alexandr-Kokorin/JavaCourse2024,3,0,0,0.000000,0.000000,
Fear of the Unknown [generated schema],Fear of the Unknown,generated schema,AlexzTj/p2p,2,0,0,0.000000,0.000000,
Fear of the Unknown [generated schema],Fear of the Unknown,generated schema,AlphaFoxz/oneboot,3,0,0,0.000000,0.000000,
Fear of the Unknown [generated schema],Fear of the Unknown,generated schema,AnastasiaPleshkova/tnkf-tracker,3,0,0,0.000000,0.000000,
Fear of the Unknown [generated schema],Fear of the Unknown,generated schema,AndrewSalygin/LinkTracker-Tinkoff,3,0,0,0.000000,0.000000,
Fear of the Unknown [generated schema],Fear of the Unknown,generated schema,Andrey582/NotificationBot,3,0,0,0.000000,0.000000,
Fear of the Unknown [generated schema],Fear of the Unknown,generated schema,Ani512/online-tutoring-app-backend,5,0,0,0.000000,0.000000,
Fear of the Unknown [generated schema],Fear of the Unknown,generated schema,AntonioRusan/LinkTracker,5,0,0,0.000000,0.000000,
Fear of the Unknown [generated schema],Fear of the Unknown,generated schema,Apress/beginning-jooq,24,11,9,37.500000,45.833333,1.222222
Fear of the Unknown [generated schema],Fear of the Unknown,generated schema,Apress/pro-spring-6,8,0,0,0.000000,0.000000,
Fear of the Unknown [generated schema],Fear of the Unknown,generated schema,AprilHan1992/fleet-spring-boot,33,1,1,3.030303,3.030303,1.000000
Fear of the Unknown [generated schema],Fear of the Unknown,generated schema,ArcaHozota/nasb1995edv3,10,0,0,0.000000,0.000000,
Fear of the Unknown [generated schema],Fear of the Unknown,generated schema,Arden30/TinkoffJavaBackendSpring23-24,4,0,0,0.000000,0.000000,
Fear of the Unknown [generated schema],Fear of the Unknown,generated schema,AtroposBot/Atropos,10,0,0,0.000000,0.000000,
Fear of the Unknown [generated schema],Fear of the Unknown,generated schema,Atsushi68/trunk,18,0,0,0.000000,0.000000,
Fear of the Unknown [generated schema],Fear of the Unknown,generated schema,Ayazkins/Java-Tinkoff-sem-2,3,4,2,66.666667,133.333333,2.000000
Fear of the Unknown [generated schema],Fear of the Unknown,generated schema,BRP-API/brp-api-gezag,5,0,0,0.000000,0.000000,
Fear of the Unknown [generated schema],Fear of the Unknown,generated schema,BenMAPCE/BenCloudServer,181,1,1,0.552486,0.552486,1.000000
Fear of the Unknown [generated schema],Fear of the Unknown,generated schema,BinaryIgor/tools-and-templates,7,0,0,0.000000,0.000000,
Fear of the Unknown [generated schema],Fear of the Unknown,generated schema,Blackdread/rest-filter,2,0,0,0.000000,0.000000,
Fear of the Unknown [generated schema],Fear of the Unknown,generated schema,BlakieSL/SpringJOOQ_DAO,5,0,0,0.000000,0.000000,
Fear of the Unknown [generated schema],Fear of the Unknown,generated schema,BluBluBlaBla/vidsummize,1,1,1,100.000000,100.000000,1.000000
Fear of the Unknown [generated schema],Fear of the Unknown,generated schema,BogBond2000/Itmo_labs,2,0,0,0.000000,0.000000,
Fear of the Unknown [generated schema],Fear of the Unknown,generated schema,BorisovAlexspb/Update_tracker_bot,4,2,1,25.000000,50.000000,2.000000
Fear of the Unknown [generated schema],Fear of the Unknown,generated schema,Bruh3509/updates-tracker,3,0,0,0.000000,0.000000,
Fear of the Unknown [generated schema],Fear of the Unknown,generated schema,BuchnevDmitry/LinkTracker,3,0,0,0.000000,0.000000,
Fear of the Unknown [generated schema],Fear of the Unknown,generated schema,BudgetingWebsite/Backend,4,0,0,0.000000,0.000000,
Fear of the Unknown [generated schema],Fear of the Unknown,generated schema,CaXaPCMeDoM/tinkoff-java-course-2024-backend,3,0,0,0.000000,0.000000,
Fear of the Unknown [generated schema],Fear of the Unknown,generated schema,CaptainCluster/data_intensive_assignment_3,5,3,3,60.000000,60.000000,1.000000
Fear of the Unknown [generated schema],Fear of the Unknown,generated schema,CatOrLeader/Tinkoff_Link_Tracker,3,0,0,0.000000,0.000000,
Fear of the Unknown [generated schema],Fear of the Unknown,generated schema,ChatCode9/ChatCode-backend,31,0,0,0.000000,0.000000,
Fear of the Unknown [generated schema],Fear of the Unknown,generated schema,Claydelas/dashboard-fx,5,2,1,20.000000,40.000000,2.000000
Fear of the Unknown [generated schema],Fear of the Unknown,generated schema,D-Muscipula/tinkoff-java-backend-link-tracker-project,3,0,0,0.000000,0.000000,
Fear of the Unknown [generated schema],Fear of the Unknown,generated schema,DanieleGotti/MED,11,0,0,0.000000,0.000000,
Fear of the Unknown [generated schema],Fear of the Unknown,generated schema,Daniil-Vl/link-tracker,3,0,0,0.000000,0.000000,
Fear of the Unknown [generated schema],Fear of the Unknown,generated schema,Daniil4639/Tinkoff_Repository_2,3,0,0,0.000000,0.000000,
Fear of the Unknown [generated schema],Fear of the Unknown,generated schema,DanjiTalk/danji-talk-backend,3,0,0,0.000000,0.000000,
Fear of the Unknown [generated schema],Fear of the Unknown,generated schema,Dankoy/jforwarder,1,0,0,0.000000,0.000000,
Fear of the Unknown [generated schema],Fear of the Unknown,generated schema,DarplexDev/darplex-java,4,0,0,0.000000,0.000000,
Fear of the Unknown [generated schema],Fear of the Unknown,generated schema,DavidJi80/springboot,1,0,0,0.000000,0.000000,
Fear of the Unknown [generated schema],Fear of the Unknown,generated schema,DiSSCo/dissco-core-annotation-processing-service,4,0,0,0.000000,0.000000,
Fear of the Unknown [generated schema],Fear of the Unknown,generated schema,DiSSCo/dissco-core-backend,6,0,0,0.000000,0.000000,
Fear of the Unknown [generated schema],Fear of the Unknown,generated schema,DiSSCo/dissco-core-digital-specimen-processor,2,0,0,0.000000,0.000000,
Fear of the Unknown [generated schema],Fear of the Unknown,generated schema,DiSSCo/dissco-core-translator,3,0,0,0.000000,0.000000,
Fear of the Unknown [generated schema],Fear of the Unknown,generated schema,DiSSCo/dissco-data-exporter-backend,2,0,0,0.000000,0.000000,
Fear of the Unknown [generated schema],Fear of the Unknown,generated schema,DiamondArt/Java-jooq,6,0,0,0.000000,0.000000,
Fear of the Unknown [generated schema],Fear of the Unknown,generated schema,DmitriyKosolobov/java-course-2024-backend,3,0,0,0.000000,0.000000,
Fear of the Unknown [generated schema],Fear of the Unknown,generated schema,DrBrother/notification-system,3,2,1,33.333333,66.666667,2.000000
Fear of the Unknown [generated schema],Fear of the Unknown,generated schema,DragomiroiuStefan/rideshare,8,3,3,37.500000,37.500000,1.000000
Fear of the Unknown [generated schema],Fear of the Unknown,generated schema,Drewbie18/spring-rest,7,0,0,0.000000,0.000000,
Fear of the Unknown [generated schema],Fear of the Unknown,generated schema,E1psycongr00/STUDY_REFERENCE,1,0,0,0.000000,0.000000,
Fear of the Unknown [generated schema],Fear of the Unknown,generated schema,E1psycongr00/study_jooq_codegen_with_flyway_jpa,1,0,0,0.000000,0.000000,
Fear of the Unknown [generated schema],Fear of the Unknown,generated schema,EHRoute/EHR-Route,3,1,1,33.333333,33.333333,1.000000
Fear of the Unknown [generated schema],Fear of the Unknown,generated schema,Efler/microservice-data-bus,3,0,0,0.000000,0.000000,
Fear of the Unknown [generated schema],Fear of the Unknown,generated schema,Efler/telegram-scrapper-bot,4,0,0,0.000000,0.000000,
Fear of the Unknown [generated schema],Fear of the Unknown,generated schema,Eliorika/tinkoff-java-backend,3,0,0,0.000000,0.000000,
Fear of the Unknown [generated schema],Fear of the Unknown,generated schema,Emented/webLab3,1,0,0,0.000000,0.000000,
Fear of the Unknown [generated schema],Fear of the Unknown,generated schema,EngineDevOps2/programming-todolist-fullstack,1,2,1,100.000000,200.000000,2.000000
Fear of the Unknown [generated schema],Fear of the Unknown,generated schema,EuphoriaV/UpdateMonitoringBot,3,0,0,0.000000,0.000000,
Fear of the Unknown [generated schema],Fear of the Unknown,generated schema,FOKO-KENMOGNE-Wilfried/siggeac_prototype,14,0,0,0.000000,0.000000,
Fear of the Unknown [generated schema],Fear of the Unknown,generated schema,FeKom/lab-ecommerce,1,0,0,0.000000,0.000000,
Fear of the Unknown [generated schema],Fear of the Unknown,generated schema,FeldmannJR/constellation-common,1,0,0,0.000000,0.000000,
Fear of the Unknown [generated schema],Fear of the Unknown,generated schema,FeldmannJR/redstonegang,36,5,3,8.333333,13.888889,1.666667
Fear of the Unknown [generated schema],Fear of the Unknown,generated schema,Fics3/tink_java_backend_course_spring,5,0,0,0.000000,0.000000,
Fear of the Unknown [generated schema],Fear of the Unknown,generated schema,FilippoBolis/MED_Progetto_Ing_Software_23_24,9,0,0,0.000000,0.000000,
Fear of the Unknown [generated schema],Fear of the Unknown,generated schema,FrankChen021/bithon,19,29,8,42.105263,152.631579,3.625000
Fear of the Unknown [generated schema],Fear of the Unknown,generated schema,FrankChen021/bithon-demo,1,0,0,0.000000,0.000000,
Fear of the Unknown [generated schema],Fear of the Unknown,generated schema,GAIM-Tech-OM/killbill-ompay-plugin,2,2,1,50.000000,100.000000,2.000000
Fear of the Unknown [generated schema],Fear of the Unknown,generated schema,Gabriele-Mazzoleni/SmarTrip,3,0,0,0.000000,0.000000,
Fear of the Unknown [generated schema],Fear of the Unknown,generated schema,Garrettc96/cacophony,11,0,0,0.000000,0.000000,
Fear of the Unknown [generated schema],Fear of the Unknown,generated schema,Geomatys/examind-community,50,2,2,4.000000,4.000000,1.000000
Fear of the Unknown [generated schema],Fear of the Unknown,generated schema,GeorgyDemidenkov/DemidenkovGD_Y-234_2kurs2sem,3,0,0,0.000000,0.000000,
Fear of the Unknown [generated schema],Fear of the Unknown,generated schema,Grigalgol/vk_education_hm6,4,0,0,0.000000,0.000000,
Fear of the Unknown [generated schema],Fear of the Unknown,generated schema,GyrosOfWar/imagehive,4,0,0,0.000000,0.000000,
Fear of the Unknown [generated schema],Fear of the Unknown,generated schema,HSLdevcom/jore4-jore3-importer,80,4,4,5.000000,5.000000,1.000000
Fear of the Unknown [generated schema],Fear of the Unknown,generated schema,Hamednallah/Basariat-POS,28,28,15,53.571429,100.000000,1.866667
Fear of the Unknown [generated schema],Fear of the Unknown,generated schema,Hamednallah/Market-POS,0,0,0,,,
Fear of the Unknown [generated schema],Fear of the Unknown,generated schema,Hellblazer/quantum-db,10,0,0,0.000000,0.000000,
Fear of the Unknown [generated schema],Fear of the Unknown,generated schema,Hixon10/spring-boot-security,1,0,0,0.000000,0.000000,
Fear of the Unknown [generated schema],Fear of the Unknown,generated schema,HoZanDung/ho-workflow,44,12,12,27.272727,27.272727,1.000000
Fear of the Unknown [generated schema],Fear of the Unknown,generated schema,Hogeyama/try-java,4,0,0,0.000000,0.000000,
Fear of the Unknown [generated schema],Fear of the Unknown,generated schema,IAGrig/link-updates-notifier,3,0,0,0.000000,0.000000,
Fear of the Unknown [generated schema],Fear of the Unknown,generated schema,IlyaAbramovv/UpdatesAnnouncer,3,2,1,33.333333,66.666667,2.000000
Fear of the Unknown [generated schema],Fear of the Unknown,generated schema,IvanShabunin379/java-course-2024,3,0,0,0.000000,0.000000,
Fear of the Unknown [generated schema],Fear of the Unknown,generated schema,JGMelon22/ListDemoJava,1,0,0,0.000000,0.000000,
Fear of the Unknown [generated schema],Fear of the Unknown,generated schema,JacobLewandowskiDev/GwentMMO-Backend,1,0,0,0.000000,0.000000,
Fear of the Unknown [generated schema],Fear of the Unknown,generated schema,JakeMathews/recommendation-engine,2,0,0,0.000000,0.000000,
Fear of the Unknown [generated schema],Fear of the Unknown,generated schema,JixinZhang19/Online-Shopping-System-for-Black-Friday,8,1,1,12.500000,12.500000,1.000000
Fear of the Unknown [generated schema],Fear of the Unknown,generated schema,JohannesRabauer/hibernate-vs-jooq,5,0,0,0.000000,0.000000,
Fear of the Unknown [generated schema],Fear of the Unknown,generated schema,Jominjong/mjjo-test-project,5,0,0,0.000000,0.000000,
Fear of the Unknown [generated schema],Fear of the Unknown,generated schema,KEN3pei/oauth-hands-on,6,1,1,16.666667,16.666667,1.000000
Fear of the Unknown [generated schema],Fear of the Unknown,generated schema,KGjertsson/macro-hub,44,86,43,97.727273,195.454545,2.000000
Fear of the Unknown [generated schema],Fear of the Unknown,generated schema,Karthik1226/onedata_patient,7,0,0,0.000000,0.000000,
Fear of the Unknown [generated schema],Fear of the Unknown,generated schema,Kazuuma-19/nippogen,5,6,3,60.000000,120.000000,2.000000
Fear of the Unknown [generated schema],Fear of the Unknown,generated schema,Kirill06344/TinkoffWebApplication,3,0,0,0.000000,0.000000,
Fear of the Unknown [generated schema],Fear of the Unknown,generated schema,KirillSakira/link-tracker,3,0,0,0.000000,0.000000,
Fear of the Unknown [generated schema],Fear of the Unknown,generated schema,KittyBot-Org/KittyBot,19,6,1,5.263158,31.578947,6.000000
Fear of the Unknown [generated schema],Fear of the Unknown,generated schema,Knicksaas/gourmet-gate,13,3,2,15.384615,23.076923,1.500000
Fear of the Unknown [generated schema],Fear of the Unknown,generated schema,KyleGuanDP/Assignment4,2,1,1,50.000000,50.000000,1.000000
Fear of the Unknown [generated schema],Fear of the Unknown,generated schema,LARCH1K/LinkTracker-Bot,3,2,1,33.333333,66.666667,2.000000
Fear of the Unknown [generated schema],Fear of the Unknown,generated schema,LalisaST/java_course_2,4,0,0,0.000000,0.000000,
Fear of the Unknown [generated schema],Fear of the Unknown,generated schema,LeHa2505/OnThiService,14,0,0,0.000000,0.000000,
Fear of the Unknown [generated schema],Fear of the Unknown,generated schema,LiangChenDLJ/VIPManager,3,1,1,33.333333,33.333333,1.000000
Fear of the Unknown [generated schema],Fear of the Unknown,generated schema,LianjiaTech/bella-assistants,11,42,8,72.727273,381.818182,5.250000
Fear of the Unknown [generated schema],Fear of the Unknown,generated schema,LianjiaTech/bella-knowledge,15,19,4,26.666667,126.666667,4.750000
Fear of the Unknown [generated schema],Fear of the Unknown,generated schema,LianjiaTech/bella-openapi,17,53,9,52.941176,311.764706,5.888889
Fear of the Unknown [generated schema],Fear of the Unknown,generated schema,LianjiaTech/bella-workflow,19,50,8,42.105263,263.157895,6.250000
Fear of the Unknown [generated schema],Fear of the Unknown,generated schema,Link-Profit-System/java_mvvm,7,14,7,100.000000,200.000000,2.000000
Fear of the Unknown [generated schema],Fear of the Unknown,generated schema,LintaoAmons/java-jooq-runable-code,4,0,0,0.000000,0.000000,
Fear of the Unknown [generated schema],Fear of the Unknown,generated schema,LogDS/SimulatorOrchestrator,46,3,3,6.521739,6.521739,1.000000
Fear of the Unknown [generated schema],Fear of the Unknown,generated schema,LucidMinded/java-course-2023-backend,3,0,0,0.000000,0.000000,
Fear of the Unknown [generated schema],Fear of the Unknown,generated schema,M1nsong-Kim/practice-jooq,7,0,0,0.000000,0.000000,
Fear of the Unknown [generated schema],Fear of the Unknown,generated schema,MAK-Cpp/backend-java-s2,3,0,0,0.000000,0.000000,
Fear of the Unknown [generated schema],Fear of the Unknown,generated schema,MIZINCHIK/java-course-2023-backend,3,0,0,0.000000,0.000000,
Fear of the Unknown [generated schema],Fear of the Unknown,generated schema,Macbeth-Klm/Tinkoff-java-course-2024,3,0,0,0.000000,0.000000,
Fear of the Unknown [generated schema],Fear of the Unknown,generated schema,Maczi01/sockets,2,0,0,0.000000,0.000000,
Fear of the Unknown [generated schema],Fear of the Unknown,generated schema,MahjongRepository/YagiMotel,1,0,0,0.000000,0.000000,
Fear of the Unknown [generated schema],Fear of the Unknown,generated schema,Malest-GmbH-Co-KG/Prog_3_Projektarbeit,4,2,2,50.000000,50.000000,1.000000
Fear of the Unknown [generated schema],Fear of the Unknown,generated schema,MarinaBiryukova/tinkoff-java,3,2,1,33.333333,66.666667,2.000000
Fear of the Unknown [generated schema],Fear of the Unknown,generated schema,MaroderKo/parts_shop,3,0,0,0.000000,0.000000,
Fear of the Unknown [generated schema],Fear of the Unknown,generated schema,Mateuzz/music-website-spring,9,1,1,11.111111,11.111111,1.000000
Fear of the Unknown [generated schema],Fear of the Unknown,generated schema,MaxZhukoff/tinkoff-bot,3,0,0,0.000000,0.000000,
Fear of the Unknown [generated schema],Fear of the Unknown,generated schema,Missssha/Tinkofff-Back,4,0,0,0.000000,0.000000,
Fear of the Unknown [generated schema],Fear of the Unknown,generated schema,Molzonas/EkEep,7,5,4,57.142857,71.428571,1.250000
Fear of the Unknown [generated schema],Fear of the Unknown,generated schema,MyP99999/NewsAggregatorBackend,4,0,0,0.000000,0.000000,
Fear of the Unknown [generated schema],Fear of the Unknown,generated schema,Mykindos/BetterPvP,78,8,7,8.974359,10.256410,1.142857
Fear of the Unknown [generated schema],Fear of the Unknown,generated schema,NaspoDev/url-shortener,1,0,0,0.000000,0.000000,
Fear of the Unknown [generated schema],Fear of the Unknown,generated schema,NastyaLush/java-course-2024-backend,3,0,0,0.000000,0.000000,
Fear of the Unknown [generated schema],Fear of the Unknown,generated schema,Ne1loff/OnboardingPlatform,6,0,0,0.000000,0.000000,
Fear of the Unknown [generated schema],Fear of the Unknown,generated schema,Neonik-dev/Update-Tracker-Bot,3,0,0,0.000000,0.000000,
Fear of the Unknown [generated schema],Fear of the Unknown,generated schema,NevinTure/java-course-2024,5,0,0,0.000000,0.000000,
Fear of the Unknown [generated schema],Fear of the Unknown,generated schema,Nick-552/link-tracker,3,0,0,0.000000,0.000000,
Fear of the Unknown [generated schema],Fear of the Unknown,generated schema,NurtilekMamashakirov/Bot-Link-Tracker,3,0,0,0.000000,0.000000,
Fear of the Unknown [generated schema],Fear of the Unknown,generated schema,Nyrheim/PenAndPaper,7,0,0,0.000000,0.000000,
Fear of the Unknown [generated schema],Fear of the Unknown,generated schema,OAGi/Score,216,9,9,4.166667,4.166667,1.000000
Fear of the Unknown [generated schema],Fear of the Unknown,generated schema,Online-Tutoring-Application-Team-11/backend-rest-API-service,5,0,0,0.000000,0.000000,
Fear of the Unknown [generated schema],Fear of the Unknown,generated schema,Origin-Masters/Cantine-Planner,3,2,2,66.666667,66.666667,1.000000
Fear of the Unknown [generated schema],Fear of the Unknown,generated schema,Ovoshchko/BackendTinkoffJavaSpring,9,0,0,0.000000,0.000000,
Fear of the Unknown [generated schema],Fear of the Unknown,generated schema,PKNU-CERT-IS/BE,24,6,3,12.500000,25.000000,2.000000
Fear of the Unknown [generated schema],Fear of the Unknown,generated schema,Pa11ady/java-link-tracker,3,1,1,33.333333,33.333333,1.000000
Fear of the Unknown [generated schema],Fear of the Unknown,generated schema,Pacan4ik/tinkoff-course-spring2023,3,0,0,0.000000,0.000000,
Fear of the Unknown [generated schema],Fear of the Unknown,generated schema,ParadiseSS13/TaskDaemon,261,128,66,25.287356,49.042146,1.939394
Fear of the Unknown [generated schema],Fear of the Unknown,generated schema,PathmindAI/pathmind-webapp,17,13,7,41.176471,76.470588,1.857143
Fear of the Unknown [generated schema],Fear of the Unknown,generated schema,PonomarevAlexxander/telegram-notifier,3,0,0,0.000000,0.000000,
Fear of the Unknown [generated schema],Fear of the Unknown,generated schema,Programming-Org/Programming,5,0,0,0.000000,0.000000,
Fear of the Unknown [generated schema],Fear of the Unknown,generated schema,Prohkit/java-backend-course-2-link-tracker,5,2,1,20.000000,40.000000,2.000000
Fear of the Unknown [generated schema],Fear of the Unknown,generated schema,ProstaOlga/prostaBot,5,3,1,20.000000,60.000000,3.000000
Fear of the Unknown [generated schema],Fear of the Unknown,generated schema,Puru80/food-ordering-system,6,0,0,0.000000,0.000000,
Fear of the Unknown [generated schema],Fear of the Unknown,generated schema,QuantuM1o1/Tinkoff2024Homeworks,6,0,0,0.000000,0.000000,
Fear of the Unknown [generated schema],Fear of the Unknown,generated schema,Raha089/oops,3,0,0,0.000000,0.000000,
Fear of the Unknown [generated schema],Fear of the Unknown,generated schema,Reazzzz/oosp-zadanya,3,0,0,0.000000,0.000000,
Fear of the Unknown [generated schema],Fear of the Unknown,generated schema,Rohan-flutterint/texera,10,0,0,0.000000,0.000000,
Fear of the Unknown [generated schema],Fear of the Unknown,generated schema,RomanZozuliauniversity/Javacourework,4,0,0,0.000000,0.000000,
Fear of the Unknown [generated schema],Fear of the Unknown,generated schema,RuslanAndrianov/Backend-Java-Tinkoff-Spring-2024,3,0,0,0.000000,0.000000,
Fear of the Unknown [generated schema],Fear of the Unknown,generated schema,RuslanHkmoff/java-backend-course,3,0,0,0.000000,0.000000,
Fear of the Unknown [generated schema],Fear of the Unknown,generated schema,SOmegaS/financial-tracker,1,0,0,0.000000,0.000000,
Fear of the Unknown [generated schema],Fear of the Unknown,generated schema,Saiyan1/tl-challenge,1,0,0,0.000000,0.000000,
Fear of the Unknown [generated schema],Fear of the Unknown,generated schema,SavageSyrop/VK-courses,14,0,0,0.000000,0.000000,
Fear of the Unknown [generated schema],Fear of the Unknown,generated schema,ShaDi777/java-course-2024-backend,4,3,1,25.000000,75.000000,3.000000
Fear of the Unknown [generated schema],Fear of the Unknown,generated schema,ShakurDmitrii/inline,2,0,0,0.000000,0.000000,
Fear of the Unknown [generated schema],Fear of the Unknown,generated schema,SightStudio/blog-code,16,0,0,0.000000,0.000000,
Fear of the Unknown [generated schema],Fear of the Unknown,generated schema,SleepwalkerPasha/egorov_pa_project,2,0,0,0.000000,0.000000,
Fear of the Unknown [generated schema],Fear of the Unknown,generated schema,SlideHehe/java-backend-course-2,4,0,0,0.000000,0.000000,
Fear of the Unknown [generated schema],Fear of the Unknown,generated schema,SmallWorlds-Forever/sw-streaming,72,8,2,2.777778,11.111111,4.000000
Fear of the Unknown [generated schema],Fear of the Unknown,generated schema,SoylentBob/jooq-mock,4,0,0,0.000000,0.000000,
Fear of the Unknown [generated schema],Fear of the Unknown,generated schema,Space27/JavaBackendSpring,3,0,0,0.000000,0.000000,
Fear of the Unknown [generated schema],Fear of the Unknown,generated schema,Stasik371/LinkTrackingBot,2,0,0,0.000000,0.000000,
Fear of the Unknown [generated schema],Fear of the Unknown,generated schema,StubbornJava/StubbornJava,7,0,0,0.000000,0.000000,
Fear of the Unknown [generated schema],Fear of the Unknown,generated schema,Stumpwiz/mrradb,5,0,0,0.000000,0.000000,
Fear of the Unknown [generated schema],Fear of the Unknown,generated schema,Subtelny/DGCraft,6,0,0,0.000000,0.000000,
Fear of the Unknown [generated schema],Fear of the Unknown,generated schema,TaitoUnited/full-stack-template,1,0,0,0.000000,0.000000,
Fear of the Unknown [generated schema],Fear of the Unknown,generated schema,TerraByteDev/SkyFactionsReborn,13,0,0,0.000000,0.000000,
Fear of the Unknown [generated schema],Fear of the Unknown,generated schema,TheLQ/forum-scraper,8,0,0,0.000000,0.000000,
Fear of the Unknown [generated schema],Fear of the Unknown,generated schema,Thee5176/SpringBoot_CQRS_Command,5,0,0,0.000000,0.000000,
Fear of the Unknown [generated schema],Fear of the Unknown,generated schema,Thee5176/SpringBoot_CQRS_Query,5,4,1,20.000000,80.000000,4.000000
Fear of the Unknown [generated schema],Fear of the Unknown,generated schema,Thulasidharreddy/task-service,2,0,0,0.000000,0.000000,
Fear of the Unknown [generated schema],Fear of the Unknown,generated schema,Tiltuem/tinkoff-java-course-2024,6,0,0,0.000000,0.000000,
Fear of the Unknown [generated schema],Fear of the Unknown,generated schema,TivM/Tinkoff-Project,3,0,0,0.000000,0.000000,
Fear of the Unknown [generated schema],Fear of the Unknown,generated schema,Tosin-dotcom/notez-backend,4,0,0,0.000000,0.000000,
Fear of the Unknown [generated schema],Fear of the Unknown,generated schema,TovarischZhukov/jooq_example,2,0,0,0.000000,0.000000,
Fear of the Unknown [generated schema],Fear of the Unknown,generated schema,TranNgocKhoa/play-framework-java-jooq-example,6,0,0,0.000000,0.000000,
Fear of the Unknown [generated schema],Fear of the Unknown,generated schema,TunixR/HarmonyAPI,25,3,1,4.000000,12.000000,3.000000
Fear of the Unknown [generated schema],Fear of the Unknown,generated schema,UKEIAM/de.uke.iam.parkinson_on_fhir,10,0,0,0.000000,0.000000,
Fear of the Unknown [generated schema],Fear of the Unknown,generated schema,UniCodeProjects/AmusementParkDB,21,1,1,4.761905,4.761905,1.000000
Fear of the Unknown [generated schema],Fear of the Unknown,generated schema,Unite-Organisation/Unite,22,14,10,45.454545,63.636364,1.400000
Fear of the Unknown [generated schema],Fear of the Unknown,generated schema,VadymOselskyi/airlines-booking,4,1,1,25.000000,25.000000,1.000000
Fear of the Unknown [generated schema],Fear of the Unknown,generated schema,VictorGalkevich/LinkScrapper,5,1,1,20.000000,20.000000,1.000000
Fear of the Unknown [generated schema],Fear of the Unknown,generated schema,ViktoriaGub/Object-oriented-programming-systems,3,0,0,0.000000,0.000000,
Fear of the Unknown [generated schema],Fear of the Unknown,generated schema,VladimirMorozov/orm-playground,3,0,0,0.000000,0.000000,
Fear of the Unknown [generated schema],Fear of the Unknown,generated schema,VoroninEgor/TgBot-LinkTracker,3,1,1,33.333333,33.333333,1.000000
Fear of the Unknown [generated schema],Fear of the Unknown,generated schema,Wani4ka/tcs-edu-task,3,0,0,0.000000,0.000000,
Fear of the Unknown [generated schema],Fear of the Unknown,generated schema,WolfOfBad/TinkoffJavaCourse2024,3,0,0,0.000000,0.000000,
Fear of the Unknown [generated schema],Fear of the Unknown,generated schema,YaroslavChetskiy/tinkoff_course_backend_part,4,0,0,0.000000,0.000000,
Fear of the Unknown [generated schema],Fear of the Unknown,generated schema,Yer12/tastamat,4,5,3,75.000000,125.000000,1.666667
Fear of the Unknown [generated schema],Fear of the Unknown,generated schema,YuliaKrav/WebContentUpdateService,2,0,0,0.000000,0.000000,
Fear of the Unknown [generated schema],Fear of the Unknown,generated schema,Yuno-obsessed/jodrive,13,8,3,23.076923,61.538462,2.666667
Fear of the Unknown [generated schema],Fear of the Unknown,generated schema,ZanottiMatteo/BGTransports,10,0,0,0.000000,0.000000,
Fear of the Unknown [generated schema],Fear of the Unknown,generated schema,ZebdaYacine/demofx,14,4,4,28.571429,28.571429,1.000000
Fear of the Unknown [generated schema],Fear of the Unknown,generated schema,ZsgsDesign/openvsx,18,0,0,0.000000,0.000000,
Fear of the Unknown [generated schema],Fear of the Unknown,generated schema,ZwierzchowskiM/Client-Server,2,0,0,0.000000,0.000000,
Fear of the Unknown [generated schema],Fear of the Unknown,generated schema,aabarmin/telegram-bots,7,4,2,28.571429,57.142857,2.000000
Fear of the Unknown [generated schema],Fear of the Unknown,generated schema,aahlenst/jOOQ-mcve-json-quoting,7,0,0,0.000000,0.000000,
Fear of the Unknown [generated schema],Fear of the Unknown,generated schema,aceton41k/java-test-framework,5,1,1,20.000000,20.000000,1.000000
Fear of the Unknown [generated schema],Fear of the Unknown,generated schema,activej/activej,2,0,0,0.000000,0.000000,
Fear of the Unknown [generated schema],Fear of the Unknown,generated schema,aerius/emission-service,90,2,2,2.222222,2.222222,1.000000
Fear of the Unknown [generated schema],Fear of the Unknown,generated schema,agibalov/java-library-experiments,2,0,0,0.000000,0.000000,
Fear of the Unknown [generated schema],Fear of the Unknown,generated schema,akozitsin-hh/hh-jooq-intro,5,0,0,0.000000,0.000000,
Fear of the Unknown [generated schema],Fear of the Unknown,generated schema,aleckbb/tracking-bot,3,0,0,0.000000,0.000000,
Fear of the Unknown [generated schema],Fear of the Unknown,generated schema,aleksseii/TradingOperations,4,0,0,0.000000,0.000000,
Fear of the Unknown [generated schema],Fear of the Unknown,generated schema,alexxiuccia/TrackMe,7,0,0,0.000000,0.000000,
Fear of the Unknown [generated schema],Fear of the Unknown,generated schema,alipay/container-auto-tune,45,1,1,2.222222,2.222222,1.000000
Fear of the Unknown [generated schema],Fear of the Unknown,generated schema,alpa011235/sandbox,5,0,0,0.000000,0.000000,
Fear of the Unknown [generated schema],Fear of the Unknown,generated schema,altusea/wpg,2,0,0,0.000000,0.000000,
Fear of the Unknown [generated schema],Fear of the Unknown,generated schema,alvin-qh/study-java,5,1,1,20.000000,20.000000,1.000000
Fear of the Unknown [generated schema],Fear of the Unknown,generated schema,amalrajvinoth/jooq-optimistic-locking,1,0,0,0.000000,0.000000,
Fear of the Unknown [generated schema],Fear of the Unknown,generated schema,anpol84/java-course-2024,3,0,0,0.000000,0.000000,
Fear of the Unknown [generated schema],Fear of the Unknown,generated schema,anyamilichenko/soa,6,0,0,0.000000,0.000000,
Fear of the Unknown [generated schema],Fear of the Unknown,generated schema,aplygen/j13n-saas,6,2,1,16.666667,33.333333,2.000000
Fear of the Unknown [generated schema],Fear of the Unknown,generated schema,arhostcode/linktracker,3,0,0,0.000000,0.000000,
Fear of the Unknown [generated schema],Fear of the Unknown,generated schema,arijit98/RestaurentManagementService,4,0,0,0.000000,0.000000,
Fear of the Unknown [generated schema],Fear of the Unknown,generated schema,arnaudroger/SimpleFlatMapper,3,0,0,0.000000,0.000000,
Fear of the Unknown [generated schema],Fear of the Unknown,generated schema,artemius39/java-backend-2024,3,0,0,0.000000,0.000000,
Fear of the Unknown [generated schema],Fear of the Unknown,generated schema,articles-simbirsoft/JOOQ-use-in-testing,5,0,0,0.000000,0.000000,
Fear of the Unknown [generated schema],Fear of the Unknown,generated schema,artseroff/link-tracker,3,0,0,0.000000,0.000000,
Fear of the Unknown [generated schema],Fear of the Unknown,generated schema,atolcd/sdis-remocra,394,58,57,14.467005,14.720812,1.017544
Fear of the Unknown [generated schema],Fear of the Unknown,generated schema,atomfrede/javaland-2022-karate-workshop,1,0,0,0.000000,0.000000,
Fear of the Unknown [generated schema],Fear of the Unknown,generated schema,auliardana/Java-orm-jooq,1,0,0,0.000000,0.000000,
Fear of the Unknown [generated schema],Fear of the Unknown,generated schema,averbraeck/gamedata-common,38,2,1,2.631579,5.263158,2.000000
Fear of the Unknown [generated schema],Fear of the Unknown,generated schema,averbraeck/housinggame-common,31,1,1,3.225806,3.225806,1.000000
Fear of the Unknown [generated schema],Fear of the Unknown,generated schema,averbraeck/trustgame,20,2,1,5.000000,10.000000,2.000000
Fear of the Unknown [generated schema],Fear of the Unknown,generated schema,averbraeck/trustgame-register,20,2,1,5.000000,10.000000,2.000000
Fear of the Unknown [generated schema],Fear of the Unknown,generated schema,averbraeck/trustgame-scores,20,2,1,5.000000,10.000000,2.000000
Fear of the Unknown [generated schema],Fear of the Unknown,generated schema,aws-observability/aws-otel-playground,1,0,0,0.000000,0.000000,
Fear of the Unknown [generated schema],Fear of the Unknown,generated schema,aytdm/study,3,0,0,0.000000,0.000000,
Fear of the Unknown [generated schema],Fear of the Unknown,generated schema,badgerwithagun/async-all-the-way-down,2,0,0,0.000000,0.000000,
Fear of the Unknown [generated schema],Fear of the Unknown,generated schema,balazskrizsan/stackjudge_aws_java,1,0,0,0.000000,0.000000,
Fear of the Unknown [generated schema],Fear of the Unknown,generated schema,beargiles/youtube-dojo,1,0,0,0.000000,0.000000,
Fear of the Unknown [generated schema],Fear of the Unknown,generated schema,bennofs/wdumper,4,1,1,25.000000,25.000000,1.000000
Fear of the Unknown [generated schema],Fear of the Unknown,generated schema,bharat-chaudhari-0302/spring-jooq-gradle-plugin,1,0,0,0.000000,0.000000,
Fear of the Unknown [generated schema],Fear of the Unknown,generated schema,bifidok/TinkoffBackend,5,0,0,0.000000,0.000000,
Fear of the Unknown [generated schema],Fear of the Unknown,generated schema,bigseized/TinkoffCourseJava2024,3,0,0,0.000000,0.000000,
Fear of the Unknown [generated schema],Fear of the Unknown,generated schema,blueoceandevops/fleet-spring-boot,1,0,0,0.000000,0.000000,
Fear of the Unknown [generated schema],Fear of the Unknown,generated schema,boogiespook/waltz-test,88,4,4,4.545455,4.545455,1.000000
Fear of the Unknown [generated schema],Fear of the Unknown,generated schema,boomzin/dbservice,10,0,0,0.000000,0.000000,
Fear of the Unknown [generated schema],Fear of the Unknown,generated schema,bootique-examples/bootique-jooq-examples,1,0,0,0.000000,0.000000,
Fear of the Unknown [generated schema],Fear of the Unknown,generated schema,borjom1/cloud-nest,10,1,1,10.000000,10.000000,1.000000
Fear of the Unknown [generated schema],Fear of the Unknown,generated schema,brianbcampbell/z_beast-product-catalog,3,1,1,33.333333,33.333333,1.000000
Fear of the Unknown [generated schema],Fear of the Unknown,generated schema,brody-0125/The-Joy-Of-Java,2,0,0,0.000000,0.000000,
Fear of the Unknown [generated schema],Fear of the Unknown,generated schema,bsi-software/ScoutJooq,26,3,3,11.538462,11.538462,1.000000
Fear of the Unknown [generated schema],Fear of the Unknown,generated schema,btpka3/btpka3.github.com,240,18,15,6.250000,7.500000,1.200000
Fear of the Unknown [generated schema],Fear of the Unknown,generated schema,buster/acmemusic,4,0,0,0.000000,0.000000,
Fear of the Unknown [generated schema],Fear of the Unknown,generated schema,c00ler/transfer-service,3,0,0,0.000000,0.000000,
Fear of the Unknown [generated schema],Fear of the Unknown,generated schema,cardano-foundation/cardano-rosetta-java,22,0,0,0.000000,0.000000,
Fear of the Unknown [generated schema],Fear of the Unknown,generated schema,catsloveme/telegram-bot,3,2,1,33.333333,66.666667,2.000000
Fear of the Unknown [generated schema],Fear of the Unknown,generated schema,chriswininger/ai-document-query-system,3,0,0,0.000000,0.000000,
Fear of the Unknown [generated schema],Fear of the Unknown,generated schema,clearflask/clearflask,11,0,0,0.000000,0.000000,
Fear of the Unknown [generated schema],Fear of the Unknown,generated schema,cn-src/snippets-java,1,0,0,0.000000,0.000000,
Fear of the Unknown [generated schema],Fear of the Unknown,generated schema,coduction/famulex,54,0,0,0.000000,0.000000,
Fear of the Unknown [generated schema],Fear of the Unknown,generated schema,constZhur/tinkoff-backend-course-2024,3,0,0,0.000000,0.000000,
Fear of the Unknown [generated schema],Fear of the Unknown,generated schema,cooder-org/jooq-mate,2,13,1,50.000000,650.000000,13.000000
Fear of the Unknown [generated schema],Fear of the Unknown,generated schema,corradomio/java_projects,1,0,0,0.000000,0.000000,
Fear of the Unknown [generated schema],Fear of the Unknown,generated schema,crate/cratedb-examples,2,0,0,0.000000,0.000000,
Fear of the Unknown [generated schema],Fear of the Unknown,generated schema,crick77/usrbilancio,20,0,0,0.000000,0.000000,
Fear of the Unknown [generated schema],Fear of the Unknown,generated schema,crunchykillah/rest_api_springmvc,5,0,0,0.000000,0.000000,
Fear of the Unknown [generated schema],Fear of the Unknown,generated schema,cyberpunkoff/tracktor,3,0,0,0.000000,0.000000,
Fear of the Unknown [generated schema],Fear of the Unknown,generated schema,cycastic-cumberland/libmanage-backend,11,0,0,0.000000,0.000000,
Fear of the Unknown [generated schema],Fear of the Unknown,generated schema,danmofo/fitness-tracker-app,7,3,2,28.571429,42.857143,1.500000
Fear of the Unknown [generated schema],Fear of the Unknown,generated schema,dbist/cockroach-docker,2,0,0,0.000000,0.000000,
Fear of the Unknown [generated schema],Fear of the Unknown,generated schema,deepakborania/revolut-backend-task,3,2,1,33.333333,66.666667,2.000000
Fear of the Unknown [generated schema],Fear of the Unknown,generated schema,dehasi/ppp-of-ddd,2,0,0,0.000000,0.000000,
Fear of the Unknown [generated schema],Fear of the Unknown,generated schema,derabbink/sws2,1,0,0,0.000000,0.000000,
Fear of the Unknown [generated schema],Fear of the Unknown,generated schema,devstronomy/nasa-data-scraper,2,0,0,0.000000,0.000000,
Fear of the Unknown [generated schema],Fear of the Unknown,generated schema,dianainya/platform-backend,15,1,1,6.666667,6.666667,1.000000
Fear of the Unknown [generated schema],Fear of the Unknown,generated schema,diocorrea/imagewrapper,1,0,0,0.000000,0.000000,
Fear of the Unknown [generated schema],Fear of the Unknown,generated schema,djma/play-stack,2,1,1,50.000000,50.000000,1.000000
Fear of the Unknown [generated schema],Fear of the Unknown,generated schema,dndanoff/spring-boot-unit-integration-test-example,1,0,0,0.000000,0.000000,
Fear of the Unknown [generated schema],Fear of the Unknown,generated schema,dominikjaniga91/system-design-interview-projects,1,0,0,0.000000,0.000000,
Fear of the Unknown [generated schema],Fear of the Unknown,generated schema,dreamPis/oauth,6,0,0,0.000000,0.000000,
Fear of the Unknown [generated schema],Fear of the Unknown,generated schema,dzorbey/order-scheduling,5,0,0,0.000000,0.000000,
Fear of the Unknown [generated schema],Fear of the Unknown,generated schema,easkarov/repo-caretaker,3,1,1,33.333333,33.333333,1.000000
Fear of the Unknown [generated schema],Fear of the Unknown,generated schema,ebi-gene-expression-group/annotare2,6,0,0,0.000000,0.000000,
Fear of the Unknown [generated schema],Fear of the Unknown,generated schema,eclipse-scout/scout.rt,1,0,0,0.000000,0.000000,
Fear of the Unknown [generated schema],Fear of the Unknown,generated schema,eclipse/openvsx,28,0,0,0.000000,0.000000,
Fear of the Unknown [generated schema],Fear of the Unknown,generated schema,ehrbase/migration-tool,75,10,9,12.000000,13.333333,1.111111
Fear of the Unknown [generated schema],Fear of the Unknown,generated schema,ekgreen/star-boot,2,0,0,0.000000,0.000000,
Fear of the Unknown [generated schema],Fear of the Unknown,generated schema,ekruptsov/jooq-retrofit-crud-poc,1,0,0,0.000000,0.000000,
Fear of the Unknown [generated schema],Fear of the Unknown,generated schema,elwin013/todoapp-multitenancy,4,0,0,0.000000,0.000000,
Fear of the Unknown [generated schema],Fear of the Unknown,generated schema,emapfff/Link-Tracker,5,2,2,40.000000,40.000000,1.000000
Fear of the Unknown [generated schema],Fear of the Unknown,generated schema,ericdriggs/reportcard,15,4,4,26.666667,26.666667,1.000000
Fear of the Unknown [generated schema],Fear of the Unknown,generated schema,eterny13/url-shortener,1,0,0,0.000000,0.000000,
Fear of the Unknown [generated schema],Fear of the Unknown,generated schema,evagalyuta/services-city-discover,7,1,1,14.285714,14.285714,1.000000
Fear of the Unknown [generated schema],Fear of the Unknown,generated schema,eziomou/library-backend,11,0,0,0.000000,0.000000,
Fear of the Unknown [generated schema],Fear of the Unknown,generated schema,f-uni/Quizzy,5,0,0,0.000000,0.000000,
Fear of the Unknown [generated schema],Fear of the Unknown,generated schema,fantj2016/springboot-integration,1,0,0,0.000000,0.000000,
Fear of the Unknown [generated schema],Fear of the Unknown,generated schema,fasten-project/fasten,19,1,1,5.263158,5.263158,1.000000
Fear of the Unknown [generated schema],Fear of the Unknown,generated schema,fatihcatalkaya/poker-tracker,3,1,1,33.333333,33.333333,1.000000
Fear of the Unknown [generated schema],Fear of the Unknown,generated schema,fedemaleh/chess-challenge-java-1,2,1,1,50.000000,50.000000,1.000000
Fear of the Unknown [generated schema],Fear of the Unknown,generated schema,filipegar/killbill-getnet,2,0,0,0.000000,0.000000,
Fear of the Unknown [generated schema],Fear of the Unknown,generated schema,fishedee/Demo,2,0,0,0.000000,0.000000,
Fear of the Unknown [generated schema],Fear of the Unknown,generated schema,fuma-nama/U3-Server,12,7,4,33.333333,58.333333,1.750000
Fear of the Unknown [generated schema],Fear of the Unknown,generated schema,gchq/stroom,65,0,0,0.000000,0.000000,
Fear of the Unknown [generated schema],Fear of the Unknown,generated schema,gchq/stroom-auth,4,0,0,0.000000,0.000000,
Fear of the Unknown [generated schema],Fear of the Unknown,generated schema,ge1up/healthy-calories_by_spring,5,0,0,0.000000,0.000000,
Fear of the Unknown [generated schema],Fear of the Unknown,generated schema,gekoramy/uni.web,26,0,0,0.000000,0.000000,
Fear of the Unknown [generated schema],Fear of the Unknown,generated schema,genenakagaki/ddd-sample,1,0,0,0.000000,0.000000,
Fear of the Unknown [generated schema],Fear of the Unknown,generated schema,germinateplatform/gatekeeper-server,14,0,0,0.000000,0.000000,
Fear of the Unknown [generated schema],Fear of the Unknown,generated schema,gilbertlim/jooq,23,2,2,8.695652,8.695652,1.000000
Fear of the Unknown [generated schema],Fear of the Unknown,generated schema,giovene44/Cinemanager_Software_Engineering_project,9,0,0,0.000000,0.000000,
Fear of the Unknown [generated schema],Fear of the Unknown,generated schema,glassbell/bp-keeper,1,0,0,0.000000,0.000000,
Fear of the Unknown [generated schema],Fear of the Unknown,generated schema,glockyco/Teralizer,12,0,0,0.000000,0.000000,
Fear of the Unknown [generated schema],Fear of the Unknown,generated schema,gmoon92/toy,5,0,0,0.000000,0.000000,
Fear of the Unknown [generated schema],Fear of the Unknown,generated schema,gonzo1138/jOOQinSpring-basics,1,0,0,0.000000,0.000000,
Fear of the Unknown [generated schema],Fear of the Unknown,generated schema,gourmetgate/gourmetgate,1,0,0,0.000000,0.000000,
Fear of the Unknown [generated schema],Fear of the Unknown,generated schema,graphql-java/graphql-java-db-example,13,1,1,7.692308,7.692308,1.000000
Fear of the Unknown [generated schema],Fear of the Unknown,generated schema,h8/gradle-jooq-example,2,0,0,0.000000,0.000000,
Fear of the Unknown [generated schema],Fear of the Unknown,generated schema,hashgraph/hedera-hcs-erc721-sample,25,0,0,0.000000,0.000000,
Fear of the Unknown [generated schema],Fear of the Unknown,generated schema,haumacher/wizard-game,3,0,0,0.000000,0.000000,
Fear of the Unknown [generated schema],Fear of the Unknown,generated schema,hevan/agri-cloud,42,3,2,4.761905,7.142857,1.500000
Fear of the Unknown [generated schema],Fear of the Unknown,generated schema,hiddenswitch/Spellsource,225,4,4,1.777778,1.777778,1.000000
Fear of the Unknown [generated schema],Fear of the Unknown,generated schema,hieplp/recipe-platform,7,1,1,14.285714,14.285714,1.000000
Fear of the Unknown [generated schema],Fear of the Unknown,generated schema,hieplp/vinorsoft-hometest,3,2,1,33.333333,66.666667,2.000000
Fear of the Unknown [generated schema],Fear of the Unknown,generated schema,highloadmipt/expensewriter,1,0,0,0.000000,0.000000,
Fear of the Unknown [generated schema],Fear of the Unknown,generated schema,hpple/revolut-backend-test,2,1,1,50.000000,50.000000,1.000000
Fear of the Unknown [generated schema],Fear of the Unknown,generated schema,huruiyi/books-source,4,2,1,25.000000,50.000000,2.000000
Fear of the Unknown [generated schema],Fear of the Unknown,generated schema,hyt-sasaki/SpringBootMicroServiceTutorial,1,0,0,0.000000,0.000000,
Fear of the Unknown [generated schema],Fear of the Unknown,generated schema,icefery/demo.icefery.xyz,5,0,0,0.000000,0.000000,
Fear of the Unknown [generated schema],Fear of the Unknown,generated schema,itboy87/quarkus-ext-jooq,1,0,0,0.000000,0.000000,
Fear of the Unknown [generated schema],Fear of the Unknown,generated schema,iyunbo/stackoverflow,5,0,0,0.000000,0.000000,
Fear of the Unknown [generated schema],Fear of the Unknown,generated schema,jOOQ/demo,62,0,0,0.000000,0.000000,
Fear of the Unknown [generated schema],Fear of the Unknown,generated schema,jOOQ/jOOQ-mcve,7,0,0,0.000000,0.000000,
Fear of the Unknown [generated schema],Fear of the Unknown,generated schema,jackbergus/java_logicalconsistency,20,0,0,0.000000,0.000000,
Fear of the Unknown [generated schema],Fear of the Unknown,generated schema,jasondlee/quarkus-dev-service-full-example,2,0,0,0.000000,0.000000,
Fear of the Unknown [generated schema],Fear of the Unknown,generated schema,jasontran320/texera_compose,20,1,1,5.000000,5.000000,1.000000
Fear of the Unknown [generated schema],Fear of the Unknown,generated schema,jefberpe/restful-demo,3,0,0,0.000000,0.000000,
Fear of the Unknown [generated schema],Fear of the Unknown,generated schema,jehugaleahsa/javalin-mvc-starter,2,0,0,0.000000,0.000000,
Fear of the Unknown [generated schema],Fear of the Unknown,generated schema,jiangtj-lab/jooq-and-flyway,2,0,0,0.000000,0.000000,
Fear of the Unknown [generated schema],Fear of the Unknown,generated schema,jiangtj/jc-platform,6,0,0,0.000000,0.000000,
Fear of the Unknown [generated schema],Fear of the Unknown,generated schema,jiangtj/jmicro,3,0,0,0.000000,0.000000,
Fear of the Unknown [generated schema],Fear of the Unknown,generated schema,jkingster/Tickster,3,4,1,33.333333,133.333333,4.000000
Fear of the Unknown [generated schema],Fear of the Unknown,generated schema,jklingsporn/vertx-jooq,90,5,5,5.555556,5.555556,1.000000
Fear of the Unknown [generated schema],Fear of the Unknown,generated schema,jmingu/petcrown-backend,19,34,14,73.684211,178.947368,2.428571
Fear of the Unknown [generated schema],Fear of the Unknown,generated schema,joaoseidel/MussCraft,1,3,1,100.000000,300.000000,3.000000
Fear of the Unknown [generated schema],Fear of the Unknown,generated schema,joostvdg/cmg-analytics,1,0,0,0.000000,0.000000,
Fear of the Unknown [generated schema],Fear of the Unknown,generated schema,jordanamr/Divarena-old,7,1,1,14.285714,14.285714,1.000000
Fear of the Unknown [generated schema],Fear of the Unknown,generated schema,jsflzhong/cjSpringboot-demo,8,0,0,0.000000,0.000000,
Fear of the Unknown [generated schema],Fear of the Unknown,generated schema,juanhaugaard/H2-sakila,16,1,1,6.250000,6.250000,1.000000
Fear of the Unknown [generated schema],Fear of the Unknown,generated schema,jubicoy/easymapper,4,0,0,0.000000,0.000000,
Fear of the Unknown [generated schema],Fear of the Unknown,generated schema,justhecool/SmallWorlds-Forever,127,10,4,3.149606,7.874016,2.500000
Fear of the Unknown [generated schema],Fear of the Unknown,generated schema,justmasyan/vkhomeworks,8,0,0,0.000000,0.000000,
Fear of the Unknown [generated schema],Fear of the Unknown,generated schema,k0patych1/java-course-2023-s2,3,0,0,0.000000,0.000000,
Fear of the Unknown [generated schema],Fear of the Unknown,generated schema,k55k32/learn-jooq,53,12,6,11.320755,22.641509,2.000000
Fear of the Unknown [generated schema],Fear of the Unknown,generated schema,kaeru61/chat_app,4,6,4,100.000000,150.000000,1.500000
Fear of the Unknown [generated schema],Fear of the Unknown,generated schema,kamarkaka/app-updater,3,0,0,0.000000,0.000000,
Fear of the Unknown [generated schema],Fear of the Unknown,generated schema,kamil-sita/labelle,23,0,0,0.000000,0.000000,
Fear of the Unknown [generated schema],Fear of the Unknown,generated schema,kanki6315/racing-analysis,14,0,0,0.000000,0.000000,
Fear of the Unknown [generated schema],Fear of the Unknown,generated schema,kappsegla/databaseprojects,12,1,1,8.333333,8.333333,1.000000
Fear of the Unknown [generated schema],Fear of the Unknown,generated schema,keeleinstituut/ekilex,207,6,4,1.932367,2.898551,1.500000
Fear of the Unknown [generated schema],Fear of the Unknown,generated schema,kehuka11/graphql_sample,5,8,3,60.000000,160.000000,2.666667
Fear of the Unknown [generated schema],Fear of the Unknown,generated schema,khanactl/mcorpus,7,0,0,0.000000,0.000000,
Fear of the Unknown [generated schema],Fear of the Unknown,generated schema,khanhduy-14/pro-todolist-java,3,0,0,0.000000,0.000000,
Fear of the Unknown [generated schema],Fear of the Unknown,generated schema,killbill/killbill-stripe-plugin,3,0,0,0.000000,0.000000,
Fear of the Unknown [generated schema],Fear of the Unknown,generated schema,kkaravitis/pricing-api,2,0,0,0.000000,0.000000,
Fear of the Unknown [generated schema],Fear of the Unknown,generated schema,kmaximk/Link-tracker-bot,3,0,0,0.000000,0.000000,
Fear of the Unknown [generated schema],Fear of the Unknown,generated schema,kozakto/ContactManager,1,0,0,0.000000,0.000000,
Fear of the Unknown [generated schema],Fear of the Unknown,generated schema,krivonosovti/LinktrackerLast,3,0,0,0.000000,0.000000,
Fear of the Unknown [generated schema],Fear of the Unknown,generated schema,krupnoveo/Link-Tracker,3,0,0,0.000000,0.000000,
Fear of the Unknown [generated schema],Fear of the Unknown,generated schema,kryakobess/TinkoffBackendCourse,2,0,0,0.000000,0.000000,
Fear of the Unknown [generated schema],Fear of the Unknown,generated schema,ksamorodov/SpringAuth,1,1,1,100.000000,100.000000,1.000000
Fear of the Unknown [generated schema],Fear of the Unknown,generated schema,ksamorodov/corset,4,0,0,0.000000,0.000000,
Fear of the Unknown [generated schema],Fear of the Unknown,generated schema,kushtrimh/tomorr,5,0,0,0.000000,0.000000,
Fear of the Unknown [generated schema],Fear of the Unknown,generated schema,labinochka/semester-work-agona,4,0,0,0.000000,0.000000,
Fear of the Unknown [generated schema],Fear of the Unknown,generated schema,lahraye/farm-collector-task,5,0,0,0.000000,0.000000,
Fear of the Unknown [generated schema],Fear of the Unknown,generated schema,lamarios/mmath,9,0,0,0.000000,0.000000,
Fear of the Unknown [generated schema],Fear of the Unknown,generated schema,lelup24/blog,14,0,0,0.000000,0.000000,
Fear of the Unknown [generated schema],Fear of the Unknown,generated schema,lelup24/spring-boot-websocket,7,0,0,0.000000,0.000000,
Fear of the Unknown [generated schema],Fear of the Unknown,generated schema,leoiii12/csci3170-project,4,4,2,50.000000,100.000000,2.000000
Fear of the Unknown [generated schema],Fear of the Unknown,generated schema,leoleelwl/springboot_jooq_flyway,2,3,2,100.000000,150.000000,1.500000
Fear of the Unknown [generated schema],Fear of the Unknown,generated schema,lesam19092/Tinkoff_first_project,3,0,0,0.000000,0.000000,
Fear of the Unknown [generated schema],Fear of the Unknown,generated schema,letPeace/VK-homework-6,4,0,0,0.000000,0.000000,
Fear of the Unknown [generated schema],Fear of the Unknown,generated schema,lightningdevkit/vss-server,1,0,0,0.000000,0.000000,
Fear of the Unknown [generated schema],Fear of the Unknown,generated schema,liljarn/tinkoffCourseJava2024,3,2,1,33.333333,66.666667,2.000000
Fear of the Unknown [generated schema],Fear of the Unknown,generated schema,lin-mt/spring-boot,1,0,0,0.000000,0.000000,
Fear of the Unknown [generated schema],Fear of the Unknown,generated schema,linux-china/jooq-demo,5,0,0,0.000000,0.000000,
Fear of the Unknown [generated schema],Fear of the Unknown,generated schema,liuyueyi/spring-boot-demo,5,6,4,80.000000,120.000000,1.500000
Fear of the Unknown [generated schema],Fear of the Unknown,generated schema,liuzheming/merchant-feecal-mvp,7,5,1,14.285714,71.428571,5.000000
Fear of the Unknown [generated schema],Fear of the Unknown,generated schema,ljk0071/side-project-back,46,0,0,0.000000,0.000000,
Fear of the Unknown [generated schema],Fear of the Unknown,generated schema,lsfoster64/gymhelper,3,0,0,0.000000,0.000000,
Fear of the Unknown [generated schema],Fear of the Unknown,generated schema,lsn03/java-2023-backend-second-semester,5,3,2,40.000000,60.000000,1.500000
Fear of the Unknown [generated schema],Fear of the Unknown,generated schema,lwbeamer/tinkoff-course,3,0,0,0.000000,0.000000,
Fear of the Unknown [generated schema],Fear of the Unknown,generated schema,lzbkln/java-course-tinkoff-spring-2024,5,1,1,20.000000,20.000000,1.000000
Fear of the Unknown [generated schema],Fear of the Unknown,generated schema,lzj09/sw-jooq,1,3,1,100.000000,300.000000,3.000000
Fear of the Unknown [generated schema],Fear of the Unknown,generated schema,magicswissweed/MagicSwissWeed2.0,10,1,1,10.000000,10.000000,1.000000
Fear of the Unknown [generated schema],Fear of the Unknown,generated schema,makeitfine-org/mif,1,0,0,0.000000,0.000000,
Fear of the Unknown [generated schema],Fear of the Unknown,generated schema,maksmolchdmitr/tinkoffLinkUpdater,4,0,0,0.000000,0.000000,
Fear of the Unknown [generated schema],Fear of the Unknown,generated schema,marcato10/manaca-framework,6,0,0,0.000000,0.000000,
Fear of the Unknown [generated schema],Fear of the Unknown,generated schema,marijarin/tin_back_hws,4,0,0,0.000000,0.000000,
Fear of the Unknown [generated schema],Fear of the Unknown,generated schema,marlind89/kensa,2,1,1,50.000000,50.000000,1.000000
Fear of the Unknown [generated schema],Fear of the Unknown,generated schema,martynovvladislav/tinkoff-java-backend-course-2024,3,0,0,0.000000,0.000000,
Fear of the Unknown [generated schema],Fear of the Unknown,generated schema,matco/hotspot-api,5,0,0,0.000000,0.000000,
Fear of the Unknown [generated schema],Fear of the Unknown,generated schema,matuolis/financial-analysis-be,6,0,0,0.000000,0.000000,
Fear of the Unknown [generated schema],Fear of the Unknown,generated schema,matuolis/vehicle-marketplace-be,4,0,0,0.000000,0.000000,
Fear of the Unknown [generated schema],Fear of the Unknown,generated schema,maximister/LinkTrackerBot,3,0,0,0.000000,0.000000,
Fear of the Unknown [generated schema],Fear of the Unknown,generated schema,mbto/eatlog,7,0,0,0.000000,0.000000,
Fear of the Unknown [generated schema],Fear of the Unknown,generated schema,mbto/funnyranks,12,0,0,0.000000,0.000000,
Fear of the Unknown [generated schema],Fear of the Unknown,generated schema,mehdikeshani/MyFasten,19,1,1,5.263158,5.263158,1.000000
Fear of the Unknown [generated schema],Fear of the Unknown,generated schema,merlimmateus/vidsummize,1,1,1,100.000000,100.000000,1.000000
Fear of the Unknown [generated schema],Fear of the Unknown,generated schema,metaloom/loom,44,0,0,0.000000,0.000000,
Fear of the Unknown [generated schema],Fear of the Unknown,generated schema,migibert/embro,11,0,0,0.000000,0.000000,
Fear of the Unknown [generated schema],Fear of the Unknown,generated schema,miguelperezcolom/mateu-article-2,5,0,0,0.000000,0.000000,
Fear of the Unknown [generated schema],Fear of the Unknown,generated schema,mikerasch/dal,2,0,0,0.000000,0.000000,
Fear of the Unknown [generated schema],Fear of the Unknown,generated schema,mingtiangg/LTG,25,4,2,8.000000,16.000000,2.000000
Fear of the Unknown [generated schema],Fear of the Unknown,generated schema,mini-crm/mini-crm,2,2,2,100.000000,100.000000,1.000000
Fear of the Unknown [generated schema],Fear of the Unknown,generated schema,mistresssfilth/HM8,2,1,1,50.000000,50.000000,1.000000
Fear of the Unknown [generated schema],Fear of the Unknown,generated schema,mochegov/rock-paper-scissors,3,2,2,66.666667,66.666667,1.000000
Fear of the Unknown [generated schema],Fear of the Unknown,generated schema,modlix-india/nocode-saas,93,5,3,3.225806,5.376344,1.666667
Fear of the Unknown [generated schema],Fear of the Unknown,generated schema,mullerhai/mysql-modeldb,35,0,0,0.000000,0.000000,
Fear of the Unknown [generated schema],Fear of the Unknown,generated schema,murl-digital/squier,2,0,0,0.000000,0.000000,
Fear of the Unknown [generated schema],Fear of the Unknown,generated schema,mwilkins91/mythology-v2,6,0,0,0.000000,0.000000,
Fear of the Unknown [generated schema],Fear of the Unknown,generated schema,my1exp/YC_Pay,12,4,1,8.333333,33.333333,4.000000
Fear of the Unknown [generated schema],Fear of the Unknown,generated schema,mytakedotorg/mtdo,11,1,1,9.090909,9.090909,1.000000
Fear of the Unknown [generated schema],Fear of the Unknown,generated schema,nameishari/money-transfer-service,2,0,0,0.000000,0.000000,
Fear of the Unknown [generated schema],Fear of the Unknown,generated schema,navikt/veilarblest,2,0,0,0.000000,0.000000,
Fear of the Unknown [generated schema],Fear of the Unknown,generated schema,neptunejing/SkillUp-Ecom-Plat,8,1,1,12.500000,12.500000,1.000000
Fear of the Unknown [generated schema],Fear of the Unknown,generated schema,nianien/jooq-tutorial,3,7,3,100.000000,233.333333,2.333333
Fear of the Unknown [generated schema],Fear of the Unknown,generated schema,nianien/katana,4,7,2,50.000000,175.000000,3.500000
Fear of the Unknown [generated schema],Fear of the Unknown,generated schema,nikguscode/HackathonMax,9,1,1,11.111111,11.111111,1.000000
Fear of the Unknown [generated schema],Fear of the Unknown,generated schema,nikolay-klekto/FunScrutContactCenterBot,5,4,2,40.000000,80.000000,2.000000
Fear of the Unknown [generated schema],Fear of the Unknown,generated schema,niranjankhare/SeleniumPageModeller,8,1,1,12.500000,12.500000,1.000000
Fear of the Unknown [generated schema],Fear of the Unknown,generated schema,nocarend/Tinkoff-Edu-Backend-Java,2,0,0,0.000000,0.000000,
Fear of the Unknown [generated schema],Fear of the Unknown,generated schema,noir2k/speechear,20,0,0,0.000000,0.000000,
Fear of the Unknown [generated schema],Fear of the Unknown,generated schema,nortal/GovStack-IM-BB-PubSub-Component,11,0,0,0.000000,0.000000,
Fear of the Unknown [generated schema],Fear of the Unknown,generated schema,northcoder-repo/jooqSakilaDemo,46,8,8,17.391304,17.391304,1.000000
Fear of the Unknown [generated schema],Fear of the Unknown,generated schema,nuromirzak/tinkoff_academy,3,0,0,0.000000,0.000000,
Fear of the Unknown [generated schema],Fear of the Unknown,generated schema,nyh1030/rocketmart-pcweb,11,2,1,9.090909,18.181818,2.000000
Fear of the Unknown [generated schema],Fear of the Unknown,generated schema,ojhughes/concourse-http-lock-resource,4,0,0,0.000000,0.000000,
Fear of the Unknown [generated schema],Fear of the Unknown,generated schema,oneops/oneops,41,0,0,0.000000,0.000000,
Fear of the Unknown [generated schema],Fear of the Unknown,generated schema,oracle/graalvm-reachability-metadata,10,0,0,0.000000,0.000000,
Fear of the Unknown [generated schema],Fear of the Unknown,generated schema,otto15/ITMO-WEB-LAB3,1,0,0,0.000000,0.000000,
Fear of the Unknown [generated schema],Fear of the Unknown,generated schema,pawelWielkolinski/SDABetApp,3,0,0,0.000000,0.000000,
Fear of the Unknown [generated schema],Fear of the Unknown,generated schema,pedroafonsodias/springboot,1,0,0,0.000000,0.000000,
Fear of the Unknown [generated schema],Fear of the Unknown,generated schema,pedroermarinho/teach-sync,3,0,0,0.000000,0.000000,
Fear of the Unknown [generated schema],Fear of the Unknown,generated schema,philosopherstonerush/java-notes,4,0,0,0.000000,0.000000,
Fear of the Unknown [generated schema],Fear of the Unknown,generated schema,phpbae/JOOQ,2,0,0,0.000000,0.000000,
Fear of the Unknown [generated schema],Fear of the Unknown,generated schema,picodotdev/blog-ejemplos,7,0,0,0.000000,0.000000,
Fear of the Unknown [generated schema],Fear of the Unknown,generated schema,poemp/metadata-gather,5,0,0,0.000000,0.000000,
Fear of the Unknown [generated schema],Fear of the Unknown,generated schema,polytech-attendance/taskbot,3,1,1,33.333333,33.333333,1.000000
Fear of the Unknown [generated schema],Fear of the Unknown,generated schema,ppretki/mysql-spatial-data,1,0,0,0.000000,0.000000,
Fear of the Unknown [generated schema],Fear of the Unknown,generated schema,pratyush05/trade-app,3,0,0,0.000000,0.000000,
Fear of the Unknown [generated schema],Fear of the Unknown,generated schema,pro100bat9/tg_chat,3,0,0,0.000000,0.000000,
Fear of the Unknown [generated schema],Fear of the Unknown,generated schema,propan/tea-buddy,2,0,0,0.000000,0.000000,
Fear of the Unknown [generated schema],Fear of the Unknown,generated schema,puzink/Wallet,1,0,0,0.000000,0.000000,
Fear of the Unknown [generated schema],Fear of the Unknown,generated schema,pvkvetkin/trackcontent,5,0,0,0.000000,0.000000,
Fear of the Unknown [generated schema],Fear of the Unknown,generated schema,pvorb/npm-stat.com,6,0,0,0.000000,0.000000,
Fear of the Unknown [generated schema],Fear of the Unknown,generated schema,qiao-zhi/springboot-ssm,3,0,0,0.000000,0.000000,
Fear of the Unknown [generated schema],Fear of the Unknown,generated schema,qimok/sharding-jdbc-test,2,1,1,50.000000,50.000000,1.000000
Fear of the Unknown [generated schema],Fear of the Unknown,generated schema,quarkiverse/quarkus-jooq,2,0,0,0.000000,0.000000,
Fear of the Unknown [generated schema],Fear of the Unknown,generated schema,quickmsg/smqtt,2,0,0,0.000000,0.000000,
Fear of the Unknown [generated schema],Fear of the Unknown,generated schema,quinscape/automaton,7,0,0,0.000000,0.000000,
Fear of the Unknown [generated schema],Fear of the Unknown,generated schema,quinscape/domainql,23,0,0,0.000000,0.000000,
Fear of the Unknown [generated schema],Fear of the Unknown,generated schema,quinscape/domainqlstarter,4,0,0,0.000000,0.000000,
Fear of the Unknown [generated schema],Fear of the Unknown,generated schema,r0masaN/PurchaseTask,2,0,0,0.000000,0.000000,
Fear of the Unknown [generated schema],Fear of the Unknown,generated schema,raissabeccarelli/UniBite,3,0,0,0.000000,0.000000,
Fear of the Unknown [generated schema],Fear of the Unknown,generated schema,ralscha/attic,8,1,1,12.500000,12.500000,1.000000
Fear of the Unknown [generated schema],Fear of the Unknown,generated schema,ralscha/blog2019,3,0,0,0.000000,0.000000,
Fear of the Unknown [generated schema],Fear of the Unknown,generated schema,ralscha/blog2020,1,0,0,0.000000,0.000000,
Fear of the Unknown [generated schema],Fear of the Unknown,generated schema,ralscha/otodo,3,0,0,0.000000,0.000000,
Fear of the Unknown [generated schema],Fear of the Unknown,generated schema,ralscha/realworld-spring-boot-jooq,7,0,0,0.000000,0.000000,
Fear of the Unknown [generated schema],Fear of the Unknown,generated schema,ralscha/springsecuritytotp,1,0,0,0.000000,0.000000,
Fear of the Unknown [generated schema],Fear of the Unknown,generated schema,ralscha/webauthn-demo,2,0,0,0.000000,0.000000,
Fear of the Unknown [generated schema],Fear of the Unknown,generated schema,ramoncunha/rinha-backend,1,0,0,0.000000,0.000000,
Fear of the Unknown [generated schema],Fear of the Unknown,generated schema,rayokota/kcache,1,0,0,0.000000,0.000000,
Fear of the Unknown [generated schema],Fear of the Unknown,generated schema,renan-schmitt/spring-boot-jooq,1,0,0,0.000000,0.000000,
Fear of the Unknown [generated schema],Fear of the Unknown,generated schema,rench/scio,1,0,0,0.000000,0.000000,
Fear of the Unknown [generated schema],Fear of the Unknown,generated schema,reportportal/commons-dao,60,7,5,8.333333,11.666667,1.400000
Fear of the Unknown [generated schema],Fear of the Unknown,generated schema,revensif/Tinkoff_Course2024,4,1,1,25.000000,25.000000,1.000000
Fear of the Unknown [generated schema],Fear of the Unknown,generated schema,rockmanck/lifebook,13,3,2,15.384615,23.076923,1.500000
Fear of the Unknown [generated schema],Fear of the Unknown,generated schema,rodano/rodano,33,0,0,0.000000,0.000000,
Fear of the Unknown [generated schema],Fear of the Unknown,generated schema,rogoo/java-raiz,5,0,0,0.000000,0.000000,
Fear of the Unknown [generated schema],Fear of the Unknown,generated schema,romchellis/transactions,1,0,0,0.000000,0.000000,
Fear of the Unknown [generated schema],Fear of the Unknown,generated schema,rzenkov/perfplayground,5,0,0,0.000000,0.000000,
Fear of the Unknown [generated schema],Fear of the Unknown,generated schema,s3nkyh/Library,6,4,2,33.333333,66.666667,2.000000
Fear of the Unknown [generated schema],Fear of the Unknown,generated schema,saksonikEgor/java-course-2023-backend-template-master,3,0,0,0.000000,0.000000,
Fear of the Unknown [generated schema],Fear of the Unknown,generated schema,saltybots/secretsalty-backend-j,5,0,0,0.000000,0.000000,
Fear of the Unknown [generated schema],Fear of the Unknown,generated schema,sayseakleng/template,1,0,0,0.000000,0.000000,
Fear of the Unknown [generated schema],Fear of the Unknown,generated schema,sdumancic/quarkus-template,5,2,1,20.000000,40.000000,2.000000
Fear of the Unknown [generated schema],Fear of the Unknown,generated schema,sebastian-raubach/frickl-web-server,14,3,2,14.285714,21.428571,1.500000
Fear of the Unknown [generated schema],Fear of the Unknown,generated schema,self-xdsd/self-storage,16,2,2,12.500000,12.500000,1.000000
Fear of the Unknown [generated schema],Fear of the Unknown,generated schema,serdeliverance/turro-lingo-api,3,0,0,0.000000,0.000000,
Fear of the Unknown [generated schema],Fear of the Unknown,generated schema,serje3/BotDiscordBackend,8,4,3,37.500000,50.000000,1.333333
Fear of the Unknown [generated schema],Fear of the Unknown,generated schema,sfk25/annually_report,9,0,0,0.000000,0.000000,
Fear of the Unknown [generated schema],Fear of the Unknown,generated schema,sge93/jooq-testcontainers-demo,1,0,0,0.000000,0.000000,
Fear of the Unknown [generated schema],Fear of the Unknown,generated schema,shengquan-ni/reshape-on-amber,10,0,0,0.000000,0.000000,
Fear of the Unknown [generated schema],Fear of the Unknown,generated schema,shev-81/jooqtest,2,3,2,100.000000,150.000000,1.500000
Fear of the Unknown [generated schema],Fear of the Unknown,generated schema,shileishmily/spring-boot-jooq-demo,2,11,2,100.000000,550.000000,5.500000
Fear of the Unknown [generated schema],Fear of the Unknown,generated schema,shilohooo/learn-jooq,8,0,0,0.000000,0.000000,
Fear of the Unknown [generated schema],Fear of the Unknown,generated schema,sify21/testjooq,3,0,0,0.000000,0.000000,
Fear of the Unknown [generated schema],Fear of the Unknown,generated schema,sikt-no/graphitron,33,1,1,3.030303,3.030303,1.000000
Fear of the Unknown [generated schema],Fear of the Unknown,generated schema,sim1984/fbjavaex,10,1,1,10.000000,10.000000,1.000000
Fear of the Unknown [generated schema],Fear of the Unknown,generated schema,sjucker/mvu-platform,15,0,0,0.000000,0.000000,
Fear of the Unknown [generated schema],Fear of the Unknown,generated schema,sjucker/referee-coach-probasket,10,7,1,10.000000,70.000000,7.000000
Fear of the Unknown [generated schema],Fear of the Unknown,generated schema,sjucker/zkmf2024-server,35,3,3,8.571429,8.571429,1.000000
Fear of the Unknown [generated schema],Fear of the Unknown,generated schema,skapral/poetryclub,5,2,2,40.000000,40.000000,1.000000
Fear of the Unknown [generated schema],Fear of the Unknown,generated schema,skyleedevzero86/Spring_lee_Module,15,0,0,0.000000,0.000000,
Fear of the Unknown [generated schema],Fear of the Unknown,generated schema,smartywebdev0119/springsecurity-top,1,0,0,0.000000,0.000000,
Fear of the Unknown [generated schema],Fear of the Unknown,generated schema,smix22/kitaplan,1,2,1,100.000000,200.000000,2.000000
Fear of the Unknown [generated schema],Fear of the Unknown,generated schema,smockoro/spring-boot-java-jooq,2,0,0,0.000000,0.000000,
Fear of the Unknown [generated schema],Fear of the Unknown,generated schema,snhr-1019/task-app-example,2,0,0,0.000000,0.000000,
Fear of the Unknown [generated schema],Fear of the Unknown,generated schema,sogeking7/booking-hotel-app,12,0,0,0.000000,0.000000,
Fear of the Unknown [generated schema],Fear of the Unknown,generated schema,sogeking7/hacknu-25-zaman-bank-ai-app,8,7,4,50.000000,87.500000,1.750000
Fear of the Unknown [generated schema],Fear of the Unknown,generated schema,sokolovskayaa/tinkoff-project,3,0,0,0.000000,0.000000,
Fear of the Unknown [generated schema],Fear of the Unknown,generated schema,sooogle/micronaut-petclinic,7,0,0,0.000000,0.000000,
Fear of the Unknown [generated schema],Fear of the Unknown,generated schema,spacedragon/dgit,3,8,3,100.000000,266.666667,2.666667
Fear of the Unknown [generated schema],Fear of the Unknown,generated schema,spectuu/equipo-4-ings-202520,4,1,1,25.000000,25.000000,1.000000
Fear of the Unknown [generated schema],Fear of the Unknown,generated schema,ssydx/django_wesite,1,0,0,0.000000,0.000000,
Fear of the Unknown [generated schema],Fear of the Unknown,generated schema,streamarr/streamarr-server,12,4,3,25.000000,33.333333,1.333333
Fear of the Unknown [generated schema],Fear of the Unknown,generated schema,stukenvitalii/TinkoffBot,3,0,0,0.000000,0.000000,
Fear of the Unknown [generated schema],Fear of the Unknown,generated schema,sun-fintrack/fintrack-back,5,0,0,0.000000,0.000000,
Fear of the Unknown [generated schema],Fear of the Unknown,generated schema,svp8/java-course-2024,7,2,2,28.571429,28.571429,1.000000
Fear of the Unknown [generated schema],Fear of the Unknown,generated schema,sweatboys/open-discogs-api,29,0,0,0.000000,0.000000,
Fear of the Unknown [generated schema],Fear of the Unknown,generated schema,sylvan-tang/auro,1,0,0,0.000000,0.000000,
Fear of the Unknown [generated schema],Fear of the Unknown,generated schema,synonymdev/vss-server,1,0,0,0.000000,0.000000,
Fear of the Unknown [generated schema],Fear of the Unknown,generated schema,t3hw/mhn,1,0,0,0.000000,0.000000,
Fear of the Unknown [generated schema],Fear of the Unknown,generated schema,tanjezh/spring-demos,5,7,5,100.000000,140.000000,1.400000
Fear of the Unknown [generated schema],Fear of the Unknown,generated schema,tapis-project/tapis-apps,3,0,0,0.000000,0.000000,
Fear of the Unknown [generated schema],Fear of the Unknown,generated schema,tapis-project/tapis-files,2,0,0,0.000000,0.000000,
Fear of the Unknown [generated schema],Fear of the Unknown,generated schema,tapis-project/tapis-notifications,6,1,1,16.666667,16.666667,1.000000
Fear of the Unknown [generated schema],Fear of the Unknown,generated schema,tapis-project/tapis-systems,5,1,1,20.000000,20.000000,1.000000
Fear of the Unknown [generated schema],Fear of the Unknown,generated schema,tariqkb/justweighit,4,0,0,0.000000,0.000000,
Fear of the Unknown [generated schema],Fear of the Unknown,generated schema,teragrep/pth_06,7,0,0,0.000000,0.000000,
Fear of the Unknown [generated schema],Fear of the Unknown,generated schema,the-programmers-hangout/Mimic,5,0,0,0.000000,0.000000,
Fear of the Unknown [generated schema],Fear of the Unknown,generated schema,therepanic/hr-masters-service,3,0,0,0.000000,0.000000,
Fear of the Unknown [generated schema],Fear of the Unknown,generated schema,therepanic/lapayment-crypto-pay-system,4,0,0,0.000000,0.000000,
Fear of the Unknown [generated schema],Fear of the Unknown,generated schema,therepanic/lapayment-crypto-payment-system-microservices,18,0,0,0.000000,0.000000,
Fear of the Unknown [generated schema],Fear of the Unknown,generated schema,therepanic/trustwin-casino-project,39,9,6,15.384615,23.076923,1.500000
Fear of the Unknown [generated schema],Fear of the Unknown,generated schema,theronielanddaronpodcastshow/svja,9,4,4,44.444444,44.444444,1.000000
Fear of the Unknown [generated schema],Fear of the Unknown,generated schema,thomascherickal/hedera-stable-coin,33,0,0,0.000000,0.000000,
Fear of the Unknown [generated schema],Fear of the Unknown,generated schema,tmtsoftware/aps-procedure-read-benchmarking,2,0,0,0.000000,0.000000,
Fear of the Unknown [generated schema],Fear of the Unknown,generated schema,toannv6895/searchable,1,0,0,0.000000,0.000000,
Fear of the Unknown [generated schema],Fear of the Unknown,generated schema,truonghq99/adam-project,1,0,0,0.000000,0.000000,
Fear of the Unknown [generated schema],Fear of the Unknown,generated schema,tsemkaloalena-mirea/vk_education,8,0,0,0.000000,0.000000,
Fear of the Unknown [generated schema],Fear of the Unknown,generated schema,tsoyolv/transfer-money,3,6,2,66.666667,200.000000,3.000000
Fear of the Unknown [generated schema],Fear of the Unknown,generated schema,tw-bc-group/tw-wallet-backend,20,25,7,35.000000,125.000000,3.571429
Fear of the Unknown [generated schema],Fear of the Unknown,generated schema,tyomamatrosov/MatrosovAS,3,0,0,0.000000,0.000000,
Fear of the Unknown [generated schema],Fear of the Unknown,generated schema,uianz/webflux-jooq-r2dbc-starter,2,0,0,0.000000,0.000000,
Fear of the Unknown [generated schema],Fear of the Unknown,generated schema,ultrapotato69/genealogy-back,2,0,0,0.000000,0.000000,
Fear of the Unknown [generated schema],Fear of the Unknown,generated schema,unlessiamwrong/Tinkoff-Java-course-2,3,0,0,0.000000,0.000000,
Fear of the Unknown [generated schema],Fear of the Unknown,generated schema,uptosmth/chronos,7,0,0,0.000000,0.000000,
Fear of the Unknown [generated schema],Fear of the Unknown,generated schema,utfunderscore/buildformat,3,0,0,0.000000,0.000000,
Fear of the Unknown [generated schema],Fear of the Unknown,generated schema,uvuv-643/Service_Oriented_Architecture,16,4,4,25.000000,25.000000,1.000000
Fear of the Unknown [generated schema],Fear of the Unknown,generated schema,vbandurin7/update-listener-bot,3,1,1,33.333333,33.333333,1.000000
Fear of the Unknown [generated schema],Fear of the Unknown,generated schema,vendelieu/spring-template,2,0,0,0.000000,0.000000,
Fear of the Unknown [generated schema],Fear of the Unknown,generated schema,vinniec4/fantasy-football,2,0,0,0.000000,0.000000,
Fear of the Unknown [generated schema],Fear of the Unknown,generated schema,vkuzel/Quantum-Leap,10,0,0,0.000000,0.000000,
Fear of the Unknown [generated schema],Fear of the Unknown,generated schema,vladislav77777/java-backend-course,3,0,0,0.000000,0.000000,
Fear of the Unknown [generated schema],Fear of the Unknown,generated schema,voidframework/voidframework,1,0,0,0.000000,0.000000,
Fear of the Unknown [generated schema],Fear of the Unknown,generated schema,volvas/courses,6,0,0,0.000000,0.000000,
Fear of the Unknown [generated schema],Fear of the Unknown,generated schema,vran-dev/databasir,27,5,5,18.518519,18.518519,1.000000
Fear of the Unknown [generated schema],Fear of the Unknown,generated schema,warhog/fpvlaptracker,6,1,1,16.666667,16.666667,1.000000
Fear of the Unknown [generated schema],Fear of the Unknown,generated schema,waydxd/COMP3111-Project,9,0,0,0.000000,0.000000,
Fear of the Unknown [generated schema],Fear of the Unknown,generated schema,wbprime/java-mods,4,0,0,0.000000,0.000000,
Fear of the Unknown [generated schema],Fear of the Unknown,generated schema,web3brothers/aleo-network-info,3,0,0,0.000000,0.000000,
Fear of the Unknown [generated schema],Fear of the Unknown,generated schema,whizvox/wsite,4,0,0,0.000000,0.000000,
Fear of the Unknown [generated schema],Fear of the Unknown,generated schema,whxu215/jooq-springboot-example-junit,1,0,0,0.000000,0.000000,
Fear of the Unknown [generated schema],Fear of the Unknown,generated schema,wuda0112/foundation,50,8,7,14.000000,16.000000,1.142857
Fear of the Unknown [generated schema],Fear of the Unknown,generated schema,wuhunyu/jooq-transaction,1,1,1,100.000000,100.000000,1.000000
Fear of the Unknown [generated schema],Fear of the Unknown,generated schema,wujihulian/filesbox,41,31,12,29.268293,75.609756,2.583333
Fear of the Unknown [generated schema],Fear of the Unknown,generated schema,xGodness/service-oriented-architecture,3,0,0,0.000000,0.000000,
Fear of the Unknown [generated schema],Fear of the Unknown,generated schema,xJade00/TavernMaid,3,0,0,0.000000,0.000000,
Fear of the Unknown [generated schema],Fear of the Unknown,generated schema,xdnw/Diplocutus,42,2,1,2.380952,4.761905,2.000000
Fear of the Unknown [generated schema],Fear of the Unknown,generated schema,xdnw/locutus,42,2,1,2.380952,4.761905,2.000000
Fear of the Unknown [generated schema],Fear of the Unknown,generated schema,xinxiamu/mu-spring-boot-sample,4,2,1,25.000000,50.000000,2.000000
Fear of the Unknown [generated schema],Fear of the Unknown,generated schema,xnelo/filearch,4,2,1,25.000000,50.000000,2.000000
Fear of the Unknown [generated schema],Fear of the Unknown,generated schema,yangjinguang/i-share-server,17,19,11,64.705882,111.764706,1.727273
Fear of the Unknown [generated schema],Fear of the Unknown,generated schema,yaowei-u/kafka,10,1,1,10.000000,10.000000,1.000000
Fear of the Unknown [generated schema],Fear of the Unknown,generated schema,ydb-platform/ydb-java-dialects,6,0,0,0.000000,0.000000,
Fear of the Unknown [generated schema],Fear of the Unknown,generated schema,ydeng11/Minance,5,0,0,0.000000,0.000000,
Fear of the Unknown [generated schema],Fear of the Unknown,generated schema,yichunzhao/jooq-dao,1,0,0,0.000000,0.000000,
Fear of the Unknown [generated schema],Fear of the Unknown,generated schema,yihaozhong/BuyUp,4,0,0,0.000000,0.000000,
Fear of the Unknown [generated schema],Fear of the Unknown,generated schema,yilmazorhan/smallapps.tips,1,1,1,100.000000,100.000000,1.000000
Fear of the Unknown [generated schema],Fear of the Unknown,generated schema,yiminyangguang520/Java-Learning,1,0,0,0.000000,0.000000,
Fear of the Unknown [generated schema],Fear of the Unknown,generated schema,young0264/jungsuri,14,0,0,0.000000,0.000000,
Fear of the Unknown [generated schema],Fear of the Unknown,generated schema,youngzil/quickstart-database,2,4,2,100.000000,200.000000,2.000000
Fear of the Unknown [generated schema],Fear of the Unknown,generated schema,yuizho/spring-sandbox,2,0,0,0.000000,0.000000,
Fear of the Unknown [generated schema],Fear of the Unknown,generated schema,yuzhongyousida/zipkin,3,2,1,33.333333,66.666667,2.000000
Fear of the Unknown [generated schema],Fear of the Unknown,generated schema,zangzang/java-test,4,2,1,25.000000,50.000000,2.000000
Fear of the Unknown [generated schema],Fear of the Unknown,generated schema,zero-ws/zero-ecotope,270,6,3,1.111111,2.222222,2.000000
Fear of the Unknown [generated schema],Fear of the Unknown,generated schema,zhengqingya/java-workspace,1,0,0,0.000000,0.000000,
Fear of the Unknown [generated schema],Fear of the Unknown,generated schema,zhengzizhe/agent_demo,15,14,5,33.333333,93.333333,2.800000
Fear of the Unknown [generated schema],Fear of the Unknown,generated schema,zhouzhaodong/springboot,1,0,0,0.000000,0.000000,
Fear of the Unknown [generated schema],Fear of the Unknown,generated schema,zhuyb0614/graph-batis,5,2,1,20.000000,40.000000,2.000000
Fear of the Unknown [generated schema],Fear of the Unknown,generated schema,zigzag191/java-backend-course-2024,3,0,0,0.000000,0.000000,
Fear of the Unknown [generated schema],Fear of the Unknown,generated schema,zjxkenshine/codedemo,1,0,0,0.000000,0.000000,
Fear of the Unknown [generated schema],Fear of the Unknown,generated schema,zodac-personal/folding-stats,11,4,3,27.272727,36.363636,1.333333
Fear of the Unknown [application/query source],Fear of the Unknown,application/query source,4el1k/Spring-Api-Hibernate-JOOQ,6,0,0,0.000000,0.000000,
Fear of the Unknown [application/query source],Fear of the Unknown,application/query source,66xc1/lazy-punch,5,0,0,0.000000,0.000000,
Fear of the Unknown [application/query source],Fear of the Unknown,application/query source,ABCLV/ABLV_IngSW,3,0,0,0.000000,0.000000,
Fear of the Unknown [application/query source],Fear of the Unknown,application/query source,APSfurizon/fz-backend,97,0,0,0.000000,0.000000,
Fear of the Unknown [application/query source],Fear of the Unknown,application/query source,AWS-Cloud-Community-LPU/mailing-service,3,0,0,0.000000,0.000000,
Fear of the Unknown [application/query source],Fear of the Unknown,application/query source,AffectedArc07/ParaUtil,3,0,0,0.000000,0.000000,
Fear of the Unknown [application/query source],Fear of the Unknown,application/query source,AisleiAvila/empresa,9,0,0,0.000000,0.000000,
Fear of the Unknown [application/query source],Fear of the Unknown,application/query source,AkaLrz/E-commercial-Platfrom,6,0,0,0.000000,0.000000,
Fear of the Unknown [application/query source],Fear of the Unknown,application/query source,AlexSpeal/Tracking-Bot,5,0,0,0.000000,0.000000,
Fear of the Unknown [application/query source],Fear of the Unknown,application/query source,Alexandr-Kokorin/JavaCourse2024,5,0,0,0.000000,0.000000,
Fear of the Unknown [application/query source],Fear of the Unknown,application/query source,AlexzTj/p2p,6,0,0,0.000000,0.000000,
Fear of the Unknown [application/query source],Fear of the Unknown,application/query source,AlphaFoxz/oneboot,7,0,0,0.000000,0.000000,
Fear of the Unknown [application/query source],Fear of the Unknown,application/query source,AnastasiaPleshkova/tnkf-tracker,5,0,0,0.000000,0.000000,
Fear of the Unknown [application/query source],Fear of the Unknown,application/query source,AndrewSalygin/LinkTracker-Tinkoff,4,0,0,0.000000,0.000000,
Fear of the Unknown [application/query source],Fear of the Unknown,application/query source,Andrey582/NotificationBot,8,0,0,0.000000,0.000000,
Fear of the Unknown [application/query source],Fear of the Unknown,application/query source,Ani512/online-tutoring-app-backend,11,0,0,0.000000,0.000000,
Fear of the Unknown [application/query source],Fear of the Unknown,application/query source,AntonioRusan/LinkTracker,8,0,0,0.000000,0.000000,
Fear of the Unknown [application/query source],Fear of the Unknown,application/query source,Apress/beginning-jooq,86,0,0,0.000000,0.000000,
Fear of the Unknown [application/query source],Fear of the Unknown,application/query source,Apress/pro-spring-6,7,0,0,0.000000,0.000000,
Fear of the Unknown [application/query source],Fear of the Unknown,application/query source,AprilHan1992/fleet-spring-boot,4,0,0,0.000000,0.000000,
Fear of the Unknown [application/query source],Fear of the Unknown,application/query source,ArcaHozota/nasb1995edv3,14,0,0,0.000000,0.000000,
Fear of the Unknown [application/query source],Fear of the Unknown,application/query source,Arden30/TinkoffJavaBackendSpring23-24,6,0,0,0.000000,0.000000,
Fear of the Unknown [application/query source],Fear of the Unknown,application/query source,AtroposBot/Atropos,17,0,0,0.000000,0.000000,
Fear of the Unknown [application/query source],Fear of the Unknown,application/query source,Atsushi68/trunk,29,0,0,0.000000,0.000000,
Fear of the Unknown [application/query source],Fear of the Unknown,application/query source,Ayazkins/Java-Tinkoff-sem-2,6,0,0,0.000000,0.000000,
Fear of the Unknown [application/query source],Fear of the Unknown,application/query source,BRP-API/brp-api-gezag,16,0,0,0.000000,0.000000,
Fear of the Unknown [application/query source],Fear of the Unknown,application/query source,BenMAPCE/BenCloudServer,41,0,0,0.000000,0.000000,
Fear of the Unknown [application/query source],Fear of the Unknown,application/query source,BinaryIgor/tools-and-templates,22,0,0,0.000000,0.000000,
Fear of the Unknown [application/query source],Fear of the Unknown,application/query source,Blackdread/rest-filter,14,0,0,0.000000,0.000000,
Fear of the Unknown [application/query source],Fear of the Unknown,application/query source,BlakieSL/SpringJOOQ_DAO,7,0,0,0.000000,0.000000,
Fear of the Unknown [application/query source],Fear of the Unknown,application/query source,BluBluBlaBla/vidsummize,1,0,0,0.000000,0.000000,
Fear of the Unknown [application/query source],Fear of the Unknown,application/query source,BogBond2000/Itmo_labs,3,0,0,0.000000,0.000000,
Fear of the Unknown [application/query source],Fear of the Unknown,application/query source,BorisovAlexspb/Update_tracker_bot,10,0,0,0.000000,0.000000,
Fear of the Unknown [application/query source],Fear of the Unknown,application/query source,Bruh3509/updates-tracker,5,0,0,0.000000,0.000000,
Fear of the Unknown [application/query source],Fear of the Unknown,application/query source,BuchnevDmitry/LinkTracker,5,0,0,0.000000,0.000000,
Fear of the Unknown [application/query source],Fear of the Unknown,application/query source,BudgetingWebsite/Backend,13,0,0,0.000000,0.000000,
Fear of the Unknown [application/query source],Fear of the Unknown,application/query source,CaXaPCMeDoM/tinkoff-java-course-2024-backend,8,0,0,0.000000,0.000000,
Fear of the Unknown [application/query source],Fear of the Unknown,application/query source,CaptainCluster/data_intensive_assignment_3,8,0,0,0.000000,0.000000,
Fear of the Unknown [application/query source],Fear of the Unknown,application/query source,CatOrLeader/Tinkoff_Link_Tracker,6,0,0,0.000000,0.000000,
Fear of the Unknown [application/query source],Fear of the Unknown,application/query source,ChatCode9/ChatCode-backend,13,0,0,0.000000,0.000000,
Fear of the Unknown [application/query source],Fear of the Unknown,application/query source,Claydelas/dashboard-fx,8,0,0,0.000000,0.000000,
Fear of the Unknown [application/query source],Fear of the Unknown,application/query source,D-Muscipula/tinkoff-java-backend-link-tracker-project,7,0,0,0.000000,0.000000,
Fear of the Unknown [application/query source],Fear of the Unknown,application/query source,DanieleGotti/MED,40,0,0,0.000000,0.000000,
Fear of the Unknown [application/query source],Fear of the Unknown,application/query source,Daniil-Vl/link-tracker,10,0,0,0.000000,0.000000,
Fear of the Unknown [application/query source],Fear of the Unknown,application/query source,Daniil4639/Tinkoff_Repository_2,6,0,0,0.000000,0.000000,
Fear of the Unknown [application/query source],Fear of the Unknown,application/query source,DanjiTalk/danji-talk-backend,5,0,0,0.000000,0.000000,
Fear of the Unknown [application/query source],Fear of the Unknown,application/query source,Dankoy/jforwarder,8,0,0,0.000000,0.000000,
Fear of the Unknown [application/query source],Fear of the Unknown,application/query source,DarplexDev/darplex-java,2,0,0,0.000000,0.000000,
Fear of the Unknown [application/query source],Fear of the Unknown,application/query source,DavidJi80/springboot,3,0,0,0.000000,0.000000,
Fear of the Unknown [application/query source],Fear of the Unknown,application/query source,DiSSCo/dissco-core-annotation-processing-service,18,0,0,0.000000,0.000000,
Fear of the Unknown [application/query source],Fear of the Unknown,application/query source,DiSSCo/dissco-core-backend,15,0,0,0.000000,0.000000,
Fear of the Unknown [application/query source],Fear of the Unknown,application/query source,DiSSCo/dissco-core-digital-specimen-processor,10,0,0,0.000000,0.000000,
Fear of the Unknown [application/query source],Fear of the Unknown,application/query source,DiSSCo/dissco-core-translator,10,0,0,0.000000,0.000000,
Fear of the Unknown [application/query source],Fear of the Unknown,application/query source,DiSSCo/dissco-data-exporter-backend,5,0,0,0.000000,0.000000,
Fear of the Unknown [application/query source],Fear of the Unknown,application/query source,DiamondArt/Java-jooq,2,0,0,0.000000,0.000000,
Fear of the Unknown [application/query source],Fear of the Unknown,application/query source,DmitriyKosolobov/java-course-2024-backend,6,0,0,0.000000,0.000000,
Fear of the Unknown [application/query source],Fear of the Unknown,application/query source,DrBrother/notification-system,6,0,0,0.000000,0.000000,
Fear of the Unknown [application/query source],Fear of the Unknown,application/query source,DragomiroiuStefan/rideshare,17,0,0,0.000000,0.000000,
Fear of the Unknown [application/query source],Fear of the Unknown,application/query source,Drewbie18/spring-rest,5,0,0,0.000000,0.000000,
Fear of the Unknown [application/query source],Fear of the Unknown,application/query source,E1psycongr00/STUDY_REFERENCE,3,0,0,0.000000,0.000000,
Fear of the Unknown [application/query source],Fear of the Unknown,application/query source,E1psycongr00/study_jooq_codegen_with_flyway_jpa,3,0,0,0.000000,0.000000,
Fear of the Unknown [application/query source],Fear of the Unknown,application/query source,EHRoute/EHR-Route,4,0,0,0.000000,0.000000,
Fear of the Unknown [application/query source],Fear of the Unknown,application/query source,Efler/microservice-data-bus,7,0,0,0.000000,0.000000,
Fear of the Unknown [application/query source],Fear of the Unknown,application/query source,Efler/telegram-scrapper-bot,6,0,0,0.000000,0.000000,
Fear of the Unknown [application/query source],Fear of the Unknown,application/query source,Eliorika/tinkoff-java-backend,6,0,0,0.000000,0.000000,
Fear of the Unknown [application/query source],Fear of the Unknown,application/query source,Emented/webLab3,4,0,0,0.000000,0.000000,
Fear of the Unknown [application/query source],Fear of the Unknown,application/query source,EngineDevOps2/programming-todolist-fullstack,1,0,0,0.000000,0.000000,
Fear of the Unknown [application/query source],Fear of the Unknown,application/query source,EuphoriaV/UpdateMonitoringBot,5,0,0,0.000000,0.000000,
Fear of the Unknown [application/query source],Fear of the Unknown,application/query source,FOKO-KENMOGNE-Wilfried/siggeac_prototype,5,0,0,0.000000,0.000000,
Fear of the Unknown [application/query source],Fear of the Unknown,application/query source,FeKom/lab-ecommerce,1,0,0,0.000000,0.000000,
Fear of the Unknown [application/query source],Fear of the Unknown,application/query source,FeldmannJR/constellation-common,9,0,0,0.000000,0.000000,
Fear of the Unknown [application/query source],Fear of the Unknown,application/query source,FeldmannJR/redstonegang,81,0,0,0.000000,0.000000,
Fear of the Unknown [application/query source],Fear of the Unknown,application/query source,Fics3/tink_java_backend_course_spring,10,0,0,0.000000,0.000000,
Fear of the Unknown [application/query source],Fear of the Unknown,application/query source,FilippoBolis/MED_Progetto_Ing_Software_23_24,25,0,0,0.000000,0.000000,
Fear of the Unknown [application/query source],Fear of the Unknown,application/query source,FrankChen021/bithon,76,0,0,0.000000,0.000000,
Fear of the Unknown [application/query source],Fear of the Unknown,application/query source,FrankChen021/bithon-demo,2,0,0,0.000000,0.000000,
Fear of the Unknown [application/query source],Fear of the Unknown,application/query source,GAIM-Tech-OM/killbill-ompay-plugin,2,0,0,0.000000,0.000000,
Fear of the Unknown [application/query source],Fear of the Unknown,application/query source,Gabriele-Mazzoleni/SmarTrip,4,0,0,0.000000,0.000000,
Fear of the Unknown [application/query source],Fear of the Unknown,application/query source,Garrettc96/cacophony,30,0,0,0.000000,0.000000,
Fear of the Unknown [application/query source],Fear of the Unknown,application/query source,Geomatys/examind-community,43,0,0,0.000000,0.000000,
Fear of the Unknown [application/query source],Fear of the Unknown,application/query source,GeorgyDemidenkov/DemidenkovGD_Y-234_2kurs2sem,2,0,0,0.000000,0.000000,
Fear of the Unknown [application/query source],Fear of the Unknown,application/query source,Grigalgol/vk_education_hm6,5,0,0,0.000000,0.000000,
Fear of the Unknown [application/query source],Fear of the Unknown,application/query source,GyrosOfWar/imagehive,12,0,0,0.000000,0.000000,
Fear of the Unknown [application/query source],Fear of the Unknown,application/query source,HSLdevcom/jore4-jore3-importer,202,0,0,0.000000,0.000000,
Fear of the Unknown [application/query source],Fear of the Unknown,application/query source,Hamednallah/Basariat-POS,40,0,0,0.000000,0.000000,
Fear of the Unknown [application/query source],Fear of the Unknown,application/query source,Hamednallah/Market-POS,11,0,0,0.000000,0.000000,
Fear of the Unknown [application/query source],Fear of the Unknown,application/query source,Hellblazer/quantum-db,46,0,0,0.000000,0.000000,
Fear of the Unknown [application/query source],Fear of the Unknown,application/query source,Hixon10/spring-boot-security,1,0,0,0.000000,0.000000,
Fear of the Unknown [application/query source],Fear of the Unknown,application/query source,HoZanDung/ho-workflow,24,0,0,0.000000,0.000000,
Fear of the Unknown [application/query source],Fear of the Unknown,application/query source,Hogeyama/try-java,2,0,0,0.000000,0.000000,
Fear of the Unknown [application/query source],Fear of the Unknown,application/query source,IAGrig/link-updates-notifier,4,0,0,0.000000,0.000000,
Fear of the Unknown [application/query source],Fear of the Unknown,application/query source,IlyaAbramovv/UpdatesAnnouncer,7,0,0,0.000000,0.000000,
Fear of the Unknown [application/query source],Fear of the Unknown,application/query source,IvanShabunin379/java-course-2024,8,0,0,0.000000,0.000000,
Fear of the Unknown [application/query source],Fear of the Unknown,application/query source,JGMelon22/ListDemoJava,2,0,0,0.000000,0.000000,
Fear of the Unknown [application/query source],Fear of the Unknown,application/query source,JacobLewandowskiDev/GwentMMO-Backend,1,0,0,0.000000,0.000000,
Fear of the Unknown [application/query source],Fear of the Unknown,application/query source,JakeMathews/recommendation-engine,3,0,0,0.000000,0.000000,
Fear of the Unknown [application/query source],Fear of the Unknown,application/query source,JixinZhang19/Online-Shopping-System-for-Black-Friday,8,0,0,0.000000,0.000000,
Fear of the Unknown [application/query source],Fear of the Unknown,application/query source,JohannesRabauer/hibernate-vs-jooq,3,0,0,0.000000,0.000000,
Fear of the Unknown [application/query source],Fear of the Unknown,application/query source,Jominjong/mjjo-test-project,3,0,0,0.000000,0.000000,
Fear of the Unknown [application/query source],Fear of the Unknown,application/query source,KEN3pei/oauth-hands-on,20,0,0,0.000000,0.000000,
Fear of the Unknown [application/query source],Fear of the Unknown,application/query source,KGjertsson/macro-hub,14,0,0,0.000000,0.000000,
Fear of the Unknown [application/query source],Fear of the Unknown,application/query source,Karthik1226/onedata_patient,38,0,0,0.000000,0.000000,
Fear of the Unknown [application/query source],Fear of the Unknown,application/query source,Kazuuma-19/nippogen,5,0,0,0.000000,0.000000,
Fear of the Unknown [application/query source],Fear of the Unknown,application/query source,Kirill06344/TinkoffWebApplication,7,0,0,0.000000,0.000000,
Fear of the Unknown [application/query source],Fear of the Unknown,application/query source,KirillSakira/link-tracker,6,0,0,0.000000,0.000000,
Fear of the Unknown [application/query source],Fear of the Unknown,application/query source,KittyBot-Org/KittyBot,16,0,0,0.000000,0.000000,
Fear of the Unknown [application/query source],Fear of the Unknown,application/query source,Knicksaas/gourmet-gate,34,0,0,0.000000,0.000000,
Fear of the Unknown [application/query source],Fear of the Unknown,application/query source,KyleGuanDP/Assignment4,2,0,0,0.000000,0.000000,
Fear of the Unknown [application/query source],Fear of the Unknown,application/query source,LARCH1K/LinkTracker-Bot,5,0,0,0.000000,0.000000,
Fear of the Unknown [application/query source],Fear of the Unknown,application/query source,LalisaST/java_course_2,5,0,0,0.000000,0.000000,
Fear of the Unknown [application/query source],Fear of the Unknown,application/query source,LeHa2505/OnThiService,27,0,0,0.000000,0.000000,
Fear of the Unknown [application/query source],Fear of the Unknown,application/query source,LiangChenDLJ/VIPManager,15,0,0,0.000000,0.000000,
Fear of the Unknown [application/query source],Fear of the Unknown,application/query source,LianjiaTech/bella-assistants,26,0,0,0.000000,0.000000,
Fear of the Unknown [application/query source],Fear of the Unknown,application/query source,LianjiaTech/bella-knowledge,15,0,0,0.000000,0.000000,
Fear of the Unknown [application/query source],Fear of the Unknown,application/query source,LianjiaTech/bella-openapi,60,0,0,0.000000,0.000000,
Fear of the Unknown [application/query source],Fear of the Unknown,application/query source,LianjiaTech/bella-workflow,32,0,0,0.000000,0.000000,
Fear of the Unknown [application/query source],Fear of the Unknown,application/query source,Link-Profit-System/java_mvvm,9,0,0,0.000000,0.000000,
Fear of the Unknown [application/query source],Fear of the Unknown,application/query source,LintaoAmons/java-jooq-runable-code,6,0,0,0.000000,0.000000,
Fear of the Unknown [application/query source],Fear of the Unknown,application/query source,LogDS/SimulatorOrchestrator,51,0,0,0.000000,0.000000,
Fear of the Unknown [application/query source],Fear of the Unknown,application/query source,LucidMinded/java-course-2023-backend,9,0,0,0.000000,0.000000,
Fear of the Unknown [application/query source],Fear of the Unknown,application/query source,M1nsong-Kim/practice-jooq,4,0,0,0.000000,0.000000,
Fear of the Unknown [application/query source],Fear of the Unknown,application/query source,MAK-Cpp/backend-java-s2,5,0,0,0.000000,0.000000,
Fear of the Unknown [application/query source],Fear of the Unknown,application/query source,MIZINCHIK/java-course-2023-backend,7,0,0,0.000000,0.000000,
Fear of the Unknown [application/query source],Fear of the Unknown,application/query source,Macbeth-Klm/Tinkoff-java-course-2024,6,0,0,0.000000,0.000000,
Fear of the Unknown [application/query source],Fear of the Unknown,application/query source,Maczi01/sockets,5,0,0,0.000000,0.000000,
Fear of the Unknown [application/query source],Fear of the Unknown,application/query source,MahjongRepository/YagiMotel,1,0,0,0.000000,0.000000,
Fear of the Unknown [application/query source],Fear of the Unknown,application/query source,Malest-GmbH-Co-KG/Prog_3_Projektarbeit,16,0,0,0.000000,0.000000,
Fear of the Unknown [application/query source],Fear of the Unknown,application/query source,MarinaBiryukova/tinkoff-java,5,0,0,0.000000,0.000000,
Fear of the Unknown [application/query source],Fear of the Unknown,application/query source,MaroderKo/parts_shop,5,0,0,0.000000,0.000000,
Fear of the Unknown [application/query source],Fear of the Unknown,application/query source,Mateuzz/music-website-spring,6,0,0,0.000000,0.000000,
Fear of the Unknown [application/query source],Fear of the Unknown,application/query source,MaxZhukoff/tinkoff-bot,5,0,0,0.000000,0.000000,
Fear of the Unknown [application/query source],Fear of the Unknown,application/query source,Missssha/Tinkofff-Back,5,0,0,0.000000,0.000000,
Fear of the Unknown [application/query source],Fear of the Unknown,application/query source,Molzonas/EkEep,15,0,0,0.000000,0.000000,
Fear of the Unknown [application/query source],Fear of the Unknown,application/query source,MyP99999/NewsAggregatorBackend,13,0,0,0.000000,0.000000,
Fear of the Unknown [application/query source],Fear of the Unknown,application/query source,Mykindos/BetterPvP,44,0,0,0.000000,0.000000,
Fear of the Unknown [application/query source],Fear of the Unknown,application/query source,NaspoDev/url-shortener,2,0,0,0.000000,0.000000,
Fear of the Unknown [application/query source],Fear of the Unknown,application/query source,NastyaLush/java-course-2024-backend,5,0,0,0.000000,0.000000,
Fear of the Unknown [application/query source],Fear of the Unknown,application/query source,Ne1loff/OnboardingPlatform,14,0,0,0.000000,0.000000,
Fear of the Unknown [application/query source],Fear of the Unknown,application/query source,Neonik-dev/Update-Tracker-Bot,12,0,0,0.000000,0.000000,
Fear of the Unknown [application/query source],Fear of the Unknown,application/query source,NevinTure/java-course-2024,10,0,0,0.000000,0.000000,
Fear of the Unknown [application/query source],Fear of the Unknown,application/query source,Nick-552/link-tracker,8,0,0,0.000000,0.000000,
Fear of the Unknown [application/query source],Fear of the Unknown,application/query source,NurtilekMamashakirov/Bot-Link-Tracker,4,0,0,0.000000,0.000000,
Fear of the Unknown [application/query source],Fear of the Unknown,application/query source,Nyrheim/PenAndPaper,9,0,0,0.000000,0.000000,
Fear of the Unknown [application/query source],Fear of the Unknown,application/query source,OAGi/Score,164,0,0,0.000000,0.000000,
Fear of the Unknown [application/query source],Fear of the Unknown,application/query source,Online-Tutoring-Application-Team-11/backend-rest-API-service,11,0,0,0.000000,0.000000,
Fear of the Unknown [application/query source],Fear of the Unknown,application/query source,Origin-Masters/Cantine-Planner,16,0,0,0.000000,0.000000,
Fear of the Unknown [application/query source],Fear of the Unknown,application/query source,Ovoshchko/BackendTinkoffJavaSpring,9,0,0,0.000000,0.000000,
Fear of the Unknown [application/query source],Fear of the Unknown,application/query source,PKNU-CERT-IS/BE,74,0,0,0.000000,0.000000,
Fear of the Unknown [application/query source],Fear of the Unknown,application/query source,Pa11ady/java-link-tracker,3,0,0,0.000000,0.000000,
Fear of the Unknown [application/query source],Fear of the Unknown,application/query source,Pacan4ik/tinkoff-course-spring2023,10,0,0,0.000000,0.000000,
Fear of the Unknown [application/query source],Fear of the Unknown,application/query source,ParadiseSS13/TaskDaemon,8,0,0,0.000000,0.000000,
Fear of the Unknown [application/query source],Fear of the Unknown,application/query source,PathmindAI/pathmind-webapp,37,0,0,0.000000,0.000000,
Fear of the Unknown [application/query source],Fear of the Unknown,application/query source,PonomarevAlexxander/telegram-notifier,5,0,0,0.000000,0.000000,
Fear of the Unknown [application/query source],Fear of the Unknown,application/query source,Programming-Org/Programming,5,0,0,0.000000,0.000000,
Fear of the Unknown [application/query source],Fear of the Unknown,application/query source,Prohkit/java-backend-course-2-link-tracker,7,0,0,0.000000,0.000000,
Fear of the Unknown [application/query source],Fear of the Unknown,application/query source,ProstaOlga/prostaBot,34,0,0,0.000000,0.000000,
Fear of the Unknown [application/query source],Fear of the Unknown,application/query source,Puru80/food-ordering-system,1,0,0,0.000000,0.000000,
Fear of the Unknown [application/query source],Fear of the Unknown,application/query source,QuantuM1o1/Tinkoff2024Homeworks,7,1,1,14.285714,14.285714,1.000000
Fear of the Unknown [application/query source],Fear of the Unknown,application/query source,Raha089/oops,3,0,0,0.000000,0.000000,
Fear of the Unknown [application/query source],Fear of the Unknown,application/query source,Reazzzz/oosp-zadanya,2,0,0,0.000000,0.000000,
Fear of the Unknown [application/query source],Fear of the Unknown,application/query source,Rohan-flutterint/texera,32,0,0,0.000000,0.000000,
Fear of the Unknown [application/query source],Fear of the Unknown,application/query source,RomanZozuliauniversity/Javacourework,7,0,0,0.000000,0.000000,
Fear of the Unknown [application/query source],Fear of the Unknown,application/query source,RuslanAndrianov/Backend-Java-Tinkoff-Spring-2024,5,0,0,0.000000,0.000000,
Fear of the Unknown [application/query source],Fear of the Unknown,application/query source,RuslanHkmoff/java-backend-course,5,0,0,0.000000,0.000000,
Fear of the Unknown [application/query source],Fear of the Unknown,application/query source,SOmegaS/financial-tracker,2,0,0,0.000000,0.000000,
Fear of the Unknown [application/query source],Fear of the Unknown,application/query source,Saiyan1/tl-challenge,2,0,0,0.000000,0.000000,
Fear of the Unknown [application/query source],Fear of the Unknown,application/query source,SavageSyrop/VK-courses,17,1,1,5.882353,5.882353,1.000000
Fear of the Unknown [application/query source],Fear of the Unknown,application/query source,ShaDi777/java-course-2024-backend,19,0,0,0.000000,0.000000,
Fear of the Unknown [application/query source],Fear of the Unknown,application/query source,ShakurDmitrii/inline,4,0,0,0.000000,0.000000,
Fear of the Unknown [application/query source],Fear of the Unknown,application/query source,SightStudio/blog-code,52,0,0,0.000000,0.000000,
Fear of the Unknown [application/query source],Fear of the Unknown,application/query source,SleepwalkerPasha/egorov_pa_project,5,0,0,0.000000,0.000000,
Fear of the Unknown [application/query source],Fear of the Unknown,application/query source,SlideHehe/java-backend-course-2,8,0,0,0.000000,0.000000,
Fear of the Unknown [application/query source],Fear of the Unknown,application/query source,SmallWorlds-Forever/sw-streaming,21,0,0,0.000000,0.000000,
Fear of the Unknown [application/query source],Fear of the Unknown,application/query source,SoylentBob/jooq-mock,8,0,0,0.000000,0.000000,
Fear of the Unknown [application/query source],Fear of the Unknown,application/query source,Space27/JavaBackendSpring,7,0,0,0.000000,0.000000,
Fear of the Unknown [application/query source],Fear of the Unknown,application/query source,Stasik371/LinkTrackingBot,5,0,0,0.000000,0.000000,
Fear of the Unknown [application/query source],Fear of the Unknown,application/query source,StubbornJava/StubbornJava,26,0,0,0.000000,0.000000,
Fear of the Unknown [application/query source],Fear of the Unknown,application/query source,Stumpwiz/mrradb,3,0,0,0.000000,0.000000,
Fear of the Unknown [application/query source],Fear of the Unknown,application/query source,Subtelny/DGCraft,36,0,0,0.000000,0.000000,
Fear of the Unknown [application/query source],Fear of the Unknown,application/query source,TaitoUnited/full-stack-template,3,0,0,0.000000,0.000000,
Fear of the Unknown [application/query source],Fear of the Unknown,application/query source,TerraByteDev/SkyFactionsReborn,20,0,0,0.000000,0.000000,
Fear of the Unknown [application/query source],Fear of the Unknown,application/query source,TheLQ/forum-scraper,10,0,0,0.000000,0.000000,
Fear of the Unknown [application/query source],Fear of the Unknown,application/query source,Thee5176/SpringBoot_CQRS_Command,14,0,0,0.000000,0.000000,
Fear of the Unknown [application/query source],Fear of the Unknown,application/query source,Thee5176/SpringBoot_CQRS_Query,8,0,0,0.000000,0.000000,
Fear of the Unknown [application/query source],Fear of the Unknown,application/query source,Thulasidharreddy/task-service,1,0,0,0.000000,0.000000,
Fear of the Unknown [application/query source],Fear of the Unknown,application/query source,Tiltuem/tinkoff-java-course-2024,9,0,0,0.000000,0.000000,
Fear of the Unknown [application/query source],Fear of the Unknown,application/query source,TivM/Tinkoff-Project,6,0,0,0.000000,0.000000,
Fear of the Unknown [application/query source],Fear of the Unknown,application/query source,Tosin-dotcom/notez-backend,5,0,0,0.000000,0.000000,
Fear of the Unknown [application/query source],Fear of the Unknown,application/query source,TovarischZhukov/jooq_example,12,0,0,0.000000,0.000000,
Fear of the Unknown [application/query source],Fear of the Unknown,application/query source,TranNgocKhoa/play-framework-java-jooq-example,11,0,0,0.000000,0.000000,
Fear of the Unknown [application/query source],Fear of the Unknown,application/query source,TunixR/HarmonyAPI,64,0,0,0.000000,0.000000,
Fear of the Unknown [application/query source],Fear of the Unknown,application/query source,UKEIAM/de.uke.iam.parkinson_on_fhir,5,1,1,20.000000,20.000000,1.000000
Fear of the Unknown [application/query source],Fear of the Unknown,application/query source,UniCodeProjects/AmusementParkDB,59,1,1,1.694915,1.694915,1.000000
Fear of the Unknown [application/query source],Fear of the Unknown,application/query source,Unite-Organisation/Unite,93,0,0,0.000000,0.000000,
Fear of the Unknown [application/query source],Fear of the Unknown,application/query source,VadymOselskyi/airlines-booking,34,0,0,0.000000,0.000000,
Fear of the Unknown [application/query source],Fear of the Unknown,application/query source,VictorGalkevich/LinkScrapper,8,0,0,0.000000,0.000000,
Fear of the Unknown [application/query source],Fear of the Unknown,application/query source,ViktoriaGub/Object-oriented-programming-systems,3,0,0,0.000000,0.000000,
Fear of the Unknown [application/query source],Fear of the Unknown,application/query source,VladimirMorozov/orm-playground,11,0,0,0.000000,0.000000,
Fear of the Unknown [application/query source],Fear of the Unknown,application/query source,VoroninEgor/TgBot-LinkTracker,5,0,0,0.000000,0.000000,
Fear of the Unknown [application/query source],Fear of the Unknown,application/query source,Wani4ka/tcs-edu-task,6,0,0,0.000000,0.000000,
Fear of the Unknown [application/query source],Fear of the Unknown,application/query source,WolfOfBad/TinkoffJavaCourse2024,5,0,0,0.000000,0.000000,
Fear of the Unknown [application/query source],Fear of the Unknown,application/query source,YaroslavChetskiy/tinkoff_course_backend_part,11,0,0,0.000000,0.000000,
Fear of the Unknown [application/query source],Fear of the Unknown,application/query source,Yer12/tastamat,18,0,0,0.000000,0.000000,
Fear of the Unknown [application/query source],Fear of the Unknown,application/query source,YuliaKrav/WebContentUpdateService,4,0,0,0.000000,0.000000,
Fear of the Unknown [application/query source],Fear of the Unknown,application/query source,Yuno-obsessed/jodrive,17,0,0,0.000000,0.000000,
Fear of the Unknown [application/query source],Fear of the Unknown,application/query source,ZanottiMatteo/BGTransports,16,0,0,0.000000,0.000000,
Fear of the Unknown [application/query source],Fear of the Unknown,application/query source,ZebdaYacine/demofx,4,0,0,0.000000,0.000000,
Fear of the Unknown [application/query source],Fear of the Unknown,application/query source,ZsgsDesign/openvsx,5,0,0,0.000000,0.000000,
Fear of the Unknown [application/query source],Fear of the Unknown,application/query source,ZwierzchowskiM/Client-Server,4,0,0,0.000000,0.000000,
Fear of the Unknown [application/query source],Fear of the Unknown,application/query source,aabarmin/telegram-bots,3,0,0,0.000000,0.000000,
Fear of the Unknown [application/query source],Fear of the Unknown,application/query source,aahlenst/jOOQ-mcve-json-quoting,7,0,0,0.000000,0.000000,
Fear of the Unknown [application/query source],Fear of the Unknown,application/query source,aceton41k/java-test-framework,4,0,0,0.000000,0.000000,
Fear of the Unknown [application/query source],Fear of the Unknown,application/query source,activej/activej,23,0,0,0.000000,0.000000,
Fear of the Unknown [application/query source],Fear of the Unknown,application/query source,aerius/emission-service,7,0,0,0.000000,0.000000,
Fear of the Unknown [application/query source],Fear of the Unknown,application/query source,agibalov/java-library-experiments,8,0,0,0.000000,0.000000,
Fear of the Unknown [application/query source],Fear of the Unknown,application/query source,akozitsin-hh/hh-jooq-intro,5,0,0,0.000000,0.000000,
Fear of the Unknown [application/query source],Fear of the Unknown,application/query source,aleckbb/tracking-bot,5,0,0,0.000000,0.000000,
Fear of the Unknown [application/query source],Fear of the Unknown,application/query source,aleksseii/TradingOperations,9,0,0,0.000000,0.000000,
Fear of the Unknown [application/query source],Fear of the Unknown,application/query source,alexxiuccia/TrackMe,12,0,0,0.000000,0.000000,
Fear of the Unknown [application/query source],Fear of the Unknown,application/query source,alipay/container-auto-tune,150,0,0,0.000000,0.000000,
Fear of the Unknown [application/query source],Fear of the Unknown,application/query source,alpa011235/sandbox,5,0,0,0.000000,0.000000,
Fear of the Unknown [application/query source],Fear of the Unknown,application/query source,altusea/wpg,5,0,0,0.000000,0.000000,
Fear of the Unknown [application/query source],Fear of the Unknown,application/query source,alvin-qh/study-java,34,0,0,0.000000,0.000000,
Fear of the Unknown [application/query source],Fear of the Unknown,application/query source,amalrajvinoth/jooq-optimistic-locking,3,0,0,0.000000,0.000000,
Fear of the Unknown [application/query source],Fear of the Unknown,application/query source,anpol84/java-course-2024,9,0,0,0.000000,0.000000,
Fear of the Unknown [application/query source],Fear of the Unknown,application/query source,anyamilichenko/soa,9,0,0,0.000000,0.000000,
Fear of the Unknown [application/query source],Fear of the Unknown,application/query source,aplygen/j13n-saas,19,0,0,0.000000,0.000000,
Fear of the Unknown [application/query source],Fear of the Unknown,application/query source,arhostcode/linktracker,4,0,0,0.000000,0.000000,
Fear of the Unknown [application/query source],Fear of the Unknown,application/query source,arijit98/RestaurentManagementService,5,0,0,0.000000,0.000000,
Fear of the Unknown [application/query source],Fear of the Unknown,application/query source,arnaudroger/SimpleFlatMapper,42,0,0,0.000000,0.000000,
Fear of the Unknown [application/query source],Fear of the Unknown,application/query source,artemius39/java-backend-2024,7,0,0,0.000000,0.000000,
Fear of the Unknown [application/query source],Fear of the Unknown,application/query source,articles-simbirsoft/JOOQ-use-in-testing,6,0,0,0.000000,0.000000,
Fear of the Unknown [application/query source],Fear of the Unknown,application/query source,artseroff/link-tracker,8,0,0,0.000000,0.000000,
Fear of the Unknown [application/query source],Fear of the Unknown,application/query source,atolcd/sdis-remocra,148,0,0,0.000000,0.000000,
Fear of the Unknown [application/query source],Fear of the Unknown,application/query source,atomfrede/javaland-2022-karate-workshop,2,0,0,0.000000,0.000000,
Fear of the Unknown [application/query source],Fear of the Unknown,application/query source,auliardana/Java-orm-jooq,2,0,0,0.000000,0.000000,
Fear of the Unknown [application/query source],Fear of the Unknown,application/query source,averbraeck/gamedata-common,2,0,0,0.000000,0.000000,
Fear of the Unknown [application/query source],Fear of the Unknown,application/query source,averbraeck/housinggame-common,7,0,0,0.000000,0.000000,
Fear of the Unknown [application/query source],Fear of the Unknown,application/query source,averbraeck/trustgame,12,0,0,0.000000,0.000000,
Fear of the Unknown [application/query source],Fear of the Unknown,application/query source,averbraeck/trustgame-register,2,0,0,0.000000,0.000000,
Fear of the Unknown [application/query source],Fear of the Unknown,application/query source,averbraeck/trustgame-scores,4,0,0,0.000000,0.000000,
Fear of the Unknown [application/query source],Fear of the Unknown,application/query source,aws-observability/aws-otel-playground,1,0,0,0.000000,0.000000,
Fear of the Unknown [application/query source],Fear of the Unknown,application/query source,aytdm/study,2,0,0,0.000000,0.000000,
Fear of the Unknown [application/query source],Fear of the Unknown,application/query source,badgerwithagun/async-all-the-way-down,6,0,0,0.000000,0.000000,
Fear of the Unknown [application/query source],Fear of the Unknown,application/query source,balazskrizsan/stackjudge_aws_java,3,0,0,0.000000,0.000000,
Fear of the Unknown [application/query source],Fear of the Unknown,application/query source,beargiles/youtube-dojo,8,0,0,0.000000,0.000000,
Fear of the Unknown [application/query source],Fear of the Unknown,application/query source,bennofs/wdumper,6,0,0,0.000000,0.000000,
Fear of the Unknown [application/query source],Fear of the Unknown,application/query source,bharat-chaudhari-0302/spring-jooq-gradle-plugin,5,0,0,0.000000,0.000000,
Fear of the Unknown [application/query source],Fear of the Unknown,application/query source,bifidok/TinkoffBackend,12,0,0,0.000000,0.000000,
Fear of the Unknown [application/query source],Fear of the Unknown,application/query source,bigseized/TinkoffCourseJava2024,6,0,0,0.000000,0.000000,
Fear of the Unknown [application/query source],Fear of the Unknown,application/query source,blueoceandevops/fleet-spring-boot,3,0,0,0.000000,0.000000,
Fear of the Unknown [application/query source],Fear of the Unknown,application/query source,boogiespook/waltz-test,698,0,0,0.000000,0.000000,
Fear of the Unknown [application/query source],Fear of the Unknown,application/query source,boomzin/dbservice,20,0,0,0.000000,0.000000,
Fear of the Unknown [application/query source],Fear of the Unknown,application/query source,bootique-examples/bootique-jooq-examples,1,0,0,0.000000,0.000000,
Fear of the Unknown [application/query source],Fear of the Unknown,application/query source,borjom1/cloud-nest,42,0,0,0.000000,0.000000,
Fear of the Unknown [application/query source],Fear of the Unknown,application/query source,brianbcampbell/z_beast-product-catalog,3,0,0,0.000000,0.000000,
Fear of the Unknown [application/query source],Fear of the Unknown,application/query source,brody-0125/The-Joy-Of-Java,2,0,0,0.000000,0.000000,
Fear of the Unknown [application/query source],Fear of the Unknown,application/query source,bsi-software/ScoutJooq,104,0,0,0.000000,0.000000,
Fear of the Unknown [application/query source],Fear of the Unknown,application/query source,btpka3/btpka3.github.com,10,0,0,0.000000,0.000000,
Fear of the Unknown [application/query source],Fear of the Unknown,application/query source,buster/acmemusic,4,0,0,0.000000,0.000000,
Fear of the Unknown [application/query source],Fear of the Unknown,application/query source,c00ler/transfer-service,6,0,0,0.000000,0.000000,
Fear of the Unknown [application/query source],Fear of the Unknown,application/query source,cardano-foundation/cardano-rosetta-java,10,0,0,0.000000,0.000000,
Fear of the Unknown [application/query source],Fear of the Unknown,application/query source,catsloveme/telegram-bot,5,0,0,0.000000,0.000000,
Fear of the Unknown [application/query source],Fear of the Unknown,application/query source,chriswininger/ai-document-query-system,7,0,0,0.000000,0.000000,
Fear of the Unknown [application/query source],Fear of the Unknown,application/query source,clearflask/clearflask,16,2,1,6.250000,12.500000,2.000000
Fear of the Unknown [application/query source],Fear of the Unknown,application/query source,cn-src/snippets-java,24,0,0,0.000000,0.000000,
Fear of the Unknown [application/query source],Fear of the Unknown,application/query source,coduction/famulex,15,0,0,0.000000,0.000000,
Fear of the Unknown [application/query source],Fear of the Unknown,application/query source,constZhur/tinkoff-backend-course-2024,6,0,0,0.000000,0.000000,
Fear of the Unknown [application/query source],Fear of the Unknown,application/query source,cooder-org/jooq-mate,9,0,0,0.000000,0.000000,
Fear of the Unknown [application/query source],Fear of the Unknown,application/query source,corradomio/java_projects,80,0,0,0.000000,0.000000,
Fear of the Unknown [application/query source],Fear of the Unknown,application/query source,crate/cratedb-examples,4,0,0,0.000000,0.000000,
Fear of the Unknown [application/query source],Fear of the Unknown,application/query source,crick77/usrbilancio,51,0,0,0.000000,0.000000,
Fear of the Unknown [application/query source],Fear of the Unknown,application/query source,crunchykillah/rest_api_springmvc,6,0,0,0.000000,0.000000,
Fear of the Unknown [application/query source],Fear of the Unknown,application/query source,cyberpunkoff/tracktor,4,0,0,0.000000,0.000000,
Fear of the Unknown [application/query source],Fear of the Unknown,application/query source,cycastic-cumberland/libmanage-backend,15,0,0,0.000000,0.000000,
Fear of the Unknown [application/query source],Fear of the Unknown,application/query source,danmofo/fitness-tracker-app,11,0,0,0.000000,0.000000,
Fear of the Unknown [application/query source],Fear of the Unknown,application/query source,dbist/cockroach-docker,5,0,0,0.000000,0.000000,
Fear of the Unknown [application/query source],Fear of the Unknown,application/query source,deepakborania/revolut-backend-task,14,0,0,0.000000,0.000000,
Fear of the Unknown [application/query source],Fear of the Unknown,application/query source,dehasi/ppp-of-ddd,5,0,0,0.000000,0.000000,
Fear of the Unknown [application/query source],Fear of the Unknown,application/query source,derabbink/sws2,2,0,0,0.000000,0.000000,
Fear of the Unknown [application/query source],Fear of the Unknown,application/query source,devstronomy/nasa-data-scraper,1,0,0,0.000000,0.000000,
Fear of the Unknown [application/query source],Fear of the Unknown,application/query source,dianainya/platform-backend,26,0,0,0.000000,0.000000,
Fear of the Unknown [application/query source],Fear of the Unknown,application/query source,diocorrea/imagewrapper,3,0,0,0.000000,0.000000,
Fear of the Unknown [application/query source],Fear of the Unknown,application/query source,djma/play-stack,5,0,0,0.000000,0.000000,
Fear of the Unknown [application/query source],Fear of the Unknown,application/query source,dndanoff/spring-boot-unit-integration-test-example,2,0,0,0.000000,0.000000,
Fear of the Unknown [application/query source],Fear of the Unknown,application/query source,dominikjaniga91/system-design-interview-projects,4,0,0,0.000000,0.000000,
Fear of the Unknown [application/query source],Fear of the Unknown,application/query source,dreamPis/oauth,14,0,0,0.000000,0.000000,
Fear of the Unknown [application/query source],Fear of the Unknown,application/query source,dzorbey/order-scheduling,2,0,0,0.000000,0.000000,
Fear of the Unknown [application/query source],Fear of the Unknown,application/query source,easkarov/repo-caretaker,5,0,0,0.000000,0.000000,
Fear of the Unknown [application/query source],Fear of the Unknown,application/query source,ebi-gene-expression-group/annotare2,1,0,0,0.000000,0.000000,
Fear of the Unknown [application/query source],Fear of the Unknown,application/query source,eclipse-scout/scout.rt,37,0,0,0.000000,0.000000,
Fear of the Unknown [application/query source],Fear of the Unknown,application/query source,eclipse/openvsx,10,0,0,0.000000,0.000000,
Fear of the Unknown [application/query source],Fear of the Unknown,application/query source,ehrbase/migration-tool,26,0,0,0.000000,0.000000,
Fear of the Unknown [application/query source],Fear of the Unknown,application/query source,ekgreen/star-boot,17,0,0,0.000000,0.000000,
Fear of the Unknown [application/query source],Fear of the Unknown,application/query source,ekruptsov/jooq-retrofit-crud-poc,2,0,0,0.000000,0.000000,
Fear of the Unknown [application/query source],Fear of the Unknown,application/query source,elwin013/todoapp-multitenancy,5,0,0,0.000000,0.000000,
Fear of the Unknown [application/query source],Fear of the Unknown,application/query source,emapfff/Link-Tracker,7,0,0,0.000000,0.000000,
Fear of the Unknown [application/query source],Fear of the Unknown,application/query source,ericdriggs/reportcard,68,0,0,0.000000,0.000000,
Fear of the Unknown [application/query source],Fear of the Unknown,application/query source,eterny13/url-shortener,1,0,0,0.000000,0.000000,
Fear of the Unknown [application/query source],Fear of the Unknown,application/query source,evagalyuta/services-city-discover,16,0,0,0.000000,0.000000,
Fear of the Unknown [application/query source],Fear of the Unknown,application/query source,eziomou/library-backend,23,0,0,0.000000,0.000000,
Fear of the Unknown [application/query source],Fear of the Unknown,application/query source,f-uni/Quizzy,10,0,0,0.000000,0.000000,
Fear of the Unknown [application/query source],Fear of the Unknown,application/query source,fantj2016/springboot-integration,2,0,0,0.000000,0.000000,
Fear of the Unknown [application/query source],Fear of the Unknown,application/query source,fasten-project/fasten,56,0,0,0.000000,0.000000,
Fear of the Unknown [application/query source],Fear of the Unknown,application/query source,fatihcatalkaya/poker-tracker,2,0,0,0.000000,0.000000,
Fear of the Unknown [application/query source],Fear of the Unknown,application/query source,fedemaleh/chess-challenge-java-1,4,0,0,0.000000,0.000000,
Fear of the Unknown [application/query source],Fear of the Unknown,application/query source,filipegar/killbill-getnet,4,0,0,0.000000,0.000000,
Fear of the Unknown [application/query source],Fear of the Unknown,application/query source,fishedee/Demo,15,0,0,0.000000,0.000000,
Fear of the Unknown [application/query source],Fear of the Unknown,application/query source,fuma-nama/U3-Server,15,0,0,0.000000,0.000000,
Fear of the Unknown [application/query source],Fear of the Unknown,application/query source,gchq/stroom,136,0,0,0.000000,0.000000,
Fear of the Unknown [application/query source],Fear of the Unknown,application/query source,gchq/stroom-auth,10,0,0,0.000000,0.000000,
Fear of the Unknown [application/query source],Fear of the Unknown,application/query source,ge1up/healthy-calories_by_spring,9,0,0,0.000000,0.000000,
Fear of the Unknown [application/query source],Fear of the Unknown,application/query source,gekoramy/uni.web,42,0,0,0.000000,0.000000,
Fear of the Unknown [application/query source],Fear of the Unknown,application/query source,genenakagaki/ddd-sample,2,0,0,0.000000,0.000000,
Fear of the Unknown [application/query source],Fear of the Unknown,application/query source,germinateplatform/gatekeeper-server,24,0,0,0.000000,0.000000,
Fear of the Unknown [application/query source],Fear of the Unknown,application/query source,gilbertlim/jooq,21,0,0,0.000000,0.000000,
Fear of the Unknown [application/query source],Fear of the Unknown,application/query source,giovene44/Cinemanager_Software_Engineering_project,33,0,0,0.000000,0.000000,
Fear of the Unknown [application/query source],Fear of the Unknown,application/query source,glassbell/bp-keeper,2,0,0,0.000000,0.000000,
Fear of the Unknown [application/query source],Fear of the Unknown,application/query source,glockyco/Teralizer,41,0,0,0.000000,0.000000,
Fear of the Unknown [application/query source],Fear of the Unknown,application/query source,gmoon92/toy,10,0,0,0.000000,0.000000,
Fear of the Unknown [application/query source],Fear of the Unknown,application/query source,gonzo1138/jOOQinSpring-basics,2,0,0,0.000000,0.000000,
Fear of the Unknown [application/query source],Fear of the Unknown,application/query source,gourmetgate/gourmetgate,18,0,0,0.000000,0.000000,
Fear of the Unknown [application/query source],Fear of the Unknown,application/query source,graphql-java/graphql-java-db-example,2,0,0,0.000000,0.000000,
Fear of the Unknown [application/query source],Fear of the Unknown,application/query source,h8/gradle-jooq-example,2,0,0,0.000000,0.000000,
Fear of the Unknown [application/query source],Fear of the Unknown,application/query source,hashgraph/hedera-hcs-erc721-sample,10,0,0,0.000000,0.000000,
Fear of the Unknown [application/query source],Fear of the Unknown,application/query source,haumacher/wizard-game,1,0,0,0.000000,0.000000,
Fear of the Unknown [application/query source],Fear of the Unknown,application/query source,hevan/agri-cloud,33,0,0,0.000000,0.000000,
Fear of the Unknown [application/query source],Fear of the Unknown,application/query source,hiddenswitch/Spellsource,33,0,0,0.000000,0.000000,
Fear of the Unknown [application/query source],Fear of the Unknown,application/query source,hieplp/recipe-platform,22,0,0,0.000000,0.000000,
Fear of the Unknown [application/query source],Fear of the Unknown,application/query source,hieplp/vinorsoft-hometest,14,0,0,0.000000,0.000000,
Fear of the Unknown [application/query source],Fear of the Unknown,application/query source,highloadmipt/expensewriter,2,0,0,0.000000,0.000000,
Fear of the Unknown [application/query source],Fear of the Unknown,application/query source,hpple/revolut-backend-test,6,0,0,0.000000,0.000000,
Fear of the Unknown [application/query source],Fear of the Unknown,application/query source,huruiyi/books-source,32,0,0,0.000000,0.000000,
Fear of the Unknown [application/query source],Fear of the Unknown,application/query source,hyt-sasaki/SpringBootMicroServiceTutorial,2,0,0,0.000000,0.000000,
Fear of the Unknown [application/query source],Fear of the Unknown,application/query source,icefery/demo.icefery.xyz,1,0,0,0.000000,0.000000,
Fear of the Unknown [application/query source],Fear of the Unknown,application/query source,itboy87/quarkus-ext-jooq,9,0,0,0.000000,0.000000,
Fear of the Unknown [application/query source],Fear of the Unknown,application/query source,iyunbo/stackoverflow,1,0,0,0.000000,0.000000,
Fear of the Unknown [application/query source],Fear of the Unknown,application/query source,jOOQ/demo,37,0,0,0.000000,0.000000,
Fear of the Unknown [application/query source],Fear of the Unknown,application/query source,jOOQ/jOOQ-mcve,7,0,0,0.000000,0.000000,
Fear of the Unknown [application/query source],Fear of the Unknown,application/query source,jackbergus/java_logicalconsistency,31,0,0,0.000000,0.000000,
Fear of the Unknown [application/query source],Fear of the Unknown,application/query source,jasondlee/quarkus-dev-service-full-example,3,0,0,0.000000,0.000000,
Fear of the Unknown [application/query source],Fear of the Unknown,application/query source,jasontran320/texera_compose,32,0,0,0.000000,0.000000,
Fear of the Unknown [application/query source],Fear of the Unknown,application/query source,jefberpe/restful-demo,6,0,0,0.000000,0.000000,
Fear of the Unknown [application/query source],Fear of the Unknown,application/query source,jehugaleahsa/javalin-mvc-starter,2,0,0,0.000000,0.000000,
Fear of the Unknown [application/query source],Fear of the Unknown,application/query source,jiangtj-lab/jooq-and-flyway,4,0,0,0.000000,0.000000,
Fear of the Unknown [application/query source],Fear of the Unknown,application/query source,jiangtj/jc-platform,9,0,0,0.000000,0.000000,
Fear of the Unknown [application/query source],Fear of the Unknown,application/query source,jiangtj/jmicro,27,0,0,0.000000,0.000000,
Fear of the Unknown [application/query source],Fear of the Unknown,application/query source,jkingster/Tickster,11,0,0,0.000000,0.000000,
Fear of the Unknown [application/query source],Fear of the Unknown,application/query source,jklingsporn/vertx-jooq,204,0,0,0.000000,0.000000,
Fear of the Unknown [application/query source],Fear of the Unknown,application/query source,jmingu/petcrown-backend,17,1,1,5.882353,5.882353,1.000000
Fear of the Unknown [application/query source],Fear of the Unknown,application/query source,joaoseidel/MussCraft,2,0,0,0.000000,0.000000,
Fear of the Unknown [application/query source],Fear of the Unknown,application/query source,joostvdg/cmg-analytics,1,0,0,0.000000,0.000000,
Fear of the Unknown [application/query source],Fear of the Unknown,application/query source,jordanamr/Divarena-old,7,0,0,0.000000,0.000000,
Fear of the Unknown [application/query source],Fear of the Unknown,application/query source,jsflzhong/cjSpringboot-demo,5,0,0,0.000000,0.000000,
Fear of the Unknown [application/query source],Fear of the Unknown,application/query source,juanhaugaard/H2-sakila,6,0,0,0.000000,0.000000,
Fear of the Unknown [application/query source],Fear of the Unknown,application/query source,jubicoy/easymapper,14,0,0,0.000000,0.000000,
Fear of the Unknown [application/query source],Fear of the Unknown,application/query source,justhecool/SmallWorlds-Forever,26,0,0,0.000000,0.000000,
Fear of the Unknown [application/query source],Fear of the Unknown,application/query source,justmasyan/vkhomeworks,16,0,0,0.000000,0.000000,
Fear of the Unknown [application/query source],Fear of the Unknown,application/query source,k0patych1/java-course-2023-s2,6,0,0,0.000000,0.000000,
Fear of the Unknown [application/query source],Fear of the Unknown,application/query source,k55k32/learn-jooq,59,0,0,0.000000,0.000000,
Fear of the Unknown [application/query source],Fear of the Unknown,application/query source,kaeru61/chat_app,3,0,0,0.000000,0.000000,
Fear of the Unknown [application/query source],Fear of the Unknown,application/query source,kamarkaka/app-updater,3,0,0,0.000000,0.000000,
Fear of the Unknown [application/query source],Fear of the Unknown,application/query source,kamil-sita/labelle,49,0,0,0.000000,0.000000,
Fear of the Unknown [application/query source],Fear of the Unknown,application/query source,kanki6315/racing-analysis,15,0,0,0.000000,0.000000,
Fear of the Unknown [application/query source],Fear of the Unknown,application/query source,kappsegla/databaseprojects,1,0,0,0.000000,0.000000,
Fear of the Unknown [application/query source],Fear of the Unknown,application/query source,keeleinstituut/ekilex,83,0,0,0.000000,0.000000,
Fear of the Unknown [application/query source],Fear of the Unknown,application/query source,kehuka11/graphql_sample,4,0,0,0.000000,0.000000,
Fear of the Unknown [application/query source],Fear of the Unknown,application/query source,khanactl/mcorpus,16,0,0,0.000000,0.000000,
Fear of the Unknown [application/query source],Fear of the Unknown,application/query source,khanhduy-14/pro-todolist-java,6,0,0,0.000000,0.000000,
Fear of the Unknown [application/query source],Fear of the Unknown,application/query source,killbill/killbill-stripe-plugin,6,0,0,0.000000,0.000000,
Fear of the Unknown [application/query source],Fear of the Unknown,application/query source,kkaravitis/pricing-api,3,0,0,0.000000,0.000000,
Fear of the Unknown [application/query source],Fear of the Unknown,application/query source,kmaximk/Link-tracker-bot,5,0,0,0.000000,0.000000,
Fear of the Unknown [application/query source],Fear of the Unknown,application/query source,kozakto/ContactManager,1,0,0,0.000000,0.000000,
Fear of the Unknown [application/query source],Fear of the Unknown,application/query source,krivonosovti/LinktrackerLast,6,0,0,0.000000,0.000000,
Fear of the Unknown [application/query source],Fear of the Unknown,application/query source,krupnoveo/Link-Tracker,6,0,0,0.000000,0.000000,
Fear of the Unknown [application/query source],Fear of the Unknown,application/query source,kryakobess/TinkoffBackendCourse,5,0,0,0.000000,0.000000,
Fear of the Unknown [application/query source],Fear of the Unknown,application/query source,ksamorodov/SpringAuth,1,0,0,0.000000,0.000000,
Fear of the Unknown [application/query source],Fear of the Unknown,application/query source,ksamorodov/corset,1,0,0,0.000000,0.000000,
Fear of the Unknown [application/query source],Fear of the Unknown,application/query source,kushtrimh/tomorr,14,0,0,0.000000,0.000000,
Fear of the Unknown [application/query source],Fear of the Unknown,application/query source,labinochka/semester-work-agona,4,0,0,0.000000,0.000000,
Fear of the Unknown [application/query source],Fear of the Unknown,application/query source,lahraye/farm-collector-task,1,0,0,0.000000,0.000000,
Fear of the Unknown [application/query source],Fear of the Unknown,application/query source,lamarios/mmath,8,0,0,0.000000,0.000000,
Fear of the Unknown [application/query source],Fear of the Unknown,application/query source,lelup24/blog,10,0,0,0.000000,0.000000,
Fear of the Unknown [application/query source],Fear of the Unknown,application/query source,lelup24/spring-boot-websocket,6,0,0,0.000000,0.000000,
Fear of the Unknown [application/query source],Fear of the Unknown,application/query source,leoiii12/csci3170-project,5,0,0,0.000000,0.000000,
Fear of the Unknown [application/query source],Fear of the Unknown,application/query source,leoleelwl/springboot_jooq_flyway,3,0,0,0.000000,0.000000,
Fear of the Unknown [application/query source],Fear of the Unknown,application/query source,lesam19092/Tinkoff_first_project,4,0,0,0.000000,0.000000,
Fear of the Unknown [application/query source],Fear of the Unknown,application/query source,letPeace/VK-homework-6,8,0,0,0.000000,0.000000,
Fear of the Unknown [application/query source],Fear of the Unknown,application/query source,lightningdevkit/vss-server,3,0,0,0.000000,0.000000,
Fear of the Unknown [application/query source],Fear of the Unknown,application/query source,liljarn/tinkoffCourseJava2024,8,0,0,0.000000,0.000000,
Fear of the Unknown [application/query source],Fear of the Unknown,application/query source,lin-mt/spring-boot,6,0,0,0.000000,0.000000,
Fear of the Unknown [application/query source],Fear of the Unknown,application/query source,linux-china/jooq-demo,8,0,0,0.000000,0.000000,
Fear of the Unknown [application/query source],Fear of the Unknown,application/query source,liuyueyi/spring-boot-demo,10,0,0,0.000000,0.000000,
Fear of the Unknown [application/query source],Fear of the Unknown,application/query source,liuzheming/merchant-feecal-mvp,29,0,0,0.000000,0.000000,
Fear of the Unknown [application/query source],Fear of the Unknown,application/query source,ljk0071/side-project-back,14,0,0,0.000000,0.000000,
Fear of the Unknown [application/query source],Fear of the Unknown,application/query source,lsfoster64/gymhelper,3,0,0,0.000000,0.000000,
Fear of the Unknown [application/query source],Fear of the Unknown,application/query source,lsn03/java-2023-backend-second-semester,8,0,0,0.000000,0.000000,
Fear of the Unknown [application/query source],Fear of the Unknown,application/query source,lwbeamer/tinkoff-course,5,0,0,0.000000,0.000000,
Fear of the Unknown [application/query source],Fear of the Unknown,application/query source,lzbkln/java-course-tinkoff-spring-2024,11,0,0,0.000000,0.000000,
Fear of the Unknown [application/query source],Fear of the Unknown,application/query source,lzj09/sw-jooq,3,0,0,0.000000,0.000000,
Fear of the Unknown [application/query source],Fear of the Unknown,application/query source,magicswissweed/MagicSwissWeed2.0,12,0,0,0.000000,0.000000,
Fear of the Unknown [application/query source],Fear of the Unknown,application/query source,makeitfine-org/mif,8,0,0,0.000000,0.000000,
Fear of the Unknown [application/query source],Fear of the Unknown,application/query source,maksmolchdmitr/tinkoffLinkUpdater,6,0,0,0.000000,0.000000,
Fear of the Unknown [application/query source],Fear of the Unknown,application/query source,marcato10/manaca-framework,3,0,0,0.000000,0.000000,
Fear of the Unknown [application/query source],Fear of the Unknown,application/query source,marijarin/tin_back_hws,5,0,0,0.000000,0.000000,
Fear of the Unknown [application/query source],Fear of the Unknown,application/query source,marlind89/kensa,5,0,0,0.000000,0.000000,
Fear of the Unknown [application/query source],Fear of the Unknown,application/query source,martynovvladislav/tinkoff-java-backend-course-2024,12,0,0,0.000000,0.000000,
Fear of the Unknown [application/query source],Fear of the Unknown,application/query source,matco/hotspot-api,11,0,0,0.000000,0.000000,
Fear of the Unknown [application/query source],Fear of the Unknown,application/query source,matuolis/financial-analysis-be,8,0,0,0.000000,0.000000,
Fear of the Unknown [application/query source],Fear of the Unknown,application/query source,matuolis/vehicle-marketplace-be,9,0,0,0.000000,0.000000,
Fear of the Unknown [application/query source],Fear of the Unknown,application/query source,maximister/LinkTrackerBot,5,0,0,0.000000,0.000000,
Fear of the Unknown [application/query source],Fear of the Unknown,application/query source,mbto/eatlog,32,0,0,0.000000,0.000000,
Fear of the Unknown [application/query source],Fear of the Unknown,application/query source,mbto/funnyranks,46,0,0,0.000000,0.000000,
Fear of the Unknown [application/query source],Fear of the Unknown,application/query source,mehdikeshani/MyFasten,57,0,0,0.000000,0.000000,
Fear of the Unknown [application/query source],Fear of the Unknown,application/query source,merlimmateus/vidsummize,1,0,0,0.000000,0.000000,
Fear of the Unknown [application/query source],Fear of the Unknown,application/query source,metaloom/loom,33,4,2,6.060606,12.121212,2.000000
Fear of the Unknown [application/query source],Fear of the Unknown,application/query source,migibert/embro,8,0,0,0.000000,0.000000,
Fear of the Unknown [application/query source],Fear of the Unknown,application/query source,miguelperezcolom/mateu-article-2,15,0,0,0.000000,0.000000,
Fear of the Unknown [application/query source],Fear of the Unknown,application/query source,mikerasch/dal,7,0,0,0.000000,0.000000,
Fear of the Unknown [application/query source],Fear of the Unknown,application/query source,mingtiangg/LTG,36,0,0,0.000000,0.000000,
Fear of the Unknown [application/query source],Fear of the Unknown,application/query source,mini-crm/mini-crm,8,0,0,0.000000,0.000000,
Fear of the Unknown [application/query source],Fear of the Unknown,application/query source,mistresssfilth/HM8,2,0,0,0.000000,0.000000,
Fear of the Unknown [application/query source],Fear of the Unknown,application/query source,mochegov/rock-paper-scissors,5,0,0,0.000000,0.000000,
Fear of the Unknown [application/query source],Fear of the Unknown,application/query source,modlix-india/nocode-saas,429,0,0,0.000000,0.000000,
Fear of the Unknown [application/query source],Fear of the Unknown,application/query source,mullerhai/mysql-modeldb,61,0,0,0.000000,0.000000,
Fear of the Unknown [application/query source],Fear of the Unknown,application/query source,murl-digital/squier,2,0,0,0.000000,0.000000,
Fear of the Unknown [application/query source],Fear of the Unknown,application/query source,mwilkins91/mythology-v2,4,0,0,0.000000,0.000000,
Fear of the Unknown [application/query source],Fear of the Unknown,application/query source,my1exp/YC_Pay,10,0,0,0.000000,0.000000,
Fear of the Unknown [application/query source],Fear of the Unknown,application/query source,mytakedotorg/mtdo,31,0,0,0.000000,0.000000,
Fear of the Unknown [application/query source],Fear of the Unknown,application/query source,nameishari/money-transfer-service,4,0,0,0.000000,0.000000,
Fear of the Unknown [application/query source],Fear of the Unknown,application/query source,navikt/veilarblest,4,0,0,0.000000,0.000000,
Fear of the Unknown [application/query source],Fear of the Unknown,application/query source,neptunejing/SkillUp-Ecom-Plat,8,0,0,0.000000,0.000000,
Fear of the Unknown [application/query source],Fear of the Unknown,application/query source,nianien/jooq-tutorial,20,0,0,0.000000,0.000000,
Fear of the Unknown [application/query source],Fear of the Unknown,application/query source,nianien/katana,20,0,0,0.000000,0.000000,
Fear of the Unknown [application/query source],Fear of the Unknown,application/query source,nikguscode/HackathonMax,19,0,0,0.000000,0.000000,
Fear of the Unknown [application/query source],Fear of the Unknown,application/query source,nikolay-klekto/FunScrutContactCenterBot,15,0,0,0.000000,0.000000,
Fear of the Unknown [application/query source],Fear of the Unknown,application/query source,niranjankhare/SeleniumPageModeller,3,0,0,0.000000,0.000000,
Fear of the Unknown [application/query source],Fear of the Unknown,application/query source,nocarend/Tinkoff-Edu-Backend-Java,5,0,0,0.000000,0.000000,
Fear of the Unknown [application/query source],Fear of the Unknown,application/query source,noir2k/speechear,14,0,0,0.000000,0.000000,
Fear of the Unknown [application/query source],Fear of the Unknown,application/query source,nortal/GovStack-IM-BB-PubSub-Component,31,0,0,0.000000,0.000000,
Fear of the Unknown [application/query source],Fear of the Unknown,application/query source,northcoder-repo/jooqSakilaDemo,4,0,0,0.000000,0.000000,
Fear of the Unknown [application/query source],Fear of the Unknown,application/query source,nuromirzak/tinkoff_academy,8,0,0,0.000000,0.000000,
Fear of the Unknown [application/query source],Fear of the Unknown,application/query source,nyh1030/rocketmart-pcweb,17,0,0,0.000000,0.000000,
Fear of the Unknown [application/query source],Fear of the Unknown,application/query source,ojhughes/concourse-http-lock-resource,7,0,0,0.000000,0.000000,
Fear of the Unknown [application/query source],Fear of the Unknown,application/query source,oneops/oneops,2,0,0,0.000000,0.000000,
Fear of the Unknown [application/query source],Fear of the Unknown,application/query source,oracle/graalvm-reachability-metadata,3,0,0,0.000000,0.000000,
Fear of the Unknown [application/query source],Fear of the Unknown,application/query source,otto15/ITMO-WEB-LAB3,1,0,0,0.000000,0.000000,
Fear of the Unknown [application/query source],Fear of the Unknown,application/query source,pawelWielkolinski/SDABetApp,17,0,0,0.000000,0.000000,
Fear of the Unknown [application/query source],Fear of the Unknown,application/query source,pedroafonsodias/springboot,5,0,0,0.000000,0.000000,
Fear of the Unknown [application/query source],Fear of the Unknown,application/query source,pedroermarinho/teach-sync,5,0,0,0.000000,0.000000,
Fear of the Unknown [application/query source],Fear of the Unknown,application/query source,philosopherstonerush/java-notes,1,0,0,0.000000,0.000000,
Fear of the Unknown [application/query source],Fear of the Unknown,application/query source,phpbae/JOOQ,3,0,0,0.000000,0.000000,
Fear of the Unknown [application/query source],Fear of the Unknown,application/query source,picodotdev/blog-ejemplos,31,0,0,0.000000,0.000000,
Fear of the Unknown [application/query source],Fear of the Unknown,application/query source,poemp/metadata-gather,17,0,0,0.000000,0.000000,
Fear of the Unknown [application/query source],Fear of the Unknown,application/query source,polytech-attendance/taskbot,4,0,0,0.000000,0.000000,
Fear of the Unknown [application/query source],Fear of the Unknown,application/query source,ppretki/mysql-spatial-data,3,0,0,0.000000,0.000000,
Fear of the Unknown [application/query source],Fear of the Unknown,application/query source,pratyush05/trade-app,10,0,0,0.000000,0.000000,
Fear of the Unknown [application/query source],Fear of the Unknown,application/query source,pro100bat9/tg_chat,7,0,0,0.000000,0.000000,
Fear of the Unknown [application/query source],Fear of the Unknown,application/query source,propan/tea-buddy,4,0,0,0.000000,0.000000,
Fear of the Unknown [application/query source],Fear of the Unknown,application/query source,puzink/Wallet,6,0,0,0.000000,0.000000,
Fear of the Unknown [application/query source],Fear of the Unknown,application/query source,pvkvetkin/trackcontent,4,0,0,0.000000,0.000000,
Fear of the Unknown [application/query source],Fear of the Unknown,application/query source,pvorb/npm-stat.com,3,0,0,0.000000,0.000000,
Fear of the Unknown [application/query source],Fear of the Unknown,application/query source,qiao-zhi/springboot-ssm,1,0,0,0.000000,0.000000,
Fear of the Unknown [application/query source],Fear of the Unknown,application/query source,qimok/sharding-jdbc-test,10,0,0,0.000000,0.000000,
Fear of the Unknown [application/query source],Fear of the Unknown,application/query source,quarkiverse/quarkus-jooq,12,0,0,0.000000,0.000000,
Fear of the Unknown [application/query source],Fear of the Unknown,application/query source,quickmsg/smqtt,3,0,0,0.000000,0.000000,
Fear of the Unknown [application/query source],Fear of the Unknown,application/query source,quinscape/automaton,54,0,0,0.000000,0.000000,
Fear of the Unknown [application/query source],Fear of the Unknown,application/query source,quinscape/domainql,38,0,0,0.000000,0.000000,
Fear of the Unknown [application/query source],Fear of the Unknown,application/query source,quinscape/domainqlstarter,9,0,0,0.000000,0.000000,
Fear of the Unknown [application/query source],Fear of the Unknown,application/query source,r0masaN/PurchaseTask,8,0,0,0.000000,0.000000,
Fear of the Unknown [application/query source],Fear of the Unknown,application/query source,raissabeccarelli/UniBite,14,0,0,0.000000,0.000000,
Fear of the Unknown [application/query source],Fear of the Unknown,application/query source,ralscha/attic,108,0,0,0.000000,0.000000,
Fear of the Unknown [application/query source],Fear of the Unknown,application/query source,ralscha/blog2019,17,0,0,0.000000,0.000000,
Fear of the Unknown [application/query source],Fear of the Unknown,application/query source,ralscha/blog2020,2,0,0,0.000000,0.000000,
Fear of the Unknown [application/query source],Fear of the Unknown,application/query source,ralscha/otodo,19,0,0,0.000000,0.000000,
Fear of the Unknown [application/query source],Fear of the Unknown,application/query source,ralscha/realworld-spring-boot-jooq,12,0,0,0.000000,0.000000,
Fear of the Unknown [application/query source],Fear of the Unknown,application/query source,ralscha/springsecuritytotp,4,0,0,0.000000,0.000000,
Fear of the Unknown [application/query source],Fear of the Unknown,application/query source,ralscha/webauthn-demo,4,0,0,0.000000,0.000000,
Fear of the Unknown [application/query source],Fear of the Unknown,application/query source,ramoncunha/rinha-backend,5,0,0,0.000000,0.000000,
Fear of the Unknown [application/query source],Fear of the Unknown,application/query source,rayokota/kcache,1,0,0,0.000000,0.000000,
Fear of the Unknown [application/query source],Fear of the Unknown,application/query source,renan-schmitt/spring-boot-jooq,2,0,0,0.000000,0.000000,
Fear of the Unknown [application/query source],Fear of the Unknown,application/query source,rench/scio,1,0,0,0.000000,0.000000,
Fear of the Unknown [application/query source],Fear of the Unknown,application/query source,reportportal/commons-dao,67,0,0,0.000000,0.000000,
Fear of the Unknown [application/query source],Fear of the Unknown,application/query source,revensif/Tinkoff_Course2024,8,0,0,0.000000,0.000000,
Fear of the Unknown [application/query source],Fear of the Unknown,application/query source,rockmanck/lifebook,10,0,0,0.000000,0.000000,
Fear of the Unknown [application/query source],Fear of the Unknown,application/query source,rodano/rodano,72,1,1,1.388889,1.388889,1.000000
Fear of the Unknown [application/query source],Fear of the Unknown,application/query source,rogoo/java-raiz,2,0,0,0.000000,0.000000,
Fear of the Unknown [application/query source],Fear of the Unknown,application/query source,romchellis/transactions,2,0,0,0.000000,0.000000,
Fear of the Unknown [application/query source],Fear of the Unknown,application/query source,rzenkov/perfplayground,7,0,0,0.000000,0.000000,
Fear of the Unknown [application/query source],Fear of the Unknown,application/query source,s3nkyh/Library,4,0,0,0.000000,0.000000,
Fear of the Unknown [application/query source],Fear of the Unknown,application/query source,saksonikEgor/java-course-2023-backend-template-master,6,0,0,0.000000,0.000000,
Fear of the Unknown [application/query source],Fear of the Unknown,application/query source,saltybots/secretsalty-backend-j,3,0,0,0.000000,0.000000,
Fear of the Unknown [application/query source],Fear of the Unknown,application/query source,sayseakleng/template,10,0,0,0.000000,0.000000,
Fear of the Unknown [application/query source],Fear of the Unknown,application/query source,sdumancic/quarkus-template,2,0,0,0.000000,0.000000,
Fear of the Unknown [application/query source],Fear of the Unknown,application/query source,sebastian-raubach/frickl-web-server,31,0,0,0.000000,0.000000,
Fear of the Unknown [application/query source],Fear of the Unknown,application/query source,self-xdsd/self-storage,24,0,0,0.000000,0.000000,
Fear of the Unknown [application/query source],Fear of the Unknown,application/query source,serdeliverance/turro-lingo-api,3,0,0,0.000000,0.000000,
Fear of the Unknown [application/query source],Fear of the Unknown,application/query source,serje3/BotDiscordBackend,10,0,0,0.000000,0.000000,
Fear of the Unknown [application/query source],Fear of the Unknown,application/query source,sfk25/annually_report,9,0,0,0.000000,0.000000,
Fear of the Unknown [application/query source],Fear of the Unknown,application/query source,sge93/jooq-testcontainers-demo,2,0,0,0.000000,0.000000,
Fear of the Unknown [application/query source],Fear of the Unknown,application/query source,shengquan-ni/reshape-on-amber,31,0,0,0.000000,0.000000,
Fear of the Unknown [application/query source],Fear of the Unknown,application/query source,shev-81/jooqtest,3,0,0,0.000000,0.000000,
Fear of the Unknown [application/query source],Fear of the Unknown,application/query source,shileishmily/spring-boot-jooq-demo,6,0,0,0.000000,0.000000,
Fear of the Unknown [application/query source],Fear of the Unknown,application/query source,shilohooo/learn-jooq,20,0,0,0.000000,0.000000,
Fear of the Unknown [application/query source],Fear of the Unknown,application/query source,sify21/testjooq,1,0,0,0.000000,0.000000,
Fear of the Unknown [application/query source],Fear of the Unknown,application/query source,sikt-no/graphitron,160,0,0,0.000000,0.000000,
Fear of the Unknown [application/query source],Fear of the Unknown,application/query source,sim1984/fbjavaex,10,0,0,0.000000,0.000000,
Fear of the Unknown [application/query source],Fear of the Unknown,application/query source,sjucker/mvu-platform,17,3,1,5.882353,17.647059,3.000000
Fear of the Unknown [application/query source],Fear of the Unknown,application/query source,sjucker/referee-coach-probasket,12,0,0,0.000000,0.000000,
Fear of the Unknown [application/query source],Fear of the Unknown,application/query source,sjucker/zkmf2024-server,44,0,0,0.000000,0.000000,
Fear of the Unknown [application/query source],Fear of the Unknown,application/query source,skapral/poetryclub,29,0,0,0.000000,0.000000,
Fear of the Unknown [application/query source],Fear of the Unknown,application/query source,skyleedevzero86/Spring_lee_Module,8,0,0,0.000000,0.000000,
Fear of the Unknown [application/query source],Fear of the Unknown,application/query source,smartywebdev0119/springsecurity-top,4,0,0,0.000000,0.000000,
Fear of the Unknown [application/query source],Fear of the Unknown,application/query source,smix22/kitaplan,1,0,0,0.000000,0.000000,
Fear of the Unknown [application/query source],Fear of the Unknown,application/query source,smockoro/spring-boot-java-jooq,1,0,0,0.000000,0.000000,
Fear of the Unknown [application/query source],Fear of the Unknown,application/query source,snhr-1019/task-app-example,3,0,0,0.000000,0.000000,
Fear of the Unknown [application/query source],Fear of the Unknown,application/query source,sogeking7/booking-hotel-app,52,0,0,0.000000,0.000000,
Fear of the Unknown [application/query source],Fear of the Unknown,application/query source,sogeking7/hacknu-25-zaman-bank-ai-app,27,0,0,0.000000,0.000000,
Fear of the Unknown [application/query source],Fear of the Unknown,application/query source,sokolovskayaa/tinkoff-project,8,0,0,0.000000,0.000000,
Fear of the Unknown [application/query source],Fear of the Unknown,application/query source,sooogle/micronaut-petclinic,17,0,0,0.000000,0.000000,
Fear of the Unknown [application/query source],Fear of the Unknown,application/query source,spacedragon/dgit,6,0,0,0.000000,0.000000,
Fear of the Unknown [application/query source],Fear of the Unknown,application/query source,spectuu/equipo-4-ings-202520,22,0,0,0.000000,0.000000,
Fear of the Unknown [application/query source],Fear of the Unknown,application/query source,ssydx/django_wesite,3,0,0,0.000000,0.000000,
Fear of the Unknown [application/query source],Fear of the Unknown,application/query source,streamarr/streamarr-server,3,0,0,0.000000,0.000000,
Fear of the Unknown [application/query source],Fear of the Unknown,application/query source,stukenvitalii/TinkoffBot,4,0,0,0.000000,0.000000,
Fear of the Unknown [application/query source],Fear of the Unknown,application/query source,sun-fintrack/fintrack-back,7,0,0,0.000000,0.000000,
Fear of the Unknown [application/query source],Fear of the Unknown,application/query source,svp8/java-course-2024,11,0,0,0.000000,0.000000,
Fear of the Unknown [application/query source],Fear of the Unknown,application/query source,sweatboys/open-discogs-api,8,0,0,0.000000,0.000000,
Fear of the Unknown [application/query source],Fear of the Unknown,application/query source,sylvan-tang/auro,3,0,0,0.000000,0.000000,
Fear of the Unknown [application/query source],Fear of the Unknown,application/query source,synonymdev/vss-server,3,0,0,0.000000,0.000000,
Fear of the Unknown [application/query source],Fear of the Unknown,application/query source,t3hw/mhn,2,0,0,0.000000,0.000000,
Fear of the Unknown [application/query source],Fear of the Unknown,application/query source,tanjezh/spring-demos,11,0,0,0.000000,0.000000,
Fear of the Unknown [application/query source],Fear of the Unknown,application/query source,tapis-project/tapis-apps,5,0,0,0.000000,0.000000,
Fear of the Unknown [application/query source],Fear of the Unknown,application/query source,tapis-project/tapis-files,4,0,0,0.000000,0.000000,
Fear of the Unknown [application/query source],Fear of the Unknown,application/query source,tapis-project/tapis-notifications,3,0,0,0.000000,0.000000,
Fear of the Unknown [application/query source],Fear of the Unknown,application/query source,tapis-project/tapis-systems,4,0,0,0.000000,0.000000,
Fear of the Unknown [application/query source],Fear of the Unknown,application/query source,tariqkb/justweighit,23,0,0,0.000000,0.000000,
Fear of the Unknown [application/query source],Fear of the Unknown,application/query source,teragrep/pth_06,55,0,0,0.000000,0.000000,
Fear of the Unknown [application/query source],Fear of the Unknown,application/query source,the-programmers-hangout/Mimic,10,0,0,0.000000,0.000000,
Fear of the Unknown [application/query source],Fear of the Unknown,application/query source,therepanic/hr-masters-service,3,0,0,0.000000,0.000000,
Fear of the Unknown [application/query source],Fear of the Unknown,application/query source,therepanic/lapayment-crypto-pay-system,6,0,0,0.000000,0.000000,
Fear of the Unknown [application/query source],Fear of the Unknown,application/query source,therepanic/lapayment-crypto-payment-system-microservices,14,0,0,0.000000,0.000000,
Fear of the Unknown [application/query source],Fear of the Unknown,application/query source,therepanic/trustwin-casino-project,22,0,0,0.000000,0.000000,
Fear of the Unknown [application/query source],Fear of the Unknown,application/query source,theronielanddaronpodcastshow/svja,20,0,0,0.000000,0.000000,
Fear of the Unknown [application/query source],Fear of the Unknown,application/query source,thomascherickal/hedera-stable-coin,23,0,0,0.000000,0.000000,
Fear of the Unknown [application/query source],Fear of the Unknown,application/query source,tmtsoftware/aps-procedure-read-benchmarking,2,0,0,0.000000,0.000000,
Fear of the Unknown [application/query source],Fear of the Unknown,application/query source,toannv6895/searchable,7,0,0,0.000000,0.000000,
Fear of the Unknown [application/query source],Fear of the Unknown,application/query source,truonghq99/adam-project,2,0,0,0.000000,0.000000,
Fear of the Unknown [application/query source],Fear of the Unknown,application/query source,tsemkaloalena-mirea/vk_education,21,0,0,0.000000,0.000000,
Fear of the Unknown [application/query source],Fear of the Unknown,application/query source,tsoyolv/transfer-money,4,0,0,0.000000,0.000000,
Fear of the Unknown [application/query source],Fear of the Unknown,application/query source,tw-bc-group/tw-wallet-backend,17,0,0,0.000000,0.000000,
Fear of the Unknown [application/query source],Fear of the Unknown,application/query source,tyomamatrosov/MatrosovAS,2,0,0,0.000000,0.000000,
Fear of the Unknown [application/query source],Fear of the Unknown,application/query source,uianz/webflux-jooq-r2dbc-starter,1,0,0,0.000000,0.000000,
Fear of the Unknown [application/query source],Fear of the Unknown,application/query source,ultrapotato69/genealogy-back,5,0,0,0.000000,0.000000,
Fear of the Unknown [application/query source],Fear of the Unknown,application/query source,unlessiamwrong/Tinkoff-Java-course-2,9,0,0,0.000000,0.000000,
Fear of the Unknown [application/query source],Fear of the Unknown,application/query source,uptosmth/chronos,11,0,0,0.000000,0.000000,
Fear of the Unknown [application/query source],Fear of the Unknown,application/query source,utfunderscore/buildformat,3,0,0,0.000000,0.000000,
Fear of the Unknown [application/query source],Fear of the Unknown,application/query source,uvuv-643/Service_Oriented_Architecture,6,0,0,0.000000,0.000000,
Fear of the Unknown [application/query source],Fear of the Unknown,application/query source,vbandurin7/update-listener-bot,6,0,0,0.000000,0.000000,
Fear of the Unknown [application/query source],Fear of the Unknown,application/query source,vendelieu/spring-template,0,0,0,,,
Fear of the Unknown [application/query source],Fear of the Unknown,application/query source,vinniec4/fantasy-football,4,0,0,0.000000,0.000000,
Fear of the Unknown [application/query source],Fear of the Unknown,application/query source,vkuzel/Quantum-Leap,56,0,0,0.000000,0.000000,
Fear of the Unknown [application/query source],Fear of the Unknown,application/query source,vladislav77777/java-backend-course,6,0,0,0.000000,0.000000,
Fear of the Unknown [application/query source],Fear of the Unknown,application/query source,voidframework/voidframework,7,0,0,0.000000,0.000000,
Fear of the Unknown [application/query source],Fear of the Unknown,application/query source,volvas/courses,5,0,0,0.000000,0.000000,
Fear of the Unknown [application/query source],Fear of the Unknown,application/query source,vran-dev/databasir,142,0,0,0.000000,0.000000,
Fear of the Unknown [application/query source],Fear of the Unknown,application/query source,warhog/fpvlaptracker,7,0,0,0.000000,0.000000,
Fear of the Unknown [application/query source],Fear of the Unknown,application/query source,waydxd/COMP3111-Project,8,0,0,0.000000,0.000000,
Fear of the Unknown [application/query source],Fear of the Unknown,application/query source,wbprime/java-mods,11,0,0,0.000000,0.000000,
Fear of the Unknown [application/query source],Fear of the Unknown,application/query source,web3brothers/aleo-network-info,2,0,0,0.000000,0.000000,
Fear of the Unknown [application/query source],Fear of the Unknown,application/query source,whizvox/wsite,6,0,0,0.000000,0.000000,
Fear of the Unknown [application/query source],Fear of the Unknown,application/query source,whxu215/jooq-springboot-example-junit,8,0,0,0.000000,0.000000,
Fear of the Unknown [application/query source],Fear of the Unknown,application/query source,wuda0112/foundation,18,0,0,0.000000,0.000000,
Fear of the Unknown [application/query source],Fear of the Unknown,application/query source,wuhunyu/jooq-transaction,3,0,0,0.000000,0.000000,
Fear of the Unknown [application/query source],Fear of the Unknown,application/query source,wujihulian/filesbox,59,0,0,0.000000,0.000000,
Fear of the Unknown [application/query source],Fear of the Unknown,application/query source,xGodness/service-oriented-architecture,9,1,1,11.111111,11.111111,1.000000
Fear of the Unknown [application/query source],Fear of the Unknown,application/query source,xJade00/TavernMaid,10,0,0,0.000000,0.000000,
Fear of the Unknown [application/query source],Fear of the Unknown,application/query source,xdnw/Diplocutus,30,0,0,0.000000,0.000000,
Fear of the Unknown [application/query source],Fear of the Unknown,application/query source,xdnw/locutus,47,0,0,0.000000,0.000000,
Fear of the Unknown [application/query source],Fear of the Unknown,application/query source,xinxiamu/mu-spring-boot-sample,17,0,0,0.000000,0.000000,
Fear of the Unknown [application/query source],Fear of the Unknown,application/query source,xnelo/filearch,8,0,0,0.000000,0.000000,
Fear of the Unknown [application/query source],Fear of the Unknown,application/query source,yangjinguang/i-share-server,50,0,0,0.000000,0.000000,
Fear of the Unknown [application/query source],Fear of the Unknown,application/query source,yaowei-u/kafka,4,0,0,0.000000,0.000000,
Fear of the Unknown [application/query source],Fear of the Unknown,application/query source,ydb-platform/ydb-java-dialects,185,0,0,0.000000,0.000000,
Fear of the Unknown [application/query source],Fear of the Unknown,application/query source,ydeng11/Minance,19,0,0,0.000000,0.000000,
Fear of the Unknown [application/query source],Fear of the Unknown,application/query source,yichunzhao/jooq-dao,2,0,0,0.000000,0.000000,
Fear of the Unknown [application/query source],Fear of the Unknown,application/query source,yihaozhong/BuyUp,5,0,0,0.000000,0.000000,
Fear of the Unknown [application/query source],Fear of the Unknown,application/query source,yilmazorhan/smallapps.tips,4,0,0,0.000000,0.000000,
Fear of the Unknown [application/query source],Fear of the Unknown,application/query source,yiminyangguang520/Java-Learning,24,0,0,0.000000,0.000000,
Fear of the Unknown [application/query source],Fear of the Unknown,application/query source,young0264/jungsuri,12,0,0,0.000000,0.000000,
Fear of the Unknown [application/query source],Fear of the Unknown,application/query source,youngzil/quickstart-database,6,0,0,0.000000,0.000000,
Fear of the Unknown [application/query source],Fear of the Unknown,application/query source,yuizho/spring-sandbox,1,0,0,0.000000,0.000000,
Fear of the Unknown [application/query source],Fear of the Unknown,application/query source,yuzhongyousida/zipkin,39,0,0,0.000000,0.000000,
Fear of the Unknown [application/query source],Fear of the Unknown,application/query source,zangzang/java-test,16,0,0,0.000000,0.000000,
Fear of the Unknown [application/query source],Fear of the Unknown,application/query source,zero-ws/zero-ecotope,457,0,0,0.000000,0.000000,
Fear of the Unknown [application/query source],Fear of the Unknown,application/query source,zhengqingya/java-workspace,10,0,0,0.000000,0.000000,
Fear of the Unknown [application/query source],Fear of the Unknown,application/query source,zhengzizhe/agent_demo,35,0,0,0.000000,0.000000,
Fear of the Unknown [application/query source],Fear of the Unknown,application/query source,zhouzhaodong/springboot,4,0,0,0.000000,0.000000,
Fear of the Unknown [application/query source],Fear of the Unknown,application/query source,zhuyb0614/graph-batis,10,0,0,0.000000,0.000000,
Fear of the Unknown [application/query source],Fear of the Unknown,application/query source,zigzag191/java-backend-course-2024,6,0,0,0.000000,0.000000,
Fear of the Unknown [application/query source],Fear of the Unknown,application/query source,zjxkenshine/codedemo,23,0,0,0.000000,0.000000,
Fear of the Unknown [application/query source],Fear of the Unknown,application/query source,zodac-personal/folding-stats,6,0,0,0.000000,0.000000,
31 Flavors [generated schema],31 Flavors,generated schema,4el1k/Spring-Api-Hibernate-JOOQ,6,0,0,0.000000,0.000000,
31 Flavors [generated schema],31 Flavors,generated schema,66xc1/lazy-punch,4,0,0,0.000000,0.000000,
31 Flavors [generated schema],31 Flavors,generated schema,ABCLV/ABLV_IngSW,15,0,0,0.000000,0.000000,
31 Flavors [generated schema],31 Flavors,generated schema,APSfurizon/fz-backend,19,2,1,5.263158,10.526316,2.000000
31 Flavors [generated schema],31 Flavors,generated schema,AWS-Cloud-Community-LPU/mailing-service,1,0,0,0.000000,0.000000,
31 Flavors [generated schema],31 Flavors,generated schema,AffectedArc07/ParaUtil,3,0,0,0.000000,0.000000,
31 Flavors [generated schema],31 Flavors,generated schema,AisleiAvila/empresa,8,0,0,0.000000,0.000000,
31 Flavors [generated schema],31 Flavors,generated schema,AkaLrz/E-commercial-Platfrom,5,0,0,0.000000,0.000000,
31 Flavors [generated schema],31 Flavors,generated schema,AlexSpeal/Tracking-Bot,3,0,0,0.000000,0.000000,
31 Flavors [generated schema],31 Flavors,generated schema,Alexandr-Kokorin/JavaCourse2024,3,0,0,0.000000,0.000000,
31 Flavors [generated schema],31 Flavors,generated schema,AlexzTj/p2p,2,0,0,0.000000,0.000000,
31 Flavors [generated schema],31 Flavors,generated schema,AlphaFoxz/oneboot,3,0,0,0.000000,0.000000,
31 Flavors [generated schema],31 Flavors,generated schema,AnastasiaPleshkova/tnkf-tracker,3,0,0,0.000000,0.000000,
31 Flavors [generated schema],31 Flavors,generated schema,AndrewSalygin/LinkTracker-Tinkoff,3,0,0,0.000000,0.000000,
31 Flavors [generated schema],31 Flavors,generated schema,Andrey582/NotificationBot,3,0,0,0.000000,0.000000,
31 Flavors [generated schema],31 Flavors,generated schema,Ani512/online-tutoring-app-backend,5,2,2,40.000000,40.000000,1.000000
31 Flavors [generated schema],31 Flavors,generated schema,AntonioRusan/LinkTracker,5,0,0,0.000000,0.000000,
31 Flavors [generated schema],31 Flavors,generated schema,Apress/beginning-jooq,24,0,0,0.000000,0.000000,
31 Flavors [generated schema],31 Flavors,generated schema,Apress/pro-spring-6,8,0,0,0.000000,0.000000,
31 Flavors [generated schema],31 Flavors,generated schema,AprilHan1992/fleet-spring-boot,33,0,0,0.000000,0.000000,
31 Flavors [generated schema],31 Flavors,generated schema,ArcaHozota/nasb1995edv3,10,0,0,0.000000,0.000000,
31 Flavors [generated schema],31 Flavors,generated schema,Arden30/TinkoffJavaBackendSpring23-24,4,0,0,0.000000,0.000000,
31 Flavors [generated schema],31 Flavors,generated schema,AtroposBot/Atropos,10,0,0,0.000000,0.000000,
31 Flavors [generated schema],31 Flavors,generated schema,Atsushi68/trunk,18,0,0,0.000000,0.000000,
31 Flavors [generated schema],31 Flavors,generated schema,Ayazkins/Java-Tinkoff-sem-2,3,0,0,0.000000,0.000000,
31 Flavors [generated schema],31 Flavors,generated schema,BRP-API/brp-api-gezag,5,0,0,0.000000,0.000000,
31 Flavors [generated schema],31 Flavors,generated schema,BenMAPCE/BenCloudServer,181,0,0,0.000000,0.000000,
31 Flavors [generated schema],31 Flavors,generated schema,BinaryIgor/tools-and-templates,7,0,0,0.000000,0.000000,
31 Flavors [generated schema],31 Flavors,generated schema,Blackdread/rest-filter,2,0,0,0.000000,0.000000,
31 Flavors [generated schema],31 Flavors,generated schema,BlakieSL/SpringJOOQ_DAO,5,0,0,0.000000,0.000000,
31 Flavors [generated schema],31 Flavors,generated schema,BluBluBlaBla/vidsummize,1,0,0,0.000000,0.000000,
31 Flavors [generated schema],31 Flavors,generated schema,BogBond2000/Itmo_labs,2,0,0,0.000000,0.000000,
31 Flavors [generated schema],31 Flavors,generated schema,BorisovAlexspb/Update_tracker_bot,4,0,0,0.000000,0.000000,
31 Flavors [generated schema],31 Flavors,generated schema,Bruh3509/updates-tracker,3,0,0,0.000000,0.000000,
31 Flavors [generated schema],31 Flavors,generated schema,BuchnevDmitry/LinkTracker,3,0,0,0.000000,0.000000,
31 Flavors [generated schema],31 Flavors,generated schema,BudgetingWebsite/Backend,4,0,0,0.000000,0.000000,
31 Flavors [generated schema],31 Flavors,generated schema,CaXaPCMeDoM/tinkoff-java-course-2024-backend,3,0,0,0.000000,0.000000,
31 Flavors [generated schema],31 Flavors,generated schema,CaptainCluster/data_intensive_assignment_3,5,0,0,0.000000,0.000000,
31 Flavors [generated schema],31 Flavors,generated schema,CatOrLeader/Tinkoff_Link_Tracker,3,0,0,0.000000,0.000000,
31 Flavors [generated schema],31 Flavors,generated schema,ChatCode9/ChatCode-backend,31,0,0,0.000000,0.000000,
31 Flavors [generated schema],31 Flavors,generated schema,Claydelas/dashboard-fx,5,4,1,20.000000,80.000000,4.000000
31 Flavors [generated schema],31 Flavors,generated schema,D-Muscipula/tinkoff-java-backend-link-tracker-project,3,0,0,0.000000,0.000000,
31 Flavors [generated schema],31 Flavors,generated schema,DanieleGotti/MED,11,0,0,0.000000,0.000000,
31 Flavors [generated schema],31 Flavors,generated schema,Daniil-Vl/link-tracker,3,0,0,0.000000,0.000000,
31 Flavors [generated schema],31 Flavors,generated schema,Daniil4639/Tinkoff_Repository_2,3,0,0,0.000000,0.000000,
31 Flavors [generated schema],31 Flavors,generated schema,DanjiTalk/danji-talk-backend,3,0,0,0.000000,0.000000,
31 Flavors [generated schema],31 Flavors,generated schema,Dankoy/jforwarder,1,0,0,0.000000,0.000000,
31 Flavors [generated schema],31 Flavors,generated schema,DarplexDev/darplex-java,4,0,0,0.000000,0.000000,
31 Flavors [generated schema],31 Flavors,generated schema,DavidJi80/springboot,1,0,0,0.000000,0.000000,
31 Flavors [generated schema],31 Flavors,generated schema,DiSSCo/dissco-core-annotation-processing-service,4,4,2,50.000000,100.000000,2.000000
31 Flavors [generated schema],31 Flavors,generated schema,DiSSCo/dissco-core-backend,6,4,2,33.333333,66.666667,2.000000
31 Flavors [generated schema],31 Flavors,generated schema,DiSSCo/dissco-core-digital-specimen-processor,2,0,0,0.000000,0.000000,
31 Flavors [generated schema],31 Flavors,generated schema,DiSSCo/dissco-core-translator,3,3,2,66.666667,100.000000,1.500000
31 Flavors [generated schema],31 Flavors,generated schema,DiSSCo/dissco-data-exporter-backend,2,3,2,100.000000,150.000000,1.500000
31 Flavors [generated schema],31 Flavors,generated schema,DiamondArt/Java-jooq,6,0,0,0.000000,0.000000,
31 Flavors [generated schema],31 Flavors,generated schema,DmitriyKosolobov/java-course-2024-backend,3,0,0,0.000000,0.000000,
31 Flavors [generated schema],31 Flavors,generated schema,DrBrother/notification-system,3,0,0,0.000000,0.000000,
31 Flavors [generated schema],31 Flavors,generated schema,DragomiroiuStefan/rideshare,8,2,2,25.000000,25.000000,1.000000
31 Flavors [generated schema],31 Flavors,generated schema,Drewbie18/spring-rest,7,0,0,0.000000,0.000000,
31 Flavors [generated schema],31 Flavors,generated schema,E1psycongr00/STUDY_REFERENCE,1,0,0,0.000000,0.000000,
31 Flavors [generated schema],31 Flavors,generated schema,E1psycongr00/study_jooq_codegen_with_flyway_jpa,1,0,0,0.000000,0.000000,
31 Flavors [generated schema],31 Flavors,generated schema,EHRoute/EHR-Route,3,0,0,0.000000,0.000000,
31 Flavors [generated schema],31 Flavors,generated schema,Efler/microservice-data-bus,3,0,0,0.000000,0.000000,
31 Flavors [generated schema],31 Flavors,generated schema,Efler/telegram-scrapper-bot,4,0,0,0.000000,0.000000,
31 Flavors [generated schema],31 Flavors,generated schema,Eliorika/tinkoff-java-backend,3,0,0,0.000000,0.000000,
31 Flavors [generated schema],31 Flavors,generated schema,Emented/webLab3,1,0,0,0.000000,0.000000,
31 Flavors [generated schema],31 Flavors,generated schema,EngineDevOps2/programming-todolist-fullstack,1,0,0,0.000000,0.000000,
31 Flavors [generated schema],31 Flavors,generated schema,EuphoriaV/UpdateMonitoringBot,3,0,0,0.000000,0.000000,
31 Flavors [generated schema],31 Flavors,generated schema,FOKO-KENMOGNE-Wilfried/siggeac_prototype,14,0,0,0.000000,0.000000,
31 Flavors [generated schema],31 Flavors,generated schema,FeKom/lab-ecommerce,1,0,0,0.000000,0.000000,
31 Flavors [generated schema],31 Flavors,generated schema,FeldmannJR/constellation-common,1,0,0,0.000000,0.000000,
31 Flavors [generated schema],31 Flavors,generated schema,FeldmannJR/redstonegang,36,0,0,0.000000,0.000000,
31 Flavors [generated schema],31 Flavors,generated schema,Fics3/tink_java_backend_course_spring,5,0,0,0.000000,0.000000,
31 Flavors [generated schema],31 Flavors,generated schema,FilippoBolis/MED_Progetto_Ing_Software_23_24,9,0,0,0.000000,0.000000,
31 Flavors [generated schema],31 Flavors,generated schema,FrankChen021/bithon,19,0,0,0.000000,0.000000,
31 Flavors [generated schema],31 Flavors,generated schema,FrankChen021/bithon-demo,1,0,0,0.000000,0.000000,
31 Flavors [generated schema],31 Flavors,generated schema,GAIM-Tech-OM/killbill-ompay-plugin,2,0,0,0.000000,0.000000,
31 Flavors [generated schema],31 Flavors,generated schema,Gabriele-Mazzoleni/SmarTrip,3,0,0,0.000000,0.000000,
31 Flavors [generated schema],31 Flavors,generated schema,Garrettc96/cacophony,11,0,0,0.000000,0.000000,
31 Flavors [generated schema],31 Flavors,generated schema,Geomatys/examind-community,50,0,0,0.000000,0.000000,
31 Flavors [generated schema],31 Flavors,generated schema,GeorgyDemidenkov/DemidenkovGD_Y-234_2kurs2sem,3,0,0,0.000000,0.000000,
31 Flavors [generated schema],31 Flavors,generated schema,Grigalgol/vk_education_hm6,4,0,0,0.000000,0.000000,
31 Flavors [generated schema],31 Flavors,generated schema,GyrosOfWar/imagehive,4,0,0,0.000000,0.000000,
31 Flavors [generated schema],31 Flavors,generated schema,HSLdevcom/jore4-jore3-importer,80,0,0,0.000000,0.000000,
31 Flavors [generated schema],31 Flavors,generated schema,Hamednallah/Basariat-POS,28,8,8,28.571429,28.571429,1.000000
31 Flavors [generated schema],31 Flavors,generated schema,Hamednallah/Market-POS,0,0,0,,,
31 Flavors [generated schema],31 Flavors,generated schema,Hellblazer/quantum-db,10,0,0,0.000000,0.000000,
31 Flavors [generated schema],31 Flavors,generated schema,Hixon10/spring-boot-security,1,0,0,0.000000,0.000000,
31 Flavors [generated schema],31 Flavors,generated schema,HoZanDung/ho-workflow,44,0,0,0.000000,0.000000,
31 Flavors [generated schema],31 Flavors,generated schema,Hogeyama/try-java,4,0,0,0.000000,0.000000,
31 Flavors [generated schema],31 Flavors,generated schema,IAGrig/link-updates-notifier,3,0,0,0.000000,0.000000,
31 Flavors [generated schema],31 Flavors,generated schema,IlyaAbramovv/UpdatesAnnouncer,3,0,0,0.000000,0.000000,
31 Flavors [generated schema],31 Flavors,generated schema,IvanShabunin379/java-course-2024,3,0,0,0.000000,0.000000,
31 Flavors [generated schema],31 Flavors,generated schema,JGMelon22/ListDemoJava,1,0,0,0.000000,0.000000,
31 Flavors [generated schema],31 Flavors,generated schema,JacobLewandowskiDev/GwentMMO-Backend,1,0,0,0.000000,0.000000,
31 Flavors [generated schema],31 Flavors,generated schema,JakeMathews/recommendation-engine,2,0,0,0.000000,0.000000,
31 Flavors [generated schema],31 Flavors,generated schema,JixinZhang19/Online-Shopping-System-for-Black-Friday,8,0,0,0.000000,0.000000,
31 Flavors [generated schema],31 Flavors,generated schema,JohannesRabauer/hibernate-vs-jooq,5,0,0,0.000000,0.000000,
31 Flavors [generated schema],31 Flavors,generated schema,Jominjong/mjjo-test-project,5,0,0,0.000000,0.000000,
31 Flavors [generated schema],31 Flavors,generated schema,KEN3pei/oauth-hands-on,6,0,0,0.000000,0.000000,
31 Flavors [generated schema],31 Flavors,generated schema,KGjertsson/macro-hub,44,0,0,0.000000,0.000000,
31 Flavors [generated schema],31 Flavors,generated schema,Karthik1226/onedata_patient,7,0,0,0.000000,0.000000,
31 Flavors [generated schema],31 Flavors,generated schema,Kazuuma-19/nippogen,5,0,0,0.000000,0.000000,
31 Flavors [generated schema],31 Flavors,generated schema,Kirill06344/TinkoffWebApplication,3,0,0,0.000000,0.000000,
31 Flavors [generated schema],31 Flavors,generated schema,KirillSakira/link-tracker,3,0,0,0.000000,0.000000,
31 Flavors [generated schema],31 Flavors,generated schema,KittyBot-Org/KittyBot,19,0,0,0.000000,0.000000,
31 Flavors [generated schema],31 Flavors,generated schema,Knicksaas/gourmet-gate,13,0,0,0.000000,0.000000,
31 Flavors [generated schema],31 Flavors,generated schema,KyleGuanDP/Assignment4,2,0,0,0.000000,0.000000,
31 Flavors [generated schema],31 Flavors,generated schema,LARCH1K/LinkTracker-Bot,3,0,0,0.000000,0.000000,
31 Flavors [generated schema],31 Flavors,generated schema,LalisaST/java_course_2,4,0,0,0.000000,0.000000,
31 Flavors [generated schema],31 Flavors,generated schema,LeHa2505/OnThiService,14,0,0,0.000000,0.000000,
31 Flavors [generated schema],31 Flavors,generated schema,LiangChenDLJ/VIPManager,3,0,0,0.000000,0.000000,
31 Flavors [generated schema],31 Flavors,generated schema,LianjiaTech/bella-assistants,11,0,0,0.000000,0.000000,
31 Flavors [generated schema],31 Flavors,generated schema,LianjiaTech/bella-knowledge,15,0,0,0.000000,0.000000,
31 Flavors [generated schema],31 Flavors,generated schema,LianjiaTech/bella-openapi,17,0,0,0.000000,0.000000,
31 Flavors [generated schema],31 Flavors,generated schema,LianjiaTech/bella-workflow,19,0,0,0.000000,0.000000,
31 Flavors [generated schema],31 Flavors,generated schema,Link-Profit-System/java_mvvm,7,0,0,0.000000,0.000000,
31 Flavors [generated schema],31 Flavors,generated schema,LintaoAmons/java-jooq-runable-code,4,1,1,25.000000,25.000000,1.000000
31 Flavors [generated schema],31 Flavors,generated schema,LogDS/SimulatorOrchestrator,46,0,0,0.000000,0.000000,
31 Flavors [generated schema],31 Flavors,generated schema,LucidMinded/java-course-2023-backend,3,0,0,0.000000,0.000000,
31 Flavors [generated schema],31 Flavors,generated schema,M1nsong-Kim/practice-jooq,7,5,4,57.142857,71.428571,1.250000
31 Flavors [generated schema],31 Flavors,generated schema,MAK-Cpp/backend-java-s2,3,0,0,0.000000,0.000000,
31 Flavors [generated schema],31 Flavors,generated schema,MIZINCHIK/java-course-2023-backend,3,1,1,33.333333,33.333333,1.000000
31 Flavors [generated schema],31 Flavors,generated schema,Macbeth-Klm/Tinkoff-java-course-2024,3,0,0,0.000000,0.000000,
31 Flavors [generated schema],31 Flavors,generated schema,Maczi01/sockets,2,1,1,50.000000,50.000000,1.000000
31 Flavors [generated schema],31 Flavors,generated schema,MahjongRepository/YagiMotel,1,0,0,0.000000,0.000000,
31 Flavors [generated schema],31 Flavors,generated schema,Malest-GmbH-Co-KG/Prog_3_Projektarbeit,4,0,0,0.000000,0.000000,
31 Flavors [generated schema],31 Flavors,generated schema,MarinaBiryukova/tinkoff-java,3,0,0,0.000000,0.000000,
31 Flavors [generated schema],31 Flavors,generated schema,MaroderKo/parts_shop,3,0,0,0.000000,0.000000,
31 Flavors [generated schema],31 Flavors,generated schema,Mateuzz/music-website-spring,9,0,0,0.000000,0.000000,
31 Flavors [generated schema],31 Flavors,generated schema,MaxZhukoff/tinkoff-bot,3,0,0,0.000000,0.000000,
31 Flavors [generated schema],31 Flavors,generated schema,Missssha/Tinkofff-Back,4,0,0,0.000000,0.000000,
31 Flavors [generated schema],31 Flavors,generated schema,Molzonas/EkEep,7,0,0,0.000000,0.000000,
31 Flavors [generated schema],31 Flavors,generated schema,MyP99999/NewsAggregatorBackend,4,0,0,0.000000,0.000000,
31 Flavors [generated schema],31 Flavors,generated schema,Mykindos/BetterPvP,78,0,0,0.000000,0.000000,
31 Flavors [generated schema],31 Flavors,generated schema,NaspoDev/url-shortener,1,0,0,0.000000,0.000000,
31 Flavors [generated schema],31 Flavors,generated schema,NastyaLush/java-course-2024-backend,3,0,0,0.000000,0.000000,
31 Flavors [generated schema],31 Flavors,generated schema,Ne1loff/OnboardingPlatform,6,0,0,0.000000,0.000000,
31 Flavors [generated schema],31 Flavors,generated schema,Neonik-dev/Update-Tracker-Bot,3,0,0,0.000000,0.000000,
31 Flavors [generated schema],31 Flavors,generated schema,NevinTure/java-course-2024,5,1,1,20.000000,20.000000,1.000000
31 Flavors [generated schema],31 Flavors,generated schema,Nick-552/link-tracker,3,0,0,0.000000,0.000000,
31 Flavors [generated schema],31 Flavors,generated schema,NurtilekMamashakirov/Bot-Link-Tracker,3,0,0,0.000000,0.000000,
31 Flavors [generated schema],31 Flavors,generated schema,Nyrheim/PenAndPaper,7,1,1,14.285714,14.285714,1.000000
31 Flavors [generated schema],31 Flavors,generated schema,OAGi/Score,216,4,3,1.388889,1.851852,1.333333
31 Flavors [generated schema],31 Flavors,generated schema,Online-Tutoring-Application-Team-11/backend-rest-API-service,5,2,2,40.000000,40.000000,1.000000
31 Flavors [generated schema],31 Flavors,generated schema,Origin-Masters/Cantine-Planner,3,0,0,0.000000,0.000000,
31 Flavors [generated schema],31 Flavors,generated schema,Ovoshchko/BackendTinkoffJavaSpring,9,0,0,0.000000,0.000000,
31 Flavors [generated schema],31 Flavors,generated schema,PKNU-CERT-IS/BE,24,0,0,0.000000,0.000000,
31 Flavors [generated schema],31 Flavors,generated schema,Pa11ady/java-link-tracker,3,0,0,0.000000,0.000000,
31 Flavors [generated schema],31 Flavors,generated schema,Pacan4ik/tinkoff-course-spring2023,3,0,0,0.000000,0.000000,
31 Flavors [generated schema],31 Flavors,generated schema,ParadiseSS13/TaskDaemon,261,42,27,10.344828,16.091954,1.555556
31 Flavors [generated schema],31 Flavors,generated schema,PathmindAI/pathmind-webapp,17,0,0,0.000000,0.000000,
31 Flavors [generated schema],31 Flavors,generated schema,PonomarevAlexxander/telegram-notifier,3,0,0,0.000000,0.000000,
31 Flavors [generated schema],31 Flavors,generated schema,Programming-Org/Programming,5,0,0,0.000000,0.000000,
31 Flavors [generated schema],31 Flavors,generated schema,Prohkit/java-backend-course-2-link-tracker,5,0,0,0.000000,0.000000,
31 Flavors [generated schema],31 Flavors,generated schema,ProstaOlga/prostaBot,5,0,0,0.000000,0.000000,
31 Flavors [generated schema],31 Flavors,generated schema,Puru80/food-ordering-system,6,0,0,0.000000,0.000000,
31 Flavors [generated schema],31 Flavors,generated schema,QuantuM1o1/Tinkoff2024Homeworks,6,0,0,0.000000,0.000000,
31 Flavors [generated schema],31 Flavors,generated schema,Raha089/oops,3,0,0,0.000000,0.000000,
31 Flavors [generated schema],31 Flavors,generated schema,Reazzzz/oosp-zadanya,3,0,0,0.000000,0.000000,
31 Flavors [generated schema],31 Flavors,generated schema,Rohan-flutterint/texera,10,0,0,0.000000,0.000000,
31 Flavors [generated schema],31 Flavors,generated schema,RomanZozuliauniversity/Javacourework,4,0,0,0.000000,0.000000,
31 Flavors [generated schema],31 Flavors,generated schema,RuslanAndrianov/Backend-Java-Tinkoff-Spring-2024,3,0,0,0.000000,0.000000,
31 Flavors [generated schema],31 Flavors,generated schema,RuslanHkmoff/java-backend-course,3,0,0,0.000000,0.000000,
31 Flavors [generated schema],31 Flavors,generated schema,SOmegaS/financial-tracker,1,0,0,0.000000,0.000000,
31 Flavors [generated schema],31 Flavors,generated schema,Saiyan1/tl-challenge,1,0,0,0.000000,0.000000,
31 Flavors [generated schema],31 Flavors,generated schema,SavageSyrop/VK-courses,14,0,0,0.000000,0.000000,
31 Flavors [generated schema],31 Flavors,generated schema,ShaDi777/java-course-2024-backend,4,0,0,0.000000,0.000000,
31 Flavors [generated schema],31 Flavors,generated schema,ShakurDmitrii/inline,2,0,0,0.000000,0.000000,
31 Flavors [generated schema],31 Flavors,generated schema,SightStudio/blog-code,16,0,0,0.000000,0.000000,
31 Flavors [generated schema],31 Flavors,generated schema,SleepwalkerPasha/egorov_pa_project,2,0,0,0.000000,0.000000,
31 Flavors [generated schema],31 Flavors,generated schema,SlideHehe/java-backend-course-2,4,0,0,0.000000,0.000000,
31 Flavors [generated schema],31 Flavors,generated schema,SmallWorlds-Forever/sw-streaming,72,1,1,1.388889,1.388889,1.000000
31 Flavors [generated schema],31 Flavors,generated schema,SoylentBob/jooq-mock,4,0,0,0.000000,0.000000,
31 Flavors [generated schema],31 Flavors,generated schema,Space27/JavaBackendSpring,3,0,0,0.000000,0.000000,
31 Flavors [generated schema],31 Flavors,generated schema,Stasik371/LinkTrackingBot,2,0,0,0.000000,0.000000,
31 Flavors [generated schema],31 Flavors,generated schema,StubbornJava/StubbornJava,7,0,0,0.000000,0.000000,
31 Flavors [generated schema],31 Flavors,generated schema,Stumpwiz/mrradb,5,0,0,0.000000,0.000000,
31 Flavors [generated schema],31 Flavors,generated schema,Subtelny/DGCraft,6,0,0,0.000000,0.000000,
31 Flavors [generated schema],31 Flavors,generated schema,TaitoUnited/full-stack-template,1,0,0,0.000000,0.000000,
31 Flavors [generated schema],31 Flavors,generated schema,TerraByteDev/SkyFactionsReborn,13,0,0,0.000000,0.000000,
31 Flavors [generated schema],31 Flavors,generated schema,TheLQ/forum-scraper,8,0,0,0.000000,0.000000,
31 Flavors [generated schema],31 Flavors,generated schema,Thee5176/SpringBoot_CQRS_Command,5,3,2,40.000000,60.000000,1.500000
31 Flavors [generated schema],31 Flavors,generated schema,Thee5176/SpringBoot_CQRS_Query,5,3,2,40.000000,60.000000,1.500000
31 Flavors [generated schema],31 Flavors,generated schema,Thulasidharreddy/task-service,2,1,1,50.000000,50.000000,1.000000
31 Flavors [generated schema],31 Flavors,generated schema,Tiltuem/tinkoff-java-course-2024,6,0,0,0.000000,0.000000,
31 Flavors [generated schema],31 Flavors,generated schema,TivM/Tinkoff-Project,3,0,0,0.000000,0.000000,
31 Flavors [generated schema],31 Flavors,generated schema,Tosin-dotcom/notez-backend,4,0,0,0.000000,0.000000,
31 Flavors [generated schema],31 Flavors,generated schema,TovarischZhukov/jooq_example,2,0,0,0.000000,0.000000,
31 Flavors [generated schema],31 Flavors,generated schema,TranNgocKhoa/play-framework-java-jooq-example,6,0,0,0.000000,0.000000,
31 Flavors [generated schema],31 Flavors,generated schema,TunixR/HarmonyAPI,25,0,0,0.000000,0.000000,
31 Flavors [generated schema],31 Flavors,generated schema,UKEIAM/de.uke.iam.parkinson_on_fhir,10,0,0,0.000000,0.000000,
31 Flavors [generated schema],31 Flavors,generated schema,UniCodeProjects/AmusementParkDB,21,5,4,19.047619,23.809524,1.250000
31 Flavors [generated schema],31 Flavors,generated schema,Unite-Organisation/Unite,22,0,0,0.000000,0.000000,
31 Flavors [generated schema],31 Flavors,generated schema,VadymOselskyi/airlines-booking,4,0,0,0.000000,0.000000,
31 Flavors [generated schema],31 Flavors,generated schema,VictorGalkevich/LinkScrapper,5,0,0,0.000000,0.000000,
31 Flavors [generated schema],31 Flavors,generated schema,ViktoriaGub/Object-oriented-programming-systems,3,0,0,0.000000,0.000000,
31 Flavors [generated schema],31 Flavors,generated schema,VladimirMorozov/orm-playground,3,0,0,0.000000,0.000000,
31 Flavors [generated schema],31 Flavors,generated schema,VoroninEgor/TgBot-LinkTracker,3,0,0,0.000000,0.000000,
31 Flavors [generated schema],31 Flavors,generated schema,Wani4ka/tcs-edu-task,3,0,0,0.000000,0.000000,
31 Flavors [generated schema],31 Flavors,generated schema,WolfOfBad/TinkoffJavaCourse2024,3,0,0,0.000000,0.000000,
31 Flavors [generated schema],31 Flavors,generated schema,YaroslavChetskiy/tinkoff_course_backend_part,4,0,0,0.000000,0.000000,
31 Flavors [generated schema],31 Flavors,generated schema,Yer12/tastamat,4,0,0,0.000000,0.000000,
31 Flavors [generated schema],31 Flavors,generated schema,YuliaKrav/WebContentUpdateService,2,0,0,0.000000,0.000000,
31 Flavors [generated schema],31 Flavors,generated schema,Yuno-obsessed/jodrive,13,6,5,38.461538,46.153846,1.200000
31 Flavors [generated schema],31 Flavors,generated schema,ZanottiMatteo/BGTransports,10,0,0,0.000000,0.000000,
31 Flavors [generated schema],31 Flavors,generated schema,ZebdaYacine/demofx,14,0,0,0.000000,0.000000,
31 Flavors [generated schema],31 Flavors,generated schema,ZsgsDesign/openvsx,18,0,0,0.000000,0.000000,
31 Flavors [generated schema],31 Flavors,generated schema,ZwierzchowskiM/Client-Server,2,0,0,0.000000,0.000000,
31 Flavors [generated schema],31 Flavors,generated schema,aabarmin/telegram-bots,7,0,0,0.000000,0.000000,
31 Flavors [generated schema],31 Flavors,generated schema,aahlenst/jOOQ-mcve-json-quoting,7,0,0,0.000000,0.000000,
31 Flavors [generated schema],31 Flavors,generated schema,aceton41k/java-test-framework,5,0,0,0.000000,0.000000,
31 Flavors [generated schema],31 Flavors,generated schema,activej/activej,2,0,0,0.000000,0.000000,
31 Flavors [generated schema],31 Flavors,generated schema,aerius/emission-service,90,31,29,32.222222,34.444444,1.068966
31 Flavors [generated schema],31 Flavors,generated schema,agibalov/java-library-experiments,2,0,0,0.000000,0.000000,
31 Flavors [generated schema],31 Flavors,generated schema,akozitsin-hh/hh-jooq-intro,5,0,0,0.000000,0.000000,
31 Flavors [generated schema],31 Flavors,generated schema,aleckbb/tracking-bot,3,0,0,0.000000,0.000000,
31 Flavors [generated schema],31 Flavors,generated schema,aleksseii/TradingOperations,4,0,0,0.000000,0.000000,
31 Flavors [generated schema],31 Flavors,generated schema,alexxiuccia/TrackMe,7,1,1,14.285714,14.285714,1.000000
31 Flavors [generated schema],31 Flavors,generated schema,alipay/container-auto-tune,45,0,0,0.000000,0.000000,
31 Flavors [generated schema],31 Flavors,generated schema,alpa011235/sandbox,5,0,0,0.000000,0.000000,
31 Flavors [generated schema],31 Flavors,generated schema,altusea/wpg,2,0,0,0.000000,0.000000,
31 Flavors [generated schema],31 Flavors,generated schema,alvin-qh/study-java,5,0,0,0.000000,0.000000,
31 Flavors [generated schema],31 Flavors,generated schema,amalrajvinoth/jooq-optimistic-locking,1,0,0,0.000000,0.000000,
31 Flavors [generated schema],31 Flavors,generated schema,anpol84/java-course-2024,3,0,0,0.000000,0.000000,
31 Flavors [generated schema],31 Flavors,generated schema,anyamilichenko/soa,6,0,0,0.000000,0.000000,
31 Flavors [generated schema],31 Flavors,generated schema,aplygen/j13n-saas,6,4,3,50.000000,66.666667,1.333333
31 Flavors [generated schema],31 Flavors,generated schema,arhostcode/linktracker,3,0,0,0.000000,0.000000,
31 Flavors [generated schema],31 Flavors,generated schema,arijit98/RestaurentManagementService,4,0,0,0.000000,0.000000,
31 Flavors [generated schema],31 Flavors,generated schema,arnaudroger/SimpleFlatMapper,3,0,0,0.000000,0.000000,
31 Flavors [generated schema],31 Flavors,generated schema,artemius39/java-backend-2024,3,0,0,0.000000,0.000000,
31 Flavors [generated schema],31 Flavors,generated schema,articles-simbirsoft/JOOQ-use-in-testing,5,0,0,0.000000,0.000000,
31 Flavors [generated schema],31 Flavors,generated schema,artseroff/link-tracker,3,0,0,0.000000,0.000000,
31 Flavors [generated schema],31 Flavors,generated schema,atolcd/sdis-remocra,394,4,2,0.507614,1.015228,2.000000
31 Flavors [generated schema],31 Flavors,generated schema,atomfrede/javaland-2022-karate-workshop,1,0,0,0.000000,0.000000,
31 Flavors [generated schema],31 Flavors,generated schema,auliardana/Java-orm-jooq,1,0,0,0.000000,0.000000,
31 Flavors [generated schema],31 Flavors,generated schema,averbraeck/gamedata-common,38,0,0,0.000000,0.000000,
31 Flavors [generated schema],31 Flavors,generated schema,averbraeck/housinggame-common,31,0,0,0.000000,0.000000,
31 Flavors [generated schema],31 Flavors,generated schema,averbraeck/trustgame,20,2,1,5.000000,10.000000,2.000000
31 Flavors [generated schema],31 Flavors,generated schema,averbraeck/trustgame-register,20,2,1,5.000000,10.000000,2.000000
31 Flavors [generated schema],31 Flavors,generated schema,averbraeck/trustgame-scores,20,2,1,5.000000,10.000000,2.000000
31 Flavors [generated schema],31 Flavors,generated schema,aws-observability/aws-otel-playground,1,0,0,0.000000,0.000000,
31 Flavors [generated schema],31 Flavors,generated schema,aytdm/study,3,2,2,66.666667,66.666667,1.000000
31 Flavors [generated schema],31 Flavors,generated schema,badgerwithagun/async-all-the-way-down,2,0,0,0.000000,0.000000,
31 Flavors [generated schema],31 Flavors,generated schema,balazskrizsan/stackjudge_aws_java,1,0,0,0.000000,0.000000,
31 Flavors [generated schema],31 Flavors,generated schema,beargiles/youtube-dojo,1,0,0,0.000000,0.000000,
31 Flavors [generated schema],31 Flavors,generated schema,bennofs/wdumper,4,2,2,50.000000,50.000000,1.000000
31 Flavors [generated schema],31 Flavors,generated schema,bharat-chaudhari-0302/spring-jooq-gradle-plugin,1,0,0,0.000000,0.000000,
31 Flavors [generated schema],31 Flavors,generated schema,bifidok/TinkoffBackend,5,1,1,20.000000,20.000000,1.000000
31 Flavors [generated schema],31 Flavors,generated schema,bigseized/TinkoffCourseJava2024,3,0,0,0.000000,0.000000,
31 Flavors [generated schema],31 Flavors,generated schema,blueoceandevops/fleet-spring-boot,1,0,0,0.000000,0.000000,
31 Flavors [generated schema],31 Flavors,generated schema,boogiespook/waltz-test,88,0,0,0.000000,0.000000,
31 Flavors [generated schema],31 Flavors,generated schema,boomzin/dbservice,10,4,4,40.000000,40.000000,1.000000
31 Flavors [generated schema],31 Flavors,generated schema,bootique-examples/bootique-jooq-examples,1,0,0,0.000000,0.000000,
31 Flavors [generated schema],31 Flavors,generated schema,borjom1/cloud-nest,10,0,0,0.000000,0.000000,
31 Flavors [generated schema],31 Flavors,generated schema,brianbcampbell/z_beast-product-catalog,3,0,0,0.000000,0.000000,
31 Flavors [generated schema],31 Flavors,generated schema,brody-0125/The-Joy-Of-Java,2,0,0,0.000000,0.000000,
31 Flavors [generated schema],31 Flavors,generated schema,bsi-software/ScoutJooq,26,0,0,0.000000,0.000000,
31 Flavors [generated schema],31 Flavors,generated schema,btpka3/btpka3.github.com,240,1,1,0.416667,0.416667,1.000000
31 Flavors [generated schema],31 Flavors,generated schema,buster/acmemusic,4,0,0,0.000000,0.000000,
31 Flavors [generated schema],31 Flavors,generated schema,c00ler/transfer-service,3,1,1,33.333333,33.333333,1.000000
31 Flavors [generated schema],31 Flavors,generated schema,cardano-foundation/cardano-rosetta-java,22,0,0,0.000000,0.000000,
31 Flavors [generated schema],31 Flavors,generated schema,catsloveme/telegram-bot,3,0,0,0.000000,0.000000,
31 Flavors [generated schema],31 Flavors,generated schema,chriswininger/ai-document-query-system,3,0,0,0.000000,0.000000,
31 Flavors [generated schema],31 Flavors,generated schema,clearflask/clearflask,11,0,0,0.000000,0.000000,
31 Flavors [generated schema],31 Flavors,generated schema,cn-src/snippets-java,1,0,0,0.000000,0.000000,
31 Flavors [generated schema],31 Flavors,generated schema,coduction/famulex,54,0,0,0.000000,0.000000,
31 Flavors [generated schema],31 Flavors,generated schema,constZhur/tinkoff-backend-course-2024,3,0,0,0.000000,0.000000,
31 Flavors [generated schema],31 Flavors,generated schema,cooder-org/jooq-mate,2,0,0,0.000000,0.000000,
31 Flavors [generated schema],31 Flavors,generated schema,corradomio/java_projects,1,0,0,0.000000,0.000000,
31 Flavors [generated schema],31 Flavors,generated schema,crate/cratedb-examples,2,0,0,0.000000,0.000000,
31 Flavors [generated schema],31 Flavors,generated schema,crick77/usrbilancio,20,0,0,0.000000,0.000000,
31 Flavors [generated schema],31 Flavors,generated schema,crunchykillah/rest_api_springmvc,5,0,0,0.000000,0.000000,
31 Flavors [generated schema],31 Flavors,generated schema,cyberpunkoff/tracktor,3,0,0,0.000000,0.000000,
31 Flavors [generated schema],31 Flavors,generated schema,cycastic-cumberland/libmanage-backend,11,0,0,0.000000,0.000000,
31 Flavors [generated schema],31 Flavors,generated schema,danmofo/fitness-tracker-app,7,0,0,0.000000,0.000000,
31 Flavors [generated schema],31 Flavors,generated schema,dbist/cockroach-docker,2,0,0,0.000000,0.000000,
31 Flavors [generated schema],31 Flavors,generated schema,deepakborania/revolut-backend-task,3,0,0,0.000000,0.000000,
31 Flavors [generated schema],31 Flavors,generated schema,dehasi/ppp-of-ddd,2,0,0,0.000000,0.000000,
31 Flavors [generated schema],31 Flavors,generated schema,derabbink/sws2,1,0,0,0.000000,0.000000,
31 Flavors [generated schema],31 Flavors,generated schema,devstronomy/nasa-data-scraper,2,0,0,0.000000,0.000000,
31 Flavors [generated schema],31 Flavors,generated schema,dianainya/platform-backend,15,0,0,0.000000,0.000000,
31 Flavors [generated schema],31 Flavors,generated schema,diocorrea/imagewrapper,1,0,0,0.000000,0.000000,
31 Flavors [generated schema],31 Flavors,generated schema,djma/play-stack,2,0,0,0.000000,0.000000,
31 Flavors [generated schema],31 Flavors,generated schema,dndanoff/spring-boot-unit-integration-test-example,1,0,0,0.000000,0.000000,
31 Flavors [generated schema],31 Flavors,generated schema,dominikjaniga91/system-design-interview-projects,1,0,0,0.000000,0.000000,
31 Flavors [generated schema],31 Flavors,generated schema,dreamPis/oauth,6,0,0,0.000000,0.000000,
31 Flavors [generated schema],31 Flavors,generated schema,dzorbey/order-scheduling,5,0,0,0.000000,0.000000,
31 Flavors [generated schema],31 Flavors,generated schema,easkarov/repo-caretaker,3,0,0,0.000000,0.000000,
31 Flavors [generated schema],31 Flavors,generated schema,ebi-gene-expression-group/annotare2,6,0,0,0.000000,0.000000,
31 Flavors [generated schema],31 Flavors,generated schema,eclipse-scout/scout.rt,1,0,0,0.000000,0.000000,
31 Flavors [generated schema],31 Flavors,generated schema,eclipse/openvsx,28,0,0,0.000000,0.000000,
31 Flavors [generated schema],31 Flavors,generated schema,ehrbase/migration-tool,75,9,7,9.333333,12.000000,1.285714
31 Flavors [generated schema],31 Flavors,generated schema,ekgreen/star-boot,2,0,0,0.000000,0.000000,
31 Flavors [generated schema],31 Flavors,generated schema,ekruptsov/jooq-retrofit-crud-poc,1,0,0,0.000000,0.000000,
31 Flavors [generated schema],31 Flavors,generated schema,elwin013/todoapp-multitenancy,4,0,0,0.000000,0.000000,
31 Flavors [generated schema],31 Flavors,generated schema,emapfff/Link-Tracker,5,0,0,0.000000,0.000000,
31 Flavors [generated schema],31 Flavors,generated schema,ericdriggs/reportcard,15,0,0,0.000000,0.000000,
31 Flavors [generated schema],31 Flavors,generated schema,eterny13/url-shortener,1,0,0,0.000000,0.000000,
31 Flavors [generated schema],31 Flavors,generated schema,evagalyuta/services-city-discover,7,0,0,0.000000,0.000000,
31 Flavors [generated schema],31 Flavors,generated schema,eziomou/library-backend,11,0,0,0.000000,0.000000,
31 Flavors [generated schema],31 Flavors,generated schema,f-uni/Quizzy,5,0,0,0.000000,0.000000,
31 Flavors [generated schema],31 Flavors,generated schema,fantj2016/springboot-integration,1,0,0,0.000000,0.000000,
31 Flavors [generated schema],31 Flavors,generated schema,fasten-project/fasten,19,3,2,10.526316,15.789474,1.500000
31 Flavors [generated schema],31 Flavors,generated schema,fatihcatalkaya/poker-tracker,3,0,0,0.000000,0.000000,
31 Flavors [generated schema],31 Flavors,generated schema,fedemaleh/chess-challenge-java-1,2,2,2,100.000000,100.000000,1.000000
31 Flavors [generated schema],31 Flavors,generated schema,filipegar/killbill-getnet,2,0,0,0.000000,0.000000,
31 Flavors [generated schema],31 Flavors,generated schema,fishedee/Demo,2,0,0,0.000000,0.000000,
31 Flavors [generated schema],31 Flavors,generated schema,fuma-nama/U3-Server,12,0,0,0.000000,0.000000,
31 Flavors [generated schema],31 Flavors,generated schema,gchq/stroom,65,0,0,0.000000,0.000000,
31 Flavors [generated schema],31 Flavors,generated schema,gchq/stroom-auth,4,0,0,0.000000,0.000000,
31 Flavors [generated schema],31 Flavors,generated schema,ge1up/healthy-calories_by_spring,5,0,0,0.000000,0.000000,
31 Flavors [generated schema],31 Flavors,generated schema,gekoramy/uni.web,26,0,0,0.000000,0.000000,
31 Flavors [generated schema],31 Flavors,generated schema,genenakagaki/ddd-sample,1,0,0,0.000000,0.000000,
31 Flavors [generated schema],31 Flavors,generated schema,germinateplatform/gatekeeper-server,14,0,0,0.000000,0.000000,
31 Flavors [generated schema],31 Flavors,generated schema,gilbertlim/jooq,23,1,1,4.347826,4.347826,1.000000
31 Flavors [generated schema],31 Flavors,generated schema,giovene44/Cinemanager_Software_Engineering_project,9,0,0,0.000000,0.000000,
31 Flavors [generated schema],31 Flavors,generated schema,glassbell/bp-keeper,1,0,0,0.000000,0.000000,
31 Flavors [generated schema],31 Flavors,generated schema,glockyco/Teralizer,12,0,0,0.000000,0.000000,
31 Flavors [generated schema],31 Flavors,generated schema,gmoon92/toy,5,1,1,20.000000,20.000000,1.000000
31 Flavors [generated schema],31 Flavors,generated schema,gonzo1138/jOOQinSpring-basics,1,0,0,0.000000,0.000000,
31 Flavors [generated schema],31 Flavors,generated schema,gourmetgate/gourmetgate,1,0,0,0.000000,0.000000,
31 Flavors [generated schema],31 Flavors,generated schema,graphql-java/graphql-java-db-example,13,0,0,0.000000,0.000000,
31 Flavors [generated schema],31 Flavors,generated schema,h8/gradle-jooq-example,2,0,0,0.000000,0.000000,
31 Flavors [generated schema],31 Flavors,generated schema,hashgraph/hedera-hcs-erc721-sample,25,0,0,0.000000,0.000000,
31 Flavors [generated schema],31 Flavors,generated schema,haumacher/wizard-game,3,0,0,0.000000,0.000000,
31 Flavors [generated schema],31 Flavors,generated schema,hevan/agri-cloud,42,0,0,0.000000,0.000000,
31 Flavors [generated schema],31 Flavors,generated schema,hiddenswitch/Spellsource,225,2,2,0.888889,0.888889,1.000000
31 Flavors [generated schema],31 Flavors,generated schema,hieplp/recipe-platform,7,0,0,0.000000,0.000000,
31 Flavors [generated schema],31 Flavors,generated schema,hieplp/vinorsoft-hometest,3,0,0,0.000000,0.000000,
31 Flavors [generated schema],31 Flavors,generated schema,highloadmipt/expensewriter,1,0,0,0.000000,0.000000,
31 Flavors [generated schema],31 Flavors,generated schema,hpple/revolut-backend-test,2,0,0,0.000000,0.000000,
31 Flavors [generated schema],31 Flavors,generated schema,huruiyi/books-source,4,0,0,0.000000,0.000000,
31 Flavors [generated schema],31 Flavors,generated schema,hyt-sasaki/SpringBootMicroServiceTutorial,1,0,0,0.000000,0.000000,
31 Flavors [generated schema],31 Flavors,generated schema,icefery/demo.icefery.xyz,5,0,0,0.000000,0.000000,
31 Flavors [generated schema],31 Flavors,generated schema,itboy87/quarkus-ext-jooq,1,0,0,0.000000,0.000000,
31 Flavors [generated schema],31 Flavors,generated schema,iyunbo/stackoverflow,5,0,0,0.000000,0.000000,
31 Flavors [generated schema],31 Flavors,generated schema,jOOQ/demo,62,2,2,3.225806,3.225806,1.000000
31 Flavors [generated schema],31 Flavors,generated schema,jOOQ/jOOQ-mcve,7,0,0,0.000000,0.000000,
31 Flavors [generated schema],31 Flavors,generated schema,jackbergus/java_logicalconsistency,20,0,0,0.000000,0.000000,
31 Flavors [generated schema],31 Flavors,generated schema,jasondlee/quarkus-dev-service-full-example,2,0,0,0.000000,0.000000,
31 Flavors [generated schema],31 Flavors,generated schema,jasontran320/texera_compose,20,4,4,20.000000,20.000000,1.000000
31 Flavors [generated schema],31 Flavors,generated schema,jefberpe/restful-demo,3,0,0,0.000000,0.000000,
31 Flavors [generated schema],31 Flavors,generated schema,jehugaleahsa/javalin-mvc-starter,2,0,0,0.000000,0.000000,
31 Flavors [generated schema],31 Flavors,generated schema,jiangtj-lab/jooq-and-flyway,2,0,0,0.000000,0.000000,
31 Flavors [generated schema],31 Flavors,generated schema,jiangtj/jc-platform,6,0,0,0.000000,0.000000,
31 Flavors [generated schema],31 Flavors,generated schema,jiangtj/jmicro,3,0,0,0.000000,0.000000,
31 Flavors [generated schema],31 Flavors,generated schema,jkingster/Tickster,3,0,0,0.000000,0.000000,
31 Flavors [generated schema],31 Flavors,generated schema,jklingsporn/vertx-jooq,90,9,9,10.000000,10.000000,1.000000
31 Flavors [generated schema],31 Flavors,generated schema,jmingu/petcrown-backend,19,10,7,36.842105,52.631579,1.428571
31 Flavors [generated schema],31 Flavors,generated schema,joaoseidel/MussCraft,1,0,0,0.000000,0.000000,
31 Flavors [generated schema],31 Flavors,generated schema,joostvdg/cmg-analytics,1,0,0,0.000000,0.000000,
31 Flavors [generated schema],31 Flavors,generated schema,jordanamr/Divarena-old,7,0,0,0.000000,0.000000,
31 Flavors [generated schema],31 Flavors,generated schema,jsflzhong/cjSpringboot-demo,8,0,0,0.000000,0.000000,
31 Flavors [generated schema],31 Flavors,generated schema,juanhaugaard/H2-sakila,16,1,1,6.250000,6.250000,1.000000
31 Flavors [generated schema],31 Flavors,generated schema,jubicoy/easymapper,4,0,0,0.000000,0.000000,
31 Flavors [generated schema],31 Flavors,generated schema,justhecool/SmallWorlds-Forever,127,3,3,2.362205,2.362205,1.000000
31 Flavors [generated schema],31 Flavors,generated schema,justmasyan/vkhomeworks,8,0,0,0.000000,0.000000,
31 Flavors [generated schema],31 Flavors,generated schema,k0patych1/java-course-2023-s2,3,0,0,0.000000,0.000000,
31 Flavors [generated schema],31 Flavors,generated schema,k55k32/learn-jooq,53,0,0,0.000000,0.000000,
31 Flavors [generated schema],31 Flavors,generated schema,kaeru61/chat_app,4,0,0,0.000000,0.000000,
31 Flavors [generated schema],31 Flavors,generated schema,kamarkaka/app-updater,3,0,0,0.000000,0.000000,
31 Flavors [generated schema],31 Flavors,generated schema,kamil-sita/labelle,23,2,2,8.695652,8.695652,1.000000
31 Flavors [generated schema],31 Flavors,generated schema,kanki6315/racing-analysis,14,0,0,0.000000,0.000000,
31 Flavors [generated schema],31 Flavors,generated schema,kappsegla/databaseprojects,12,0,0,0.000000,0.000000,
31 Flavors [generated schema],31 Flavors,generated schema,keeleinstituut/ekilex,207,0,0,0.000000,0.000000,
31 Flavors [generated schema],31 Flavors,generated schema,kehuka11/graphql_sample,5,0,0,0.000000,0.000000,
31 Flavors [generated schema],31 Flavors,generated schema,khanactl/mcorpus,7,9,6,85.714286,128.571429,1.500000
31 Flavors [generated schema],31 Flavors,generated schema,khanhduy-14/pro-todolist-java,3,0,0,0.000000,0.000000,
31 Flavors [generated schema],31 Flavors,generated schema,killbill/killbill-stripe-plugin,3,0,0,0.000000,0.000000,
31 Flavors [generated schema],31 Flavors,generated schema,kkaravitis/pricing-api,2,0,0,0.000000,0.000000,
31 Flavors [generated schema],31 Flavors,generated schema,kmaximk/Link-tracker-bot,3,0,0,0.000000,0.000000,
31 Flavors [generated schema],31 Flavors,generated schema,kozakto/ContactManager,1,0,0,0.000000,0.000000,
31 Flavors [generated schema],31 Flavors,generated schema,krivonosovti/LinktrackerLast,3,0,0,0.000000,0.000000,
31 Flavors [generated schema],31 Flavors,generated schema,krupnoveo/Link-Tracker,3,0,0,0.000000,0.000000,
31 Flavors [generated schema],31 Flavors,generated schema,kryakobess/TinkoffBackendCourse,2,0,0,0.000000,0.000000,
31 Flavors [generated schema],31 Flavors,generated schema,ksamorodov/SpringAuth,1,0,0,0.000000,0.000000,
31 Flavors [generated schema],31 Flavors,generated schema,ksamorodov/corset,4,0,0,0.000000,0.000000,
31 Flavors [generated schema],31 Flavors,generated schema,kushtrimh/tomorr,5,0,0,0.000000,0.000000,
31 Flavors [generated schema],31 Flavors,generated schema,labinochka/semester-work-agona,4,0,0,0.000000,0.000000,
31 Flavors [generated schema],31 Flavors,generated schema,lahraye/farm-collector-task,5,0,0,0.000000,0.000000,
31 Flavors [generated schema],31 Flavors,generated schema,lamarios/mmath,9,0,0,0.000000,0.000000,
31 Flavors [generated schema],31 Flavors,generated schema,lelup24/blog,14,0,0,0.000000,0.000000,
31 Flavors [generated schema],31 Flavors,generated schema,lelup24/spring-boot-websocket,7,0,0,0.000000,0.000000,
31 Flavors [generated schema],31 Flavors,generated schema,leoiii12/csci3170-project,4,0,0,0.000000,0.000000,
31 Flavors [generated schema],31 Flavors,generated schema,leoleelwl/springboot_jooq_flyway,2,0,0,0.000000,0.000000,
31 Flavors [generated schema],31 Flavors,generated schema,lesam19092/Tinkoff_first_project,3,0,0,0.000000,0.000000,
31 Flavors [generated schema],31 Flavors,generated schema,letPeace/VK-homework-6,4,0,0,0.000000,0.000000,
31 Flavors [generated schema],31 Flavors,generated schema,lightningdevkit/vss-server,1,0,0,0.000000,0.000000,
31 Flavors [generated schema],31 Flavors,generated schema,liljarn/tinkoffCourseJava2024,3,0,0,0.000000,0.000000,
31 Flavors [generated schema],31 Flavors,generated schema,lin-mt/spring-boot,1,0,0,0.000000,0.000000,
31 Flavors [generated schema],31 Flavors,generated schema,linux-china/jooq-demo,5,0,0,0.000000,0.000000,
31 Flavors [generated schema],31 Flavors,generated schema,liuyueyi/spring-boot-demo,5,0,0,0.000000,0.000000,
31 Flavors [generated schema],31 Flavors,generated schema,liuzheming/merchant-feecal-mvp,7,0,0,0.000000,0.000000,
31 Flavors [generated schema],31 Flavors,generated schema,ljk0071/side-project-back,46,0,0,0.000000,0.000000,
31 Flavors [generated schema],31 Flavors,generated schema,lsfoster64/gymhelper,3,0,0,0.000000,0.000000,
31 Flavors [generated schema],31 Flavors,generated schema,lsn03/java-2023-backend-second-semester,5,0,0,0.000000,0.000000,
31 Flavors [generated schema],31 Flavors,generated schema,lwbeamer/tinkoff-course,3,0,0,0.000000,0.000000,
31 Flavors [generated schema],31 Flavors,generated schema,lzbkln/java-course-tinkoff-spring-2024,5,0,0,0.000000,0.000000,
31 Flavors [generated schema],31 Flavors,generated schema,lzj09/sw-jooq,1,0,0,0.000000,0.000000,
31 Flavors [generated schema],31 Flavors,generated schema,magicswissweed/MagicSwissWeed2.0,10,2,2,20.000000,20.000000,1.000000
31 Flavors [generated schema],31 Flavors,generated schema,makeitfine-org/mif,1,0,0,0.000000,0.000000,
31 Flavors [generated schema],31 Flavors,generated schema,maksmolchdmitr/tinkoffLinkUpdater,4,0,0,0.000000,0.000000,
31 Flavors [generated schema],31 Flavors,generated schema,marcato10/manaca-framework,6,2,2,33.333333,33.333333,1.000000
31 Flavors [generated schema],31 Flavors,generated schema,marijarin/tin_back_hws,4,0,0,0.000000,0.000000,
31 Flavors [generated schema],31 Flavors,generated schema,marlind89/kensa,2,0,0,0.000000,0.000000,
31 Flavors [generated schema],31 Flavors,generated schema,martynovvladislav/tinkoff-java-backend-course-2024,3,0,0,0.000000,0.000000,
31 Flavors [generated schema],31 Flavors,generated schema,matco/hotspot-api,5,0,0,0.000000,0.000000,
31 Flavors [generated schema],31 Flavors,generated schema,matuolis/financial-analysis-be,6,1,1,16.666667,16.666667,1.000000
31 Flavors [generated schema],31 Flavors,generated schema,matuolis/vehicle-marketplace-be,4,0,0,0.000000,0.000000,
31 Flavors [generated schema],31 Flavors,generated schema,maximister/LinkTrackerBot,3,0,0,0.000000,0.000000,
31 Flavors [generated schema],31 Flavors,generated schema,mbto/eatlog,7,0,0,0.000000,0.000000,
31 Flavors [generated schema],31 Flavors,generated schema,mbto/funnyranks,12,4,2,16.666667,33.333333,2.000000
31 Flavors [generated schema],31 Flavors,generated schema,mehdikeshani/MyFasten,19,4,3,15.789474,21.052632,1.333333
31 Flavors [generated schema],31 Flavors,generated schema,merlimmateus/vidsummize,1,0,0,0.000000,0.000000,
31 Flavors [generated schema],31 Flavors,generated schema,metaloom/loom,44,7,7,15.909091,15.909091,1.000000
31 Flavors [generated schema],31 Flavors,generated schema,migibert/embro,11,2,2,18.181818,18.181818,1.000000
31 Flavors [generated schema],31 Flavors,generated schema,miguelperezcolom/mateu-article-2,5,0,0,0.000000,0.000000,
31 Flavors [generated schema],31 Flavors,generated schema,mikerasch/dal,2,0,0,0.000000,0.000000,
31 Flavors [generated schema],31 Flavors,generated schema,mingtiangg/LTG,25,0,0,0.000000,0.000000,
31 Flavors [generated schema],31 Flavors,generated schema,mini-crm/mini-crm,2,0,0,0.000000,0.000000,
31 Flavors [generated schema],31 Flavors,generated schema,mistresssfilth/HM8,2,0,0,0.000000,0.000000,
31 Flavors [generated schema],31 Flavors,generated schema,mochegov/rock-paper-scissors,3,0,0,0.000000,0.000000,
31 Flavors [generated schema],31 Flavors,generated schema,modlix-india/nocode-saas,93,45,32,34.408602,48.387097,1.406250
31 Flavors [generated schema],31 Flavors,generated schema,mullerhai/mysql-modeldb,35,0,0,0.000000,0.000000,
31 Flavors [generated schema],31 Flavors,generated schema,murl-digital/squier,2,0,0,0.000000,0.000000,
31 Flavors [generated schema],31 Flavors,generated schema,mwilkins91/mythology-v2,6,0,0,0.000000,0.000000,
31 Flavors [generated schema],31 Flavors,generated schema,my1exp/YC_Pay,12,0,0,0.000000,0.000000,
31 Flavors [generated schema],31 Flavors,generated schema,mytakedotorg/mtdo,11,1,1,9.090909,9.090909,1.000000
31 Flavors [generated schema],31 Flavors,generated schema,nameishari/money-transfer-service,2,0,0,0.000000,0.000000,
31 Flavors [generated schema],31 Flavors,generated schema,navikt/veilarblest,2,2,2,100.000000,100.000000,1.000000
31 Flavors [generated schema],31 Flavors,generated schema,neptunejing/SkillUp-Ecom-Plat,8,0,0,0.000000,0.000000,
31 Flavors [generated schema],31 Flavors,generated schema,nianien/jooq-tutorial,3,0,0,0.000000,0.000000,
31 Flavors [generated schema],31 Flavors,generated schema,nianien/katana,4,0,0,0.000000,0.000000,
31 Flavors [generated schema],31 Flavors,generated schema,nikguscode/HackathonMax,9,2,2,22.222222,22.222222,1.000000
31 Flavors [generated schema],31 Flavors,generated schema,nikolay-klekto/FunScrutContactCenterBot,5,0,0,0.000000,0.000000,
31 Flavors [generated schema],31 Flavors,generated schema,niranjankhare/SeleniumPageModeller,8,0,0,0.000000,0.000000,
31 Flavors [generated schema],31 Flavors,generated schema,nocarend/Tinkoff-Edu-Backend-Java,2,0,0,0.000000,0.000000,
31 Flavors [generated schema],31 Flavors,generated schema,noir2k/speechear,20,0,0,0.000000,0.000000,
31 Flavors [generated schema],31 Flavors,generated schema,nortal/GovStack-IM-BB-PubSub-Component,11,0,0,0.000000,0.000000,
31 Flavors [generated schema],31 Flavors,generated schema,northcoder-repo/jooqSakilaDemo,46,0,0,0.000000,0.000000,
31 Flavors [generated schema],31 Flavors,generated schema,nuromirzak/tinkoff_academy,3,0,0,0.000000,0.000000,
31 Flavors [generated schema],31 Flavors,generated schema,nyh1030/rocketmart-pcweb,11,1,1,9.090909,9.090909,1.000000
31 Flavors [generated schema],31 Flavors,generated schema,ojhughes/concourse-http-lock-resource,4,0,0,0.000000,0.000000,
31 Flavors [generated schema],31 Flavors,generated schema,oneops/oneops,41,0,0,0.000000,0.000000,
31 Flavors [generated schema],31 Flavors,generated schema,oracle/graalvm-reachability-metadata,10,0,0,0.000000,0.000000,
31 Flavors [generated schema],31 Flavors,generated schema,otto15/ITMO-WEB-LAB3,1,0,0,0.000000,0.000000,
31 Flavors [generated schema],31 Flavors,generated schema,pawelWielkolinski/SDABetApp,3,0,0,0.000000,0.000000,
31 Flavors [generated schema],31 Flavors,generated schema,pedroafonsodias/springboot,1,0,0,0.000000,0.000000,
31 Flavors [generated schema],31 Flavors,generated schema,pedroermarinho/teach-sync,3,0,0,0.000000,0.000000,
31 Flavors [generated schema],31 Flavors,generated schema,philosopherstonerush/java-notes,4,0,0,0.000000,0.000000,
31 Flavors [generated schema],31 Flavors,generated schema,phpbae/JOOQ,2,0,0,0.000000,0.000000,
31 Flavors [generated schema],31 Flavors,generated schema,picodotdev/blog-ejemplos,7,0,0,0.000000,0.000000,
31 Flavors [generated schema],31 Flavors,generated schema,poemp/metadata-gather,5,0,0,0.000000,0.000000,
31 Flavors [generated schema],31 Flavors,generated schema,polytech-attendance/taskbot,3,0,0,0.000000,0.000000,
31 Flavors [generated schema],31 Flavors,generated schema,ppretki/mysql-spatial-data,1,0,0,0.000000,0.000000,
31 Flavors [generated schema],31 Flavors,generated schema,pratyush05/trade-app,3,0,0,0.000000,0.000000,
31 Flavors [generated schema],31 Flavors,generated schema,pro100bat9/tg_chat,3,0,0,0.000000,0.000000,
31 Flavors [generated schema],31 Flavors,generated schema,propan/tea-buddy,2,0,0,0.000000,0.000000,
31 Flavors [generated schema],31 Flavors,generated schema,puzink/Wallet,1,0,0,0.000000,0.000000,
31 Flavors [generated schema],31 Flavors,generated schema,pvkvetkin/trackcontent,5,1,1,20.000000,20.000000,1.000000
31 Flavors [generated schema],31 Flavors,generated schema,pvorb/npm-stat.com,6,0,0,0.000000,0.000000,
31 Flavors [generated schema],31 Flavors,generated schema,qiao-zhi/springboot-ssm,3,0,0,0.000000,0.000000,
31 Flavors [generated schema],31 Flavors,generated schema,qimok/sharding-jdbc-test,2,0,0,0.000000,0.000000,
31 Flavors [generated schema],31 Flavors,generated schema,quarkiverse/quarkus-jooq,2,0,0,0.000000,0.000000,
31 Flavors [generated schema],31 Flavors,generated schema,quickmsg/smqtt,2,0,0,0.000000,0.000000,
31 Flavors [generated schema],31 Flavors,generated schema,quinscape/automaton,7,0,0,0.000000,0.000000,
31 Flavors [generated schema],31 Flavors,generated schema,quinscape/domainql,23,0,0,0.000000,0.000000,
31 Flavors [generated schema],31 Flavors,generated schema,quinscape/domainqlstarter,4,0,0,0.000000,0.000000,
31 Flavors [generated schema],31 Flavors,generated schema,r0masaN/PurchaseTask,2,0,0,0.000000,0.000000,
31 Flavors [generated schema],31 Flavors,generated schema,raissabeccarelli/UniBite,3,0,0,0.000000,0.000000,
31 Flavors [generated schema],31 Flavors,generated schema,ralscha/attic,8,1,1,12.500000,12.500000,1.000000
31 Flavors [generated schema],31 Flavors,generated schema,ralscha/blog2019,3,0,0,0.000000,0.000000,
31 Flavors [generated schema],31 Flavors,generated schema,ralscha/blog2020,1,0,0,0.000000,0.000000,
31 Flavors [generated schema],31 Flavors,generated schema,ralscha/otodo,3,1,1,33.333333,33.333333,1.000000
31 Flavors [generated schema],31 Flavors,generated schema,ralscha/realworld-spring-boot-jooq,7,0,0,0.000000,0.000000,
31 Flavors [generated schema],31 Flavors,generated schema,ralscha/springsecuritytotp,1,0,0,0.000000,0.000000,
31 Flavors [generated schema],31 Flavors,generated schema,ralscha/webauthn-demo,2,0,0,0.000000,0.000000,
31 Flavors [generated schema],31 Flavors,generated schema,ramoncunha/rinha-backend,1,0,0,0.000000,0.000000,
31 Flavors [generated schema],31 Flavors,generated schema,rayokota/kcache,1,0,0,0.000000,0.000000,
31 Flavors [generated schema],31 Flavors,generated schema,renan-schmitt/spring-boot-jooq,1,0,0,0.000000,0.000000,
31 Flavors [generated schema],31 Flavors,generated schema,rench/scio,1,0,0,0.000000,0.000000,
31 Flavors [generated schema],31 Flavors,generated schema,reportportal/commons-dao,60,13,10,16.666667,21.666667,1.300000
31 Flavors [generated schema],31 Flavors,generated schema,revensif/Tinkoff_Course2024,4,0,0,0.000000,0.000000,
31 Flavors [generated schema],31 Flavors,generated schema,rockmanck/lifebook,13,0,0,0.000000,0.000000,
31 Flavors [generated schema],31 Flavors,generated schema,rodano/rodano,33,1,1,3.030303,3.030303,1.000000
31 Flavors [generated schema],31 Flavors,generated schema,rogoo/java-raiz,5,2,1,20.000000,40.000000,2.000000
31 Flavors [generated schema],31 Flavors,generated schema,romchellis/transactions,1,0,0,0.000000,0.000000,
31 Flavors [generated schema],31 Flavors,generated schema,rzenkov/perfplayground,5,0,0,0.000000,0.000000,
31 Flavors [generated schema],31 Flavors,generated schema,s3nkyh/Library,6,1,1,16.666667,16.666667,1.000000
31 Flavors [generated schema],31 Flavors,generated schema,saksonikEgor/java-course-2023-backend-template-master,3,1,1,33.333333,33.333333,1.000000
31 Flavors [generated schema],31 Flavors,generated schema,saltybots/secretsalty-backend-j,5,0,0,0.000000,0.000000,
31 Flavors [generated schema],31 Flavors,generated schema,sayseakleng/template,1,0,0,0.000000,0.000000,
31 Flavors [generated schema],31 Flavors,generated schema,sdumancic/quarkus-template,5,0,0,0.000000,0.000000,
31 Flavors [generated schema],31 Flavors,generated schema,sebastian-raubach/frickl-web-server,14,3,3,21.428571,21.428571,1.000000
31 Flavors [generated schema],31 Flavors,generated schema,self-xdsd/self-storage,16,0,0,0.000000,0.000000,
31 Flavors [generated schema],31 Flavors,generated schema,serdeliverance/turro-lingo-api,3,0,0,0.000000,0.000000,
31 Flavors [generated schema],31 Flavors,generated schema,serje3/BotDiscordBackend,8,0,0,0.000000,0.000000,
31 Flavors [generated schema],31 Flavors,generated schema,sfk25/annually_report,9,0,0,0.000000,0.000000,
31 Flavors [generated schema],31 Flavors,generated schema,sge93/jooq-testcontainers-demo,1,0,0,0.000000,0.000000,
31 Flavors [generated schema],31 Flavors,generated schema,shengquan-ni/reshape-on-amber,10,0,0,0.000000,0.000000,
31 Flavors [generated schema],31 Flavors,generated schema,shev-81/jooqtest,2,0,0,0.000000,0.000000,
31 Flavors [generated schema],31 Flavors,generated schema,shileishmily/spring-boot-jooq-demo,2,0,0,0.000000,0.000000,
31 Flavors [generated schema],31 Flavors,generated schema,shilohooo/learn-jooq,8,0,0,0.000000,0.000000,
31 Flavors [generated schema],31 Flavors,generated schema,sify21/testjooq,3,0,0,0.000000,0.000000,
31 Flavors [generated schema],31 Flavors,generated schema,sikt-no/graphitron,33,1,1,3.030303,3.030303,1.000000
31 Flavors [generated schema],31 Flavors,generated schema,sim1984/fbjavaex,10,0,0,0.000000,0.000000,
31 Flavors [generated schema],31 Flavors,generated schema,sjucker/mvu-platform,15,0,0,0.000000,0.000000,
31 Flavors [generated schema],31 Flavors,generated schema,sjucker/referee-coach-probasket,10,0,0,0.000000,0.000000,
31 Flavors [generated schema],31 Flavors,generated schema,sjucker/zkmf2024-server,35,3,3,8.571429,8.571429,1.000000
31 Flavors [generated schema],31 Flavors,generated schema,skapral/poetryclub,5,0,0,0.000000,0.000000,
31 Flavors [generated schema],31 Flavors,generated schema,skyleedevzero86/Spring_lee_Module,15,2,2,13.333333,13.333333,1.000000
31 Flavors [generated schema],31 Flavors,generated schema,smartywebdev0119/springsecurity-top,1,0,0,0.000000,0.000000,
31 Flavors [generated schema],31 Flavors,generated schema,smix22/kitaplan,1,0,0,0.000000,0.000000,
31 Flavors [generated schema],31 Flavors,generated schema,smockoro/spring-boot-java-jooq,2,0,0,0.000000,0.000000,
31 Flavors [generated schema],31 Flavors,generated schema,snhr-1019/task-app-example,2,0,0,0.000000,0.000000,
31 Flavors [generated schema],31 Flavors,generated schema,sogeking7/booking-hotel-app,12,2,2,16.666667,16.666667,1.000000
31 Flavors [generated schema],31 Flavors,generated schema,sogeking7/hacknu-25-zaman-bank-ai-app,8,0,0,0.000000,0.000000,
31 Flavors [generated schema],31 Flavors,generated schema,sokolovskayaa/tinkoff-project,3,0,0,0.000000,0.000000,
31 Flavors [generated schema],31 Flavors,generated schema,sooogle/micronaut-petclinic,7,0,0,0.000000,0.000000,
31 Flavors [generated schema],31 Flavors,generated schema,spacedragon/dgit,3,0,0,0.000000,0.000000,
31 Flavors [generated schema],31 Flavors,generated schema,spectuu/equipo-4-ings-202520,4,2,2,50.000000,50.000000,1.000000
31 Flavors [generated schema],31 Flavors,generated schema,ssydx/django_wesite,1,0,0,0.000000,0.000000,
31 Flavors [generated schema],31 Flavors,generated schema,streamarr/streamarr-server,12,4,2,16.666667,33.333333,2.000000
31 Flavors [generated schema],31 Flavors,generated schema,stukenvitalii/TinkoffBot,3,0,0,0.000000,0.000000,
31 Flavors [generated schema],31 Flavors,generated schema,sun-fintrack/fintrack-back,5,0,0,0.000000,0.000000,
31 Flavors [generated schema],31 Flavors,generated schema,svp8/java-course-2024,7,0,0,0.000000,0.000000,
31 Flavors [generated schema],31 Flavors,generated schema,sweatboys/open-discogs-api,29,0,0,0.000000,0.000000,
31 Flavors [generated schema],31 Flavors,generated schema,sylvan-tang/auro,1,0,0,0.000000,0.000000,
31 Flavors [generated schema],31 Flavors,generated schema,synonymdev/vss-server,1,0,0,0.000000,0.000000,
31 Flavors [generated schema],31 Flavors,generated schema,t3hw/mhn,1,0,0,0.000000,0.000000,
31 Flavors [generated schema],31 Flavors,generated schema,tanjezh/spring-demos,5,0,0,0.000000,0.000000,
31 Flavors [generated schema],31 Flavors,generated schema,tapis-project/tapis-apps,3,0,0,0.000000,0.000000,
31 Flavors [generated schema],31 Flavors,generated schema,tapis-project/tapis-files,2,0,0,0.000000,0.000000,
31 Flavors [generated schema],31 Flavors,generated schema,tapis-project/tapis-notifications,6,0,0,0.000000,0.000000,
31 Flavors [generated schema],31 Flavors,generated schema,tapis-project/tapis-systems,5,0,0,0.000000,0.000000,
31 Flavors [generated schema],31 Flavors,generated schema,tariqkb/justweighit,4,0,0,0.000000,0.000000,
31 Flavors [generated schema],31 Flavors,generated schema,teragrep/pth_06,7,0,0,0.000000,0.000000,
31 Flavors [generated schema],31 Flavors,generated schema,the-programmers-hangout/Mimic,5,0,0,0.000000,0.000000,
31 Flavors [generated schema],31 Flavors,generated schema,therepanic/hr-masters-service,3,0,0,0.000000,0.000000,
31 Flavors [generated schema],31 Flavors,generated schema,therepanic/lapayment-crypto-pay-system,4,0,0,0.000000,0.000000,
31 Flavors [generated schema],31 Flavors,generated schema,therepanic/lapayment-crypto-payment-system-microservices,18,0,0,0.000000,0.000000,
31 Flavors [generated schema],31 Flavors,generated schema,therepanic/trustwin-casino-project,39,38,15,38.461538,97.435897,2.533333
31 Flavors [generated schema],31 Flavors,generated schema,theronielanddaronpodcastshow/svja,9,0,0,0.000000,0.000000,
31 Flavors [generated schema],31 Flavors,generated schema,thomascherickal/hedera-stable-coin,33,0,0,0.000000,0.000000,
31 Flavors [generated schema],31 Flavors,generated schema,tmtsoftware/aps-procedure-read-benchmarking,2,0,0,0.000000,0.000000,
31 Flavors [generated schema],31 Flavors,generated schema,toannv6895/searchable,1,0,0,0.000000,0.000000,
31 Flavors [generated schema],31 Flavors,generated schema,truonghq99/adam-project,1,0,0,0.000000,0.000000,
31 Flavors [generated schema],31 Flavors,generated schema,tsemkaloalena-mirea/vk_education,8,0,0,0.000000,0.000000,
31 Flavors [generated schema],31 Flavors,generated schema,tsoyolv/transfer-money,3,0,0,0.000000,0.000000,
31 Flavors [generated schema],31 Flavors,generated schema,tw-bc-group/tw-wallet-backend,20,0,0,0.000000,0.000000,
31 Flavors [generated schema],31 Flavors,generated schema,tyomamatrosov/MatrosovAS,3,0,0,0.000000,0.000000,
31 Flavors [generated schema],31 Flavors,generated schema,uianz/webflux-jooq-r2dbc-starter,2,0,0,0.000000,0.000000,
31 Flavors [generated schema],31 Flavors,generated schema,ultrapotato69/genealogy-back,2,1,1,50.000000,50.000000,1.000000
31 Flavors [generated schema],31 Flavors,generated schema,unlessiamwrong/Tinkoff-Java-course-2,3,0,0,0.000000,0.000000,
31 Flavors [generated schema],31 Flavors,generated schema,uptosmth/chronos,7,0,0,0.000000,0.000000,
31 Flavors [generated schema],31 Flavors,generated schema,utfunderscore/buildformat,3,0,0,0.000000,0.000000,
31 Flavors [generated schema],31 Flavors,generated schema,uvuv-643/Service_Oriented_Architecture,16,8,4,25.000000,50.000000,2.000000
31 Flavors [generated schema],31 Flavors,generated schema,vbandurin7/update-listener-bot,3,0,0,0.000000,0.000000,
31 Flavors [generated schema],31 Flavors,generated schema,vendelieu/spring-template,2,0,0,0.000000,0.000000,
31 Flavors [generated schema],31 Flavors,generated schema,vinniec4/fantasy-football,2,0,0,0.000000,0.000000,
31 Flavors [generated schema],31 Flavors,generated schema,vkuzel/Quantum-Leap,10,0,0,0.000000,0.000000,
31 Flavors [generated schema],31 Flavors,generated schema,vladislav77777/java-backend-course,3,0,0,0.000000,0.000000,
31 Flavors [generated schema],31 Flavors,generated schema,voidframework/voidframework,1,0,0,0.000000,0.000000,
31 Flavors [generated schema],31 Flavors,generated schema,volvas/courses,6,1,1,16.666667,16.666667,1.000000
31 Flavors [generated schema],31 Flavors,generated schema,vran-dev/databasir,27,1,1,3.703704,3.703704,1.000000
31 Flavors [generated schema],31 Flavors,generated schema,warhog/fpvlaptracker,6,0,0,0.000000,0.000000,
31 Flavors [generated schema],31 Flavors,generated schema,waydxd/COMP3111-Project,9,1,1,11.111111,11.111111,1.000000
31 Flavors [generated schema],31 Flavors,generated schema,wbprime/java-mods,4,0,0,0.000000,0.000000,
31 Flavors [generated schema],31 Flavors,generated schema,web3brothers/aleo-network-info,3,0,0,0.000000,0.000000,
31 Flavors [generated schema],31 Flavors,generated schema,whizvox/wsite,4,0,0,0.000000,0.000000,
31 Flavors [generated schema],31 Flavors,generated schema,whxu215/jooq-springboot-example-junit,1,0,0,0.000000,0.000000,
31 Flavors [generated schema],31 Flavors,generated schema,wuda0112/foundation,50,0,0,0.000000,0.000000,
31 Flavors [generated schema],31 Flavors,generated schema,wuhunyu/jooq-transaction,1,0,0,0.000000,0.000000,
31 Flavors [generated schema],31 Flavors,generated schema,wujihulian/filesbox,41,0,0,0.000000,0.000000,
31 Flavors [generated schema],31 Flavors,generated schema,xGodness/service-oriented-architecture,3,1,1,33.333333,33.333333,1.000000
31 Flavors [generated schema],31 Flavors,generated schema,xJade00/TavernMaid,3,0,0,0.000000,0.000000,
31 Flavors [generated schema],31 Flavors,generated schema,xdnw/Diplocutus,42,0,0,0.000000,0.000000,
31 Flavors [generated schema],31 Flavors,generated schema,xdnw/locutus,42,0,0,0.000000,0.000000,
31 Flavors [generated schema],31 Flavors,generated schema,xinxiamu/mu-spring-boot-sample,4,0,0,0.000000,0.000000,
31 Flavors [generated schema],31 Flavors,generated schema,xnelo/filearch,4,0,0,0.000000,0.000000,
31 Flavors [generated schema],31 Flavors,generated schema,yangjinguang/i-share-server,17,0,0,0.000000,0.000000,
31 Flavors [generated schema],31 Flavors,generated schema,yaowei-u/kafka,10,2,1,10.000000,20.000000,2.000000
31 Flavors [generated schema],31 Flavors,generated schema,ydb-platform/ydb-java-dialects,6,0,0,0.000000,0.000000,
31 Flavors [generated schema],31 Flavors,generated schema,ydeng11/Minance,5,0,0,0.000000,0.000000,
31 Flavors [generated schema],31 Flavors,generated schema,yichunzhao/jooq-dao,1,0,0,0.000000,0.000000,
31 Flavors [generated schema],31 Flavors,generated schema,yihaozhong/BuyUp,4,0,0,0.000000,0.000000,
31 Flavors [generated schema],31 Flavors,generated schema,yilmazorhan/smallapps.tips,1,0,0,0.000000,0.000000,
31 Flavors [generated schema],31 Flavors,generated schema,yiminyangguang520/Java-Learning,1,0,0,0.000000,0.000000,
31 Flavors [generated schema],31 Flavors,generated schema,young0264/jungsuri,14,2,2,14.285714,14.285714,1.000000
31 Flavors [generated schema],31 Flavors,generated schema,youngzil/quickstart-database,2,0,0,0.000000,0.000000,
31 Flavors [generated schema],31 Flavors,generated schema,yuizho/spring-sandbox,2,0,0,0.000000,0.000000,
31 Flavors [generated schema],31 Flavors,generated schema,yuzhongyousida/zipkin,3,0,0,0.000000,0.000000,
31 Flavors [generated schema],31 Flavors,generated schema,zangzang/java-test,4,0,0,0.000000,0.000000,
31 Flavors [generated schema],31 Flavors,generated schema,zero-ws/zero-ecotope,270,0,0,0.000000,0.000000,
31 Flavors [generated schema],31 Flavors,generated schema,zhengqingya/java-workspace,1,0,0,0.000000,0.000000,
31 Flavors [generated schema],31 Flavors,generated schema,zhengzizhe/agent_demo,15,0,0,0.000000,0.000000,
31 Flavors [generated schema],31 Flavors,generated schema,zhouzhaodong/springboot,1,0,0,0.000000,0.000000,
31 Flavors [generated schema],31 Flavors,generated schema,zhuyb0614/graph-batis,5,0,0,0.000000,0.000000,
31 Flavors [generated schema],31 Flavors,generated schema,zigzag191/java-backend-course-2024,3,0,0,0.000000,0.000000,
31 Flavors [generated schema],31 Flavors,generated schema,zjxkenshine/codedemo,1,0,0,0.000000,0.000000,
31 Flavors [generated schema],31 Flavors,generated schema,zodac-personal/folding-stats,11,0,0,0.000000,0.000000,
Poor Man's Search Engine [application/query source],Poor Man's Search Engine,application/query source,4el1k/Spring-Api-Hibernate-JOOQ,6,0,0,0.000000,0.000000,
Poor Man's Search Engine [application/query source],Poor Man's Search Engine,application/query source,66xc1/lazy-punch,5,0,0,0.000000,0.000000,
Poor Man's Search Engine [application/query source],Poor Man's Search Engine,application/query source,ABCLV/ABLV_IngSW,3,0,0,0.000000,0.000000,
Poor Man's Search Engine [application/query source],Poor Man's Search Engine,application/query source,APSfurizon/fz-backend,97,3,1,1.030928,3.092784,3.000000
Poor Man's Search Engine [application/query source],Poor Man's Search Engine,application/query source,AWS-Cloud-Community-LPU/mailing-service,3,0,0,0.000000,0.000000,
Poor Man's Search Engine [application/query source],Poor Man's Search Engine,application/query source,AffectedArc07/ParaUtil,3,0,0,0.000000,0.000000,
Poor Man's Search Engine [application/query source],Poor Man's Search Engine,application/query source,AisleiAvila/empresa,9,4,2,22.222222,44.444444,2.000000
Poor Man's Search Engine [application/query source],Poor Man's Search Engine,application/query source,AkaLrz/E-commercial-Platfrom,6,0,0,0.000000,0.000000,
Poor Man's Search Engine [application/query source],Poor Man's Search Engine,application/query source,AlexSpeal/Tracking-Bot,5,0,0,0.000000,0.000000,
Poor Man's Search Engine [application/query source],Poor Man's Search Engine,application/query source,Alexandr-Kokorin/JavaCourse2024,5,0,0,0.000000,0.000000,
Poor Man's Search Engine [application/query source],Poor Man's Search Engine,application/query source,AlexzTj/p2p,6,0,0,0.000000,0.000000,
Poor Man's Search Engine [application/query source],Poor Man's Search Engine,application/query source,AlphaFoxz/oneboot,7,0,0,0.000000,0.000000,
Poor Man's Search Engine [application/query source],Poor Man's Search Engine,application/query source,AnastasiaPleshkova/tnkf-tracker,5,0,0,0.000000,0.000000,
Poor Man's Search Engine [application/query source],Poor Man's Search Engine,application/query source,AndrewSalygin/LinkTracker-Tinkoff,4,0,0,0.000000,0.000000,
Poor Man's Search Engine [application/query source],Poor Man's Search Engine,application/query source,Andrey582/NotificationBot,8,0,0,0.000000,0.000000,
Poor Man's Search Engine [application/query source],Poor Man's Search Engine,application/query source,Ani512/online-tutoring-app-backend,11,0,0,0.000000,0.000000,
Poor Man's Search Engine [application/query source],Poor Man's Search Engine,application/query source,AntonioRusan/LinkTracker,8,0,0,0.000000,0.000000,
Poor Man's Search Engine [application/query source],Poor Man's Search Engine,application/query source,Apress/beginning-jooq,86,0,0,0.000000,0.000000,
Poor Man's Search Engine [application/query source],Poor Man's Search Engine,application/query source,Apress/pro-spring-6,7,0,0,0.000000,0.000000,
Poor Man's Search Engine [application/query source],Poor Man's Search Engine,application/query source,AprilHan1992/fleet-spring-boot,4,0,0,0.000000,0.000000,
Poor Man's Search Engine [application/query source],Poor Man's Search Engine,application/query source,ArcaHozota/nasb1995edv3,14,8,1,7.142857,57.142857,8.000000
Poor Man's Search Engine [application/query source],Poor Man's Search Engine,application/query source,Arden30/TinkoffJavaBackendSpring23-24,6,0,0,0.000000,0.000000,
Poor Man's Search Engine [application/query source],Poor Man's Search Engine,application/query source,AtroposBot/Atropos,17,0,0,0.000000,0.000000,
Poor Man's Search Engine [application/query source],Poor Man's Search Engine,application/query source,Atsushi68/trunk,29,2,1,3.448276,6.896552,2.000000
Poor Man's Search Engine [application/query source],Poor Man's Search Engine,application/query source,Ayazkins/Java-Tinkoff-sem-2,6,0,0,0.000000,0.000000,
Poor Man's Search Engine [application/query source],Poor Man's Search Engine,application/query source,BRP-API/brp-api-gezag,16,0,0,0.000000,0.000000,
Poor Man's Search Engine [application/query source],Poor Man's Search Engine,application/query source,BenMAPCE/BenCloudServer,41,0,0,0.000000,0.000000,
Poor Man's Search Engine [application/query source],Poor Man's Search Engine,application/query source,BinaryIgor/tools-and-templates,22,0,0,0.000000,0.000000,
Poor Man's Search Engine [application/query source],Poor Man's Search Engine,application/query source,Blackdread/rest-filter,14,4,1,7.142857,28.571429,4.000000
Poor Man's Search Engine [application/query source],Poor Man's Search Engine,application/query source,BlakieSL/SpringJOOQ_DAO,7,0,0,0.000000,0.000000,
Poor Man's Search Engine [application/query source],Poor Man's Search Engine,application/query source,BluBluBlaBla/vidsummize,1,0,0,0.000000,0.000000,
Poor Man's Search Engine [application/query source],Poor Man's Search Engine,application/query source,BogBond2000/Itmo_labs,3,0,0,0.000000,0.000000,
Poor Man's Search Engine [application/query source],Poor Man's Search Engine,application/query source,BorisovAlexspb/Update_tracker_bot,10,0,0,0.000000,0.000000,
Poor Man's Search Engine [application/query source],Poor Man's Search Engine,application/query source,Bruh3509/updates-tracker,5,0,0,0.000000,0.000000,
Poor Man's Search Engine [application/query source],Poor Man's Search Engine,application/query source,BuchnevDmitry/LinkTracker,5,0,0,0.000000,0.000000,
Poor Man's Search Engine [application/query source],Poor Man's Search Engine,application/query source,BudgetingWebsite/Backend,13,0,0,0.000000,0.000000,
Poor Man's Search Engine [application/query source],Poor Man's Search Engine,application/query source,CaXaPCMeDoM/tinkoff-java-course-2024-backend,8,0,0,0.000000,0.000000,
Poor Man's Search Engine [application/query source],Poor Man's Search Engine,application/query source,CaptainCluster/data_intensive_assignment_3,8,0,0,0.000000,0.000000,
Poor Man's Search Engine [application/query source],Poor Man's Search Engine,application/query source,CatOrLeader/Tinkoff_Link_Tracker,6,0,0,0.000000,0.000000,
Poor Man's Search Engine [application/query source],Poor Man's Search Engine,application/query source,ChatCode9/ChatCode-backend,13,1,1,7.692308,7.692308,1.000000
Poor Man's Search Engine [application/query source],Poor Man's Search Engine,application/query source,Claydelas/dashboard-fx,8,0,0,0.000000,0.000000,
Poor Man's Search Engine [application/query source],Poor Man's Search Engine,application/query source,D-Muscipula/tinkoff-java-backend-link-tracker-project,7,0,0,0.000000,0.000000,
Poor Man's Search Engine [application/query source],Poor Man's Search Engine,application/query source,DanieleGotti/MED,40,1,1,2.500000,2.500000,1.000000
Poor Man's Search Engine [application/query source],Poor Man's Search Engine,application/query source,Daniil-Vl/link-tracker,10,0,0,0.000000,0.000000,
Poor Man's Search Engine [application/query source],Poor Man's Search Engine,application/query source,Daniil4639/Tinkoff_Repository_2,6,0,0,0.000000,0.000000,
Poor Man's Search Engine [application/query source],Poor Man's Search Engine,application/query source,DanjiTalk/danji-talk-backend,5,0,0,0.000000,0.000000,
Poor Man's Search Engine [application/query source],Poor Man's Search Engine,application/query source,Dankoy/jforwarder,8,5,1,12.500000,62.500000,5.000000
Poor Man's Search Engine [application/query source],Poor Man's Search Engine,application/query source,DarplexDev/darplex-java,2,0,0,0.000000,0.000000,
Poor Man's Search Engine [application/query source],Poor Man's Search Engine,application/query source,DavidJi80/springboot,3,0,0,0.000000,0.000000,
Poor Man's Search Engine [application/query source],Poor Man's Search Engine,application/query source,DiSSCo/dissco-core-annotation-processing-service,18,0,0,0.000000,0.000000,
Poor Man's Search Engine [application/query source],Poor Man's Search Engine,application/query source,DiSSCo/dissco-core-backend,15,0,0,0.000000,0.000000,
Poor Man's Search Engine [application/query source],Poor Man's Search Engine,application/query source,DiSSCo/dissco-core-digital-specimen-processor,10,0,0,0.000000,0.000000,
Poor Man's Search Engine [application/query source],Poor Man's Search Engine,application/query source,DiSSCo/dissco-core-translator,10,0,0,0.000000,0.000000,
Poor Man's Search Engine [application/query source],Poor Man's Search Engine,application/query source,DiSSCo/dissco-data-exporter-backend,5,0,0,0.000000,0.000000,
Poor Man's Search Engine [application/query source],Poor Man's Search Engine,application/query source,DiamondArt/Java-jooq,2,0,0,0.000000,0.000000,
Poor Man's Search Engine [application/query source],Poor Man's Search Engine,application/query source,DmitriyKosolobov/java-course-2024-backend,6,0,0,0.000000,0.000000,
Poor Man's Search Engine [application/query source],Poor Man's Search Engine,application/query source,DrBrother/notification-system,6,0,0,0.000000,0.000000,
Poor Man's Search Engine [application/query source],Poor Man's Search Engine,application/query source,DragomiroiuStefan/rideshare,17,1,1,5.882353,5.882353,1.000000
Poor Man's Search Engine [application/query source],Poor Man's Search Engine,application/query source,Drewbie18/spring-rest,5,0,0,0.000000,0.000000,
Poor Man's Search Engine [application/query source],Poor Man's Search Engine,application/query source,E1psycongr00/STUDY_REFERENCE,3,0,0,0.000000,0.000000,
Poor Man's Search Engine [application/query source],Poor Man's Search Engine,application/query source,E1psycongr00/study_jooq_codegen_with_flyway_jpa,3,0,0,0.000000,0.000000,
Poor Man's Search Engine [application/query source],Poor Man's Search Engine,application/query source,EHRoute/EHR-Route,4,0,0,0.000000,0.000000,
Poor Man's Search Engine [application/query source],Poor Man's Search Engine,application/query source,Efler/microservice-data-bus,7,0,0,0.000000,0.000000,
Poor Man's Search Engine [application/query source],Poor Man's Search Engine,application/query source,Efler/telegram-scrapper-bot,6,0,0,0.000000,0.000000,
Poor Man's Search Engine [application/query source],Poor Man's Search Engine,application/query source,Eliorika/tinkoff-java-backend,6,0,0,0.000000,0.000000,
Poor Man's Search Engine [application/query source],Poor Man's Search Engine,application/query source,Emented/webLab3,4,0,0,0.000000,0.000000,
Poor Man's Search Engine [application/query source],Poor Man's Search Engine,application/query source,EngineDevOps2/programming-todolist-fullstack,1,0,0,0.000000,0.000000,
Poor Man's Search Engine [application/query source],Poor Man's Search Engine,application/query source,EuphoriaV/UpdateMonitoringBot,5,0,0,0.000000,0.000000,
Poor Man's Search Engine [application/query source],Poor Man's Search Engine,application/query source,FOKO-KENMOGNE-Wilfried/siggeac_prototype,5,0,0,0.000000,0.000000,
Poor Man's Search Engine [application/query source],Poor Man's Search Engine,application/query source,FeKom/lab-ecommerce,1,0,0,0.000000,0.000000,
Poor Man's Search Engine [application/query source],Poor Man's Search Engine,application/query source,FeldmannJR/constellation-common,9,0,0,0.000000,0.000000,
Poor Man's Search Engine [application/query source],Poor Man's Search Engine,application/query source,FeldmannJR/redstonegang,81,0,0,0.000000,0.000000,
Poor Man's Search Engine [application/query source],Poor Man's Search Engine,application/query source,Fics3/tink_java_backend_course_spring,10,0,0,0.000000,0.000000,
Poor Man's Search Engine [application/query source],Poor Man's Search Engine,application/query source,FilippoBolis/MED_Progetto_Ing_Software_23_24,25,0,0,0.000000,0.000000,
Poor Man's Search Engine [application/query source],Poor Man's Search Engine,application/query source,FrankChen021/bithon,76,4,2,2.631579,5.263158,2.000000
Poor Man's Search Engine [application/query source],Poor Man's Search Engine,application/query source,FrankChen021/bithon-demo,2,0,0,0.000000,0.000000,
Poor Man's Search Engine [application/query source],Poor Man's Search Engine,application/query source,GAIM-Tech-OM/killbill-ompay-plugin,2,4,1,50.000000,200.000000,4.000000
Poor Man's Search Engine [application/query source],Poor Man's Search Engine,application/query source,Gabriele-Mazzoleni/SmarTrip,4,0,0,0.000000,0.000000,
Poor Man's Search Engine [application/query source],Poor Man's Search Engine,application/query source,Garrettc96/cacophony,30,0,0,0.000000,0.000000,
Poor Man's Search Engine [application/query source],Poor Man's Search Engine,application/query source,Geomatys/examind-community,43,12,9,20.930233,27.906977,1.333333
Poor Man's Search Engine [application/query source],Poor Man's Search Engine,application/query source,GeorgyDemidenkov/DemidenkovGD_Y-234_2kurs2sem,2,0,0,0.000000,0.000000,
Poor Man's Search Engine [application/query source],Poor Man's Search Engine,application/query source,Grigalgol/vk_education_hm6,5,0,0,0.000000,0.000000,
Poor Man's Search Engine [application/query source],Poor Man's Search Engine,application/query source,GyrosOfWar/imagehive,12,0,0,0.000000,0.000000,
Poor Man's Search Engine [application/query source],Poor Man's Search Engine,application/query source,HSLdevcom/jore4-jore3-importer,202,0,0,0.000000,0.000000,
Poor Man's Search Engine [application/query source],Poor Man's Search Engine,application/query source,Hamednallah/Basariat-POS,40,5,4,10.000000,12.500000,1.250000
Poor Man's Search Engine [application/query source],Poor Man's Search Engine,application/query source,Hamednallah/Market-POS,11,1,1,9.090909,9.090909,1.000000
Poor Man's Search Engine [application/query source],Poor Man's Search Engine,application/query source,Hellblazer/quantum-db,46,0,0,0.000000,0.000000,
Poor Man's Search Engine [application/query source],Poor Man's Search Engine,application/query source,Hixon10/spring-boot-security,1,0,0,0.000000,0.000000,
Poor Man's Search Engine [application/query source],Poor Man's Search Engine,application/query source,HoZanDung/ho-workflow,24,0,0,0.000000,0.000000,
Poor Man's Search Engine [application/query source],Poor Man's Search Engine,application/query source,Hogeyama/try-java,2,0,0,0.000000,0.000000,
Poor Man's Search Engine [application/query source],Poor Man's Search Engine,application/query source,IAGrig/link-updates-notifier,4,0,0,0.000000,0.000000,
Poor Man's Search Engine [application/query source],Poor Man's Search Engine,application/query source,IlyaAbramovv/UpdatesAnnouncer,7,0,0,0.000000,0.000000,
Poor Man's Search Engine [application/query source],Poor Man's Search Engine,application/query source,IvanShabunin379/java-course-2024,8,0,0,0.000000,0.000000,
Poor Man's Search Engine [application/query source],Poor Man's Search Engine,application/query source,JGMelon22/ListDemoJava,2,0,0,0.000000,0.000000,
Poor Man's Search Engine [application/query source],Poor Man's Search Engine,application/query source,JacobLewandowskiDev/GwentMMO-Backend,1,0,0,0.000000,0.000000,
Poor Man's Search Engine [application/query source],Poor Man's Search Engine,application/query source,JakeMathews/recommendation-engine,3,0,0,0.000000,0.000000,
Poor Man's Search Engine [application/query source],Poor Man's Search Engine,application/query source,JixinZhang19/Online-Shopping-System-for-Black-Friday,8,0,0,0.000000,0.000000,
Poor Man's Search Engine [application/query source],Poor Man's Search Engine,application/query source,JohannesRabauer/hibernate-vs-jooq,3,0,0,0.000000,0.000000,
Poor Man's Search Engine [application/query source],Poor Man's Search Engine,application/query source,Jominjong/mjjo-test-project,3,1,1,33.333333,33.333333,1.000000
Poor Man's Search Engine [application/query source],Poor Man's Search Engine,application/query source,KEN3pei/oauth-hands-on,20,0,0,0.000000,0.000000,
Poor Man's Search Engine [application/query source],Poor Man's Search Engine,application/query source,KGjertsson/macro-hub,14,0,0,0.000000,0.000000,
Poor Man's Search Engine [application/query source],Poor Man's Search Engine,application/query source,Karthik1226/onedata_patient,38,4,3,7.894737,10.526316,1.333333
Poor Man's Search Engine [application/query source],Poor Man's Search Engine,application/query source,Kazuuma-19/nippogen,5,0,0,0.000000,0.000000,
Poor Man's Search Engine [application/query source],Poor Man's Search Engine,application/query source,Kirill06344/TinkoffWebApplication,7,0,0,0.000000,0.000000,
Poor Man's Search Engine [application/query source],Poor Man's Search Engine,application/query source,KirillSakira/link-tracker,6,0,0,0.000000,0.000000,
Poor Man's Search Engine [application/query source],Poor Man's Search Engine,application/query source,KittyBot-Org/KittyBot,16,2,1,6.250000,12.500000,2.000000
Poor Man's Search Engine [application/query source],Poor Man's Search Engine,application/query source,Knicksaas/gourmet-gate,34,0,0,0.000000,0.000000,
Poor Man's Search Engine [application/query source],Poor Man's Search Engine,application/query source,KyleGuanDP/Assignment4,2,0,0,0.000000,0.000000,
Poor Man's Search Engine [application/query source],Poor Man's Search Engine,application/query source,LARCH1K/LinkTracker-Bot,5,0,0,0.000000,0.000000,
Poor Man's Search Engine [application/query source],Poor Man's Search Engine,application/query source,LalisaST/java_course_2,5,0,0,0.000000,0.000000,
Poor Man's Search Engine [application/query source],Poor Man's Search Engine,application/query source,LeHa2505/OnThiService,27,5,3,11.111111,18.518519,1.666667
Poor Man's Search Engine [application/query source],Poor Man's Search Engine,application/query source,LiangChenDLJ/VIPManager,15,1,1,6.666667,6.666667,1.000000
Poor Man's Search Engine [application/query source],Poor Man's Search Engine,application/query source,LianjiaTech/bella-assistants,26,0,0,0.000000,0.000000,
Poor Man's Search Engine [application/query source],Poor Man's Search Engine,application/query source,LianjiaTech/bella-knowledge,15,4,2,13.333333,26.666667,2.000000
Poor Man's Search Engine [application/query source],Poor Man's Search Engine,application/query source,LianjiaTech/bella-openapi,60,5,4,6.666667,8.333333,1.250000
Poor Man's Search Engine [application/query source],Poor Man's Search Engine,application/query source,LianjiaTech/bella-workflow,32,4,2,6.250000,12.500000,2.000000
Poor Man's Search Engine [application/query source],Poor Man's Search Engine,application/query source,Link-Profit-System/java_mvvm,9,0,0,0.000000,0.000000,
Poor Man's Search Engine [application/query source],Poor Man's Search Engine,application/query source,LintaoAmons/java-jooq-runable-code,6,0,0,0.000000,0.000000,
Poor Man's Search Engine [application/query source],Poor Man's Search Engine,application/query source,LogDS/SimulatorOrchestrator,51,0,0,0.000000,0.000000,
Poor Man's Search Engine [application/query source],Poor Man's Search Engine,application/query source,LucidMinded/java-course-2023-backend,9,0,0,0.000000,0.000000,
Poor Man's Search Engine [application/query source],Poor Man's Search Engine,application/query source,M1nsong-Kim/practice-jooq,4,1,1,25.000000,25.000000,1.000000
Poor Man's Search Engine [application/query source],Poor Man's Search Engine,application/query source,MAK-Cpp/backend-java-s2,5,0,0,0.000000,0.000000,
Poor Man's Search Engine [application/query source],Poor Man's Search Engine,application/query source,MIZINCHIK/java-course-2023-backend,7,0,0,0.000000,0.000000,
Poor Man's Search Engine [application/query source],Poor Man's Search Engine,application/query source,Macbeth-Klm/Tinkoff-java-course-2024,6,0,0,0.000000,0.000000,
Poor Man's Search Engine [application/query source],Poor Man's Search Engine,application/query source,Maczi01/sockets,5,0,0,0.000000,0.000000,
Poor Man's Search Engine [application/query source],Poor Man's Search Engine,application/query source,MahjongRepository/YagiMotel,1,0,0,0.000000,0.000000,
Poor Man's Search Engine [application/query source],Poor Man's Search Engine,application/query source,Malest-GmbH-Co-KG/Prog_3_Projektarbeit,16,0,0,0.000000,0.000000,
Poor Man's Search Engine [application/query source],Poor Man's Search Engine,application/query source,MarinaBiryukova/tinkoff-java,5,0,0,0.000000,0.000000,
Poor Man's Search Engine [application/query source],Poor Man's Search Engine,application/query source,MaroderKo/parts_shop,5,0,0,0.000000,0.000000,
Poor Man's Search Engine [application/query source],Poor Man's Search Engine,application/query source,Mateuzz/music-website-spring,6,0,0,0.000000,0.000000,
Poor Man's Search Engine [application/query source],Poor Man's Search Engine,application/query source,MaxZhukoff/tinkoff-bot,5,0,0,0.000000,0.000000,
Poor Man's Search Engine [application/query source],Poor Man's Search Engine,application/query source,Missssha/Tinkofff-Back,5,0,0,0.000000,0.000000,
Poor Man's Search Engine [application/query source],Poor Man's Search Engine,application/query source,Molzonas/EkEep,15,0,0,0.000000,0.000000,
Poor Man's Search Engine [application/query source],Poor Man's Search Engine,application/query source,MyP99999/NewsAggregatorBackend,13,0,0,0.000000,0.000000,
Poor Man's Search Engine [application/query source],Poor Man's Search Engine,application/query source,Mykindos/BetterPvP,44,0,0,0.000000,0.000000,
Poor Man's Search Engine [application/query source],Poor Man's Search Engine,application/query source,NaspoDev/url-shortener,2,0,0,0.000000,0.000000,
Poor Man's Search Engine [application/query source],Poor Man's Search Engine,application/query source,NastyaLush/java-course-2024-backend,5,0,0,0.000000,0.000000,
Poor Man's Search Engine [application/query source],Poor Man's Search Engine,application/query source,Ne1loff/OnboardingPlatform,14,0,0,0.000000,0.000000,
Poor Man's Search Engine [application/query source],Poor Man's Search Engine,application/query source,Neonik-dev/Update-Tracker-Bot,12,0,0,0.000000,0.000000,
Poor Man's Search Engine [application/query source],Poor Man's Search Engine,application/query source,NevinTure/java-course-2024,10,0,0,0.000000,0.000000,
Poor Man's Search Engine [application/query source],Poor Man's Search Engine,application/query source,Nick-552/link-tracker,8,0,0,0.000000,0.000000,
Poor Man's Search Engine [application/query source],Poor Man's Search Engine,application/query source,NurtilekMamashakirov/Bot-Link-Tracker,4,0,0,0.000000,0.000000,
Poor Man's Search Engine [application/query source],Poor Man's Search Engine,application/query source,Nyrheim/PenAndPaper,9,0,0,0.000000,0.000000,
Poor Man's Search Engine [application/query source],Poor Man's Search Engine,application/query source,OAGi/Score,164,34,13,7.926829,20.731707,2.615385
Poor Man's Search Engine [application/query source],Poor Man's Search Engine,application/query source,Online-Tutoring-Application-Team-11/backend-rest-API-service,11,0,0,0.000000,0.000000,
Poor Man's Search Engine [application/query source],Poor Man's Search Engine,application/query source,Origin-Masters/Cantine-Planner,16,0,0,0.000000,0.000000,
Poor Man's Search Engine [application/query source],Poor Man's Search Engine,application/query source,Ovoshchko/BackendTinkoffJavaSpring,9,0,0,0.000000,0.000000,
Poor Man's Search Engine [application/query source],Poor Man's Search Engine,application/query source,PKNU-CERT-IS/BE,74,11,5,6.756757,14.864865,2.200000
Poor Man's Search Engine [application/query source],Poor Man's Search Engine,application/query source,Pa11ady/java-link-tracker,3,0,0,0.000000,0.000000,
Poor Man's Search Engine [application/query source],Poor Man's Search Engine,application/query source,Pacan4ik/tinkoff-course-spring2023,10,0,0,0.000000,0.000000,
Poor Man's Search Engine [application/query source],Poor Man's Search Engine,application/query source,ParadiseSS13/TaskDaemon,8,0,0,0.000000,0.000000,
Poor Man's Search Engine [application/query source],Poor Man's Search Engine,application/query source,PathmindAI/pathmind-webapp,37,4,1,2.702703,10.810811,4.000000
Poor Man's Search Engine [application/query source],Poor Man's Search Engine,application/query source,PonomarevAlexxander/telegram-notifier,5,0,0,0.000000,0.000000,
Poor Man's Search Engine [application/query source],Poor Man's Search Engine,application/query source,Programming-Org/Programming,5,0,0,0.000000,0.000000,
Poor Man's Search Engine [application/query source],Poor Man's Search Engine,application/query source,Prohkit/java-backend-course-2-link-tracker,7,0,0,0.000000,0.000000,
Poor Man's Search Engine [application/query source],Poor Man's Search Engine,application/query source,ProstaOlga/prostaBot,34,0,0,0.000000,0.000000,
Poor Man's Search Engine [application/query source],Poor Man's Search Engine,application/query source,Puru80/food-ordering-system,1,0,0,0.000000,0.000000,
Poor Man's Search Engine [application/query source],Poor Man's Search Engine,application/query source,QuantuM1o1/Tinkoff2024Homeworks,7,0,0,0.000000,0.000000,
Poor Man's Search Engine [application/query source],Poor Man's Search Engine,application/query source,Raha089/oops,3,0,0,0.000000,0.000000,
Poor Man's Search Engine [application/query source],Poor Man's Search Engine,application/query source,Reazzzz/oosp-zadanya,2,0,0,0.000000,0.000000,
Poor Man's Search Engine [application/query source],Poor Man's Search Engine,application/query source,Rohan-flutterint/texera,32,0,0,0.000000,0.000000,
Poor Man's Search Engine [application/query source],Poor Man's Search Engine,application/query source,RomanZozuliauniversity/Javacourework,7,0,0,0.000000,0.000000,
Poor Man's Search Engine [application/query source],Poor Man's Search Engine,application/query source,RuslanAndrianov/Backend-Java-Tinkoff-Spring-2024,5,0,0,0.000000,0.000000,
Poor Man's Search Engine [application/query source],Poor Man's Search Engine,application/query source,RuslanHkmoff/java-backend-course,5,0,0,0.000000,0.000000,
Poor Man's Search Engine [application/query source],Poor Man's Search Engine,application/query source,SOmegaS/financial-tracker,2,0,0,0.000000,0.000000,
Poor Man's Search Engine [application/query source],Poor Man's Search Engine,application/query source,Saiyan1/tl-challenge,2,2,1,50.000000,100.000000,2.000000
Poor Man's Search Engine [application/query source],Poor Man's Search Engine,application/query source,SavageSyrop/VK-courses,17,0,0,0.000000,0.000000,
Poor Man's Search Engine [application/query source],Poor Man's Search Engine,application/query source,ShaDi777/java-course-2024-backend,19,0,0,0.000000,0.000000,
Poor Man's Search Engine [application/query source],Poor Man's Search Engine,application/query source,ShakurDmitrii/inline,4,0,0,0.000000,0.000000,
Poor Man's Search Engine [application/query source],Poor Man's Search Engine,application/query source,SightStudio/blog-code,52,12,6,11.538462,23.076923,2.000000
Poor Man's Search Engine [application/query source],Poor Man's Search Engine,application/query source,SleepwalkerPasha/egorov_pa_project,5,0,0,0.000000,0.000000,
Poor Man's Search Engine [application/query source],Poor Man's Search Engine,application/query source,SlideHehe/java-backend-course-2,8,0,0,0.000000,0.000000,
Poor Man's Search Engine [application/query source],Poor Man's Search Engine,application/query source,SmallWorlds-Forever/sw-streaming,21,8,3,14.285714,38.095238,2.666667
Poor Man's Search Engine [application/query source],Poor Man's Search Engine,application/query source,SoylentBob/jooq-mock,8,0,0,0.000000,0.000000,
Poor Man's Search Engine [application/query source],Poor Man's Search Engine,application/query source,Space27/JavaBackendSpring,7,0,0,0.000000,0.000000,
Poor Man's Search Engine [application/query source],Poor Man's Search Engine,application/query source,Stasik371/LinkTrackingBot,5,0,0,0.000000,0.000000,
Poor Man's Search Engine [application/query source],Poor Man's Search Engine,application/query source,StubbornJava/StubbornJava,26,0,0,0.000000,0.000000,
Poor Man's Search Engine [application/query source],Poor Man's Search Engine,application/query source,Stumpwiz/mrradb,3,0,0,0.000000,0.000000,
Poor Man's Search Engine [application/query source],Poor Man's Search Engine,application/query source,Subtelny/DGCraft,36,1,1,2.777778,2.777778,1.000000
Poor Man's Search Engine [application/query source],Poor Man's Search Engine,application/query source,TaitoUnited/full-stack-template,3,0,0,0.000000,0.000000,
Poor Man's Search Engine [application/query source],Poor Man's Search Engine,application/query source,TerraByteDev/SkyFactionsReborn,20,0,0,0.000000,0.000000,
Poor Man's Search Engine [application/query source],Poor Man's Search Engine,application/query source,TheLQ/forum-scraper,10,0,0,0.000000,0.000000,
Poor Man's Search Engine [application/query source],Poor Man's Search Engine,application/query source,Thee5176/SpringBoot_CQRS_Command,14,0,0,0.000000,0.000000,
Poor Man's Search Engine [application/query source],Poor Man's Search Engine,application/query source,Thee5176/SpringBoot_CQRS_Query,8,0,0,0.000000,0.000000,
Poor Man's Search Engine [application/query source],Poor Man's Search Engine,application/query source,Thulasidharreddy/task-service,1,0,0,0.000000,0.000000,
Poor Man's Search Engine [application/query source],Poor Man's Search Engine,application/query source,Tiltuem/tinkoff-java-course-2024,9,0,0,0.000000,0.000000,
Poor Man's Search Engine [application/query source],Poor Man's Search Engine,application/query source,TivM/Tinkoff-Project,6,0,0,0.000000,0.000000,
Poor Man's Search Engine [application/query source],Poor Man's Search Engine,application/query source,Tosin-dotcom/notez-backend,5,1,1,20.000000,20.000000,1.000000
Poor Man's Search Engine [application/query source],Poor Man's Search Engine,application/query source,TovarischZhukov/jooq_example,12,0,0,0.000000,0.000000,
Poor Man's Search Engine [application/query source],Poor Man's Search Engine,application/query source,TranNgocKhoa/play-framework-java-jooq-example,11,0,0,0.000000,0.000000,
Poor Man's Search Engine [application/query source],Poor Man's Search Engine,application/query source,TunixR/HarmonyAPI,64,9,2,3.125000,14.062500,4.500000
Poor Man's Search Engine [application/query source],Poor Man's Search Engine,application/query source,UKEIAM/de.uke.iam.parkinson_on_fhir,5,0,0,0.000000,0.000000,
Poor Man's Search Engine [application/query source],Poor Man's Search Engine,application/query source,UniCodeProjects/AmusementParkDB,59,17,11,18.644068,28.813559,1.545455
Poor Man's Search Engine [application/query source],Poor Man's Search Engine,application/query source,Unite-Organisation/Unite,93,0,0,0.000000,0.000000,
Poor Man's Search Engine [application/query source],Poor Man's Search Engine,application/query source,VadymOselskyi/airlines-booking,34,0,0,0.000000,0.000000,
Poor Man's Search Engine [application/query source],Poor Man's Search Engine,application/query source,VictorGalkevich/LinkScrapper,8,0,0,0.000000,0.000000,
Poor Man's Search Engine [application/query source],Poor Man's Search Engine,application/query source,ViktoriaGub/Object-oriented-programming-systems,3,0,0,0.000000,0.000000,
Poor Man's Search Engine [application/query source],Poor Man's Search Engine,application/query source,VladimirMorozov/orm-playground,11,6,1,9.090909,54.545455,6.000000
Poor Man's Search Engine [application/query source],Poor Man's Search Engine,application/query source,VoroninEgor/TgBot-LinkTracker,5,0,0,0.000000,0.000000,
Poor Man's Search Engine [application/query source],Poor Man's Search Engine,application/query source,Wani4ka/tcs-edu-task,6,0,0,0.000000,0.000000,
Poor Man's Search Engine [application/query source],Poor Man's Search Engine,application/query source,WolfOfBad/TinkoffJavaCourse2024,5,0,0,0.000000,0.000000,
Poor Man's Search Engine [application/query source],Poor Man's Search Engine,application/query source,YaroslavChetskiy/tinkoff_course_backend_part,11,0,0,0.000000,0.000000,
Poor Man's Search Engine [application/query source],Poor Man's Search Engine,application/query source,Yer12/tastamat,18,0,0,0.000000,0.000000,
Poor Man's Search Engine [application/query source],Poor Man's Search Engine,application/query source,YuliaKrav/WebContentUpdateService,4,0,0,0.000000,0.000000,
Poor Man's Search Engine [application/query source],Poor Man's Search Engine,application/query source,Yuno-obsessed/jodrive,17,2,2,11.764706,11.764706,1.000000
Poor Man's Search Engine [application/query source],Poor Man's Search Engine,application/query source,ZanottiMatteo/BGTransports,16,0,0,0.000000,0.000000,
Poor Man's Search Engine [application/query source],Poor Man's Search Engine,application/query source,ZebdaYacine/demofx,4,0,0,0.000000,0.000000,
Poor Man's Search Engine [application/query source],Poor Man's Search Engine,application/query source,ZsgsDesign/openvsx,5,0,0,0.000000,0.000000,
Poor Man's Search Engine [application/query source],Poor Man's Search Engine,application/query source,ZwierzchowskiM/Client-Server,4,0,0,0.000000,0.000000,
Poor Man's Search Engine [application/query source],Poor Man's Search Engine,application/query source,aabarmin/telegram-bots,3,0,0,0.000000,0.000000,
Poor Man's Search Engine [application/query source],Poor Man's Search Engine,application/query source,aahlenst/jOOQ-mcve-json-quoting,7,0,0,0.000000,0.000000,
Poor Man's Search Engine [application/query source],Poor Man's Search Engine,application/query source,aceton41k/java-test-framework,4,0,0,0.000000,0.000000,
Poor Man's Search Engine [application/query source],Poor Man's Search Engine,application/query source,activej/activej,23,0,0,0.000000,0.000000,
Poor Man's Search Engine [application/query source],Poor Man's Search Engine,application/query source,aerius/emission-service,7,1,1,14.285714,14.285714,1.000000
Poor Man's Search Engine [application/query source],Poor Man's Search Engine,application/query source,agibalov/java-library-experiments,8,0,0,0.000000,0.000000,
Poor Man's Search Engine [application/query source],Poor Man's Search Engine,application/query source,akozitsin-hh/hh-jooq-intro,5,0,0,0.000000,0.000000,
Poor Man's Search Engine [application/query source],Poor Man's Search Engine,application/query source,aleckbb/tracking-bot,5,0,0,0.000000,0.000000,
Poor Man's Search Engine [application/query source],Poor Man's Search Engine,application/query source,aleksseii/TradingOperations,9,0,0,0.000000,0.000000,
Poor Man's Search Engine [application/query source],Poor Man's Search Engine,application/query source,alexxiuccia/TrackMe,12,0,0,0.000000,0.000000,
Poor Man's Search Engine [application/query source],Poor Man's Search Engine,application/query source,alipay/container-auto-tune,150,0,0,0.000000,0.000000,
Poor Man's Search Engine [application/query source],Poor Man's Search Engine,application/query source,alpa011235/sandbox,5,0,0,0.000000,0.000000,
Poor Man's Search Engine [application/query source],Poor Man's Search Engine,application/query source,altusea/wpg,5,0,0,0.000000,0.000000,
Poor Man's Search Engine [application/query source],Poor Man's Search Engine,application/query source,alvin-qh/study-java,34,0,0,0.000000,0.000000,
Poor Man's Search Engine [application/query source],Poor Man's Search Engine,application/query source,amalrajvinoth/jooq-optimistic-locking,3,0,0,0.000000,0.000000,
Poor Man's Search Engine [application/query source],Poor Man's Search Engine,application/query source,anpol84/java-course-2024,9,0,0,0.000000,0.000000,
Poor Man's Search Engine [application/query source],Poor Man's Search Engine,application/query source,anyamilichenko/soa,9,1,1,11.111111,11.111111,1.000000
Poor Man's Search Engine [application/query source],Poor Man's Search Engine,application/query source,aplygen/j13n-saas,19,3,2,10.526316,15.789474,1.500000
Poor Man's Search Engine [application/query source],Poor Man's Search Engine,application/query source,arhostcode/linktracker,4,0,0,0.000000,0.000000,
Poor Man's Search Engine [application/query source],Poor Man's Search Engine,application/query source,arijit98/RestaurentManagementService,5,0,0,0.000000,0.000000,
Poor Man's Search Engine [application/query source],Poor Man's Search Engine,application/query source,arnaudroger/SimpleFlatMapper,42,0,0,0.000000,0.000000,
Poor Man's Search Engine [application/query source],Poor Man's Search Engine,application/query source,artemius39/java-backend-2024,7,0,0,0.000000,0.000000,
Poor Man's Search Engine [application/query source],Poor Man's Search Engine,application/query source,articles-simbirsoft/JOOQ-use-in-testing,6,0,0,0.000000,0.000000,
Poor Man's Search Engine [application/query source],Poor Man's Search Engine,application/query source,artseroff/link-tracker,8,0,0,0.000000,0.000000,
Poor Man's Search Engine [application/query source],Poor Man's Search Engine,application/query source,atolcd/sdis-remocra,148,16,10,6.756757,10.810811,1.600000
Poor Man's Search Engine [application/query source],Poor Man's Search Engine,application/query source,atomfrede/javaland-2022-karate-workshop,2,0,0,0.000000,0.000000,
Poor Man's Search Engine [application/query source],Poor Man's Search Engine,application/query source,auliardana/Java-orm-jooq,2,0,0,0.000000,0.000000,
Poor Man's Search Engine [application/query source],Poor Man's Search Engine,application/query source,averbraeck/gamedata-common,2,0,0,0.000000,0.000000,
Poor Man's Search Engine [application/query source],Poor Man's Search Engine,application/query source,averbraeck/housinggame-common,7,0,0,0.000000,0.000000,
Poor Man's Search Engine [application/query source],Poor Man's Search Engine,application/query source,averbraeck/trustgame,12,0,0,0.000000,0.000000,
Poor Man's Search Engine [application/query source],Poor Man's Search Engine,application/query source,averbraeck/trustgame-register,2,0,0,0.000000,0.000000,
Poor Man's Search Engine [application/query source],Poor Man's Search Engine,application/query source,averbraeck/trustgame-scores,4,0,0,0.000000,0.000000,
Poor Man's Search Engine [application/query source],Poor Man's Search Engine,application/query source,aws-observability/aws-otel-playground,1,0,0,0.000000,0.000000,
Poor Man's Search Engine [application/query source],Poor Man's Search Engine,application/query source,aytdm/study,2,0,0,0.000000,0.000000,
Poor Man's Search Engine [application/query source],Poor Man's Search Engine,application/query source,badgerwithagun/async-all-the-way-down,6,0,0,0.000000,0.000000,
Poor Man's Search Engine [application/query source],Poor Man's Search Engine,application/query source,balazskrizsan/stackjudge_aws_java,3,0,0,0.000000,0.000000,
Poor Man's Search Engine [application/query source],Poor Man's Search Engine,application/query source,beargiles/youtube-dojo,8,0,0,0.000000,0.000000,
Poor Man's Search Engine [application/query source],Poor Man's Search Engine,application/query source,bennofs/wdumper,6,0,0,0.000000,0.000000,
Poor Man's Search Engine [application/query source],Poor Man's Search Engine,application/query source,bharat-chaudhari-0302/spring-jooq-gradle-plugin,5,2,1,20.000000,40.000000,2.000000
Poor Man's Search Engine [application/query source],Poor Man's Search Engine,application/query source,bifidok/TinkoffBackend,12,0,0,0.000000,0.000000,
Poor Man's Search Engine [application/query source],Poor Man's Search Engine,application/query source,bigseized/TinkoffCourseJava2024,6,0,0,0.000000,0.000000,
Poor Man's Search Engine [application/query source],Poor Man's Search Engine,application/query source,blueoceandevops/fleet-spring-boot,3,0,0,0.000000,0.000000,
Poor Man's Search Engine [application/query source],Poor Man's Search Engine,application/query source,boogiespook/waltz-test,698,14,10,1.432665,2.005731,1.400000
Poor Man's Search Engine [application/query source],Poor Man's Search Engine,application/query source,boomzin/dbservice,20,3,2,10.000000,15.000000,1.500000
Poor Man's Search Engine [application/query source],Poor Man's Search Engine,application/query source,bootique-examples/bootique-jooq-examples,1,0,0,0.000000,0.000000,
Poor Man's Search Engine [application/query source],Poor Man's Search Engine,application/query source,borjom1/cloud-nest,42,1,1,2.380952,2.380952,1.000000
Poor Man's Search Engine [application/query source],Poor Man's Search Engine,application/query source,brianbcampbell/z_beast-product-catalog,3,0,0,0.000000,0.000000,
Poor Man's Search Engine [application/query source],Poor Man's Search Engine,application/query source,brody-0125/The-Joy-Of-Java,2,0,0,0.000000,0.000000,
Poor Man's Search Engine [application/query source],Poor Man's Search Engine,application/query source,bsi-software/ScoutJooq,104,0,0,0.000000,0.000000,
Poor Man's Search Engine [application/query source],Poor Man's Search Engine,application/query source,btpka3/btpka3.github.com,10,7,1,10.000000,70.000000,7.000000
Poor Man's Search Engine [application/query source],Poor Man's Search Engine,application/query source,buster/acmemusic,4,0,0,0.000000,0.000000,
Poor Man's Search Engine [application/query source],Poor Man's Search Engine,application/query source,c00ler/transfer-service,6,0,0,0.000000,0.000000,
Poor Man's Search Engine [application/query source],Poor Man's Search Engine,application/query source,cardano-foundation/cardano-rosetta-java,10,5,2,20.000000,50.000000,2.500000
Poor Man's Search Engine [application/query source],Poor Man's Search Engine,application/query source,catsloveme/telegram-bot,5,0,0,0.000000,0.000000,
Poor Man's Search Engine [application/query source],Poor Man's Search Engine,application/query source,chriswininger/ai-document-query-system,7,0,0,0.000000,0.000000,
Poor Man's Search Engine [application/query source],Poor Man's Search Engine,application/query source,clearflask/clearflask,16,4,4,25.000000,25.000000,1.000000
Poor Man's Search Engine [application/query source],Poor Man's Search Engine,application/query source,cn-src/snippets-java,24,0,0,0.000000,0.000000,
Poor Man's Search Engine [application/query source],Poor Man's Search Engine,application/query source,coduction/famulex,15,5,5,33.333333,33.333333,1.000000
Poor Man's Search Engine [application/query source],Poor Man's Search Engine,application/query source,constZhur/tinkoff-backend-course-2024,6,0,0,0.000000,0.000000,
Poor Man's Search Engine [application/query source],Poor Man's Search Engine,application/query source,cooder-org/jooq-mate,9,0,0,0.000000,0.000000,
Poor Man's Search Engine [application/query source],Poor Man's Search Engine,application/query source,corradomio/java_projects,80,0,0,0.000000,0.000000,
Poor Man's Search Engine [application/query source],Poor Man's Search Engine,application/query source,crate/cratedb-examples,4,0,0,0.000000,0.000000,
Poor Man's Search Engine [application/query source],Poor Man's Search Engine,application/query source,crick77/usrbilancio,51,4,4,7.843137,7.843137,1.000000
Poor Man's Search Engine [application/query source],Poor Man's Search Engine,application/query source,crunchykillah/rest_api_springmvc,6,0,0,0.000000,0.000000,
Poor Man's Search Engine [application/query source],Poor Man's Search Engine,application/query source,cyberpunkoff/tracktor,4,0,0,0.000000,0.000000,
Poor Man's Search Engine [application/query source],Poor Man's Search Engine,application/query source,cycastic-cumberland/libmanage-backend,15,4,4,26.666667,26.666667,1.000000
Poor Man's Search Engine [application/query source],Poor Man's Search Engine,application/query source,danmofo/fitness-tracker-app,11,0,0,0.000000,0.000000,
Poor Man's Search Engine [application/query source],Poor Man's Search Engine,application/query source,dbist/cockroach-docker,5,0,0,0.000000,0.000000,
Poor Man's Search Engine [application/query source],Poor Man's Search Engine,application/query source,deepakborania/revolut-backend-task,14,0,0,0.000000,0.000000,
Poor Man's Search Engine [application/query source],Poor Man's Search Engine,application/query source,dehasi/ppp-of-ddd,5,0,0,0.000000,0.000000,
Poor Man's Search Engine [application/query source],Poor Man's Search Engine,application/query source,derabbink/sws2,2,0,0,0.000000,0.000000,
Poor Man's Search Engine [application/query source],Poor Man's Search Engine,application/query source,devstronomy/nasa-data-scraper,1,0,0,0.000000,0.000000,
Poor Man's Search Engine [application/query source],Poor Man's Search Engine,application/query source,dianainya/platform-backend,26,2,2,7.692308,7.692308,1.000000
Poor Man's Search Engine [application/query source],Poor Man's Search Engine,application/query source,diocorrea/imagewrapper,3,0,0,0.000000,0.000000,
Poor Man's Search Engine [application/query source],Poor Man's Search Engine,application/query source,djma/play-stack,5,0,0,0.000000,0.000000,
Poor Man's Search Engine [application/query source],Poor Man's Search Engine,application/query source,dndanoff/spring-boot-unit-integration-test-example,2,0,0,0.000000,0.000000,
Poor Man's Search Engine [application/query source],Poor Man's Search Engine,application/query source,dominikjaniga91/system-design-interview-projects,4,0,0,0.000000,0.000000,
Poor Man's Search Engine [application/query source],Poor Man's Search Engine,application/query source,dreamPis/oauth,14,0,0,0.000000,0.000000,
Poor Man's Search Engine [application/query source],Poor Man's Search Engine,application/query source,dzorbey/order-scheduling,2,0,0,0.000000,0.000000,
Poor Man's Search Engine [application/query source],Poor Man's Search Engine,application/query source,easkarov/repo-caretaker,5,0,0,0.000000,0.000000,
Poor Man's Search Engine [application/query source],Poor Man's Search Engine,application/query source,ebi-gene-expression-group/annotare2,1,0,0,0.000000,0.000000,
Poor Man's Search Engine [application/query source],Poor Man's Search Engine,application/query source,eclipse-scout/scout.rt,37,2,1,2.702703,5.405405,2.000000
Poor Man's Search Engine [application/query source],Poor Man's Search Engine,application/query source,eclipse/openvsx,10,0,0,0.000000,0.000000,
Poor Man's Search Engine [application/query source],Poor Man's Search Engine,application/query source,ehrbase/migration-tool,26,0,0,0.000000,0.000000,
Poor Man's Search Engine [application/query source],Poor Man's Search Engine,application/query source,ekgreen/star-boot,17,0,0,0.000000,0.000000,
Poor Man's Search Engine [application/query source],Poor Man's Search Engine,application/query source,ekruptsov/jooq-retrofit-crud-poc,2,0,0,0.000000,0.000000,
Poor Man's Search Engine [application/query source],Poor Man's Search Engine,application/query source,elwin013/todoapp-multitenancy,5,0,0,0.000000,0.000000,
Poor Man's Search Engine [application/query source],Poor Man's Search Engine,application/query source,emapfff/Link-Tracker,7,0,0,0.000000,0.000000,
Poor Man's Search Engine [application/query source],Poor Man's Search Engine,application/query source,ericdriggs/reportcard,68,1,1,1.470588,1.470588,1.000000
Poor Man's Search Engine [application/query source],Poor Man's Search Engine,application/query source,eterny13/url-shortener,1,0,0,0.000000,0.000000,
Poor Man's Search Engine [application/query source],Poor Man's Search Engine,application/query source,evagalyuta/services-city-discover,16,1,1,6.250000,6.250000,1.000000
Poor Man's Search Engine [application/query source],Poor Man's Search Engine,application/query source,eziomou/library-backend,23,4,3,13.043478,17.391304,1.333333
Poor Man's Search Engine [application/query source],Poor Man's Search Engine,application/query source,f-uni/Quizzy,10,0,0,0.000000,0.000000,
Poor Man's Search Engine [application/query source],Poor Man's Search Engine,application/query source,fantj2016/springboot-integration,2,0,0,0.000000,0.000000,
Poor Man's Search Engine [application/query source],Poor Man's Search Engine,application/query source,fasten-project/fasten,56,2,2,3.571429,3.571429,1.000000
Poor Man's Search Engine [application/query source],Poor Man's Search Engine,application/query source,fatihcatalkaya/poker-tracker,2,0,0,0.000000,0.000000,
Poor Man's Search Engine [application/query source],Poor Man's Search Engine,application/query source,fedemaleh/chess-challenge-java-1,4,0,0,0.000000,0.000000,
Poor Man's Search Engine [application/query source],Poor Man's Search Engine,application/query source,filipegar/killbill-getnet,4,0,0,0.000000,0.000000,
Poor Man's Search Engine [application/query source],Poor Man's Search Engine,application/query source,fishedee/Demo,15,0,0,0.000000,0.000000,
Poor Man's Search Engine [application/query source],Poor Man's Search Engine,application/query source,fuma-nama/U3-Server,15,1,1,6.666667,6.666667,1.000000
Poor Man's Search Engine [application/query source],Poor Man's Search Engine,application/query source,gchq/stroom,136,11,6,4.411765,8.088235,1.833333
Poor Man's Search Engine [application/query source],Poor Man's Search Engine,application/query source,gchq/stroom-auth,10,6,2,20.000000,60.000000,3.000000
Poor Man's Search Engine [application/query source],Poor Man's Search Engine,application/query source,ge1up/healthy-calories_by_spring,9,0,0,0.000000,0.000000,
Poor Man's Search Engine [application/query source],Poor Man's Search Engine,application/query source,gekoramy/uni.web,42,8,5,11.904762,19.047619,1.600000
Poor Man's Search Engine [application/query source],Poor Man's Search Engine,application/query source,genenakagaki/ddd-sample,2,0,0,0.000000,0.000000,
Poor Man's Search Engine [application/query source],Poor Man's Search Engine,application/query source,germinateplatform/gatekeeper-server,24,5,5,20.833333,20.833333,1.000000
Poor Man's Search Engine [application/query source],Poor Man's Search Engine,application/query source,gilbertlim/jooq,21,3,2,9.523810,14.285714,1.500000
Poor Man's Search Engine [application/query source],Poor Man's Search Engine,application/query source,giovene44/Cinemanager_Software_Engineering_project,33,2,1,3.030303,6.060606,2.000000
Poor Man's Search Engine [application/query source],Poor Man's Search Engine,application/query source,glassbell/bp-keeper,2,0,0,0.000000,0.000000,
Poor Man's Search Engine [application/query source],Poor Man's Search Engine,application/query source,glockyco/Teralizer,41,0,0,0.000000,0.000000,
Poor Man's Search Engine [application/query source],Poor Man's Search Engine,application/query source,gmoon92/toy,10,0,0,0.000000,0.000000,
Poor Man's Search Engine [application/query source],Poor Man's Search Engine,application/query source,gonzo1138/jOOQinSpring-basics,2,0,0,0.000000,0.000000,
Poor Man's Search Engine [application/query source],Poor Man's Search Engine,application/query source,gourmetgate/gourmetgate,18,2,1,5.555556,11.111111,2.000000
Poor Man's Search Engine [application/query source],Poor Man's Search Engine,application/query source,graphql-java/graphql-java-db-example,2,0,0,0.000000,0.000000,
Poor Man's Search Engine [application/query source],Poor Man's Search Engine,application/query source,h8/gradle-jooq-example,2,0,0,0.000000,0.000000,
Poor Man's Search Engine [application/query source],Poor Man's Search Engine,application/query source,hashgraph/hedera-hcs-erc721-sample,10,0,0,0.000000,0.000000,
Poor Man's Search Engine [application/query source],Poor Man's Search Engine,application/query source,haumacher/wizard-game,1,0,0,0.000000,0.000000,
Poor Man's Search Engine [application/query source],Poor Man's Search Engine,application/query source,hevan/agri-cloud,33,24,20,60.606061,72.727273,1.200000
Poor Man's Search Engine [application/query source],Poor Man's Search Engine,application/query source,hiddenswitch/Spellsource,33,0,0,0.000000,0.000000,
Poor Man's Search Engine [application/query source],Poor Man's Search Engine,application/query source,hieplp/recipe-platform,22,0,0,0.000000,0.000000,
Poor Man's Search Engine [application/query source],Poor Man's Search Engine,application/query source,hieplp/vinorsoft-hometest,14,1,1,7.142857,7.142857,1.000000
Poor Man's Search Engine [application/query source],Poor Man's Search Engine,application/query source,highloadmipt/expensewriter,2,0,0,0.000000,0.000000,
Poor Man's Search Engine [application/query source],Poor Man's Search Engine,application/query source,hpple/revolut-backend-test,6,0,0,0.000000,0.000000,
Poor Man's Search Engine [application/query source],Poor Man's Search Engine,application/query source,huruiyi/books-source,32,0,0,0.000000,0.000000,
Poor Man's Search Engine [application/query source],Poor Man's Search Engine,application/query source,hyt-sasaki/SpringBootMicroServiceTutorial,2,0,0,0.000000,0.000000,
Poor Man's Search Engine [application/query source],Poor Man's Search Engine,application/query source,icefery/demo.icefery.xyz,1,0,0,0.000000,0.000000,
Poor Man's Search Engine [application/query source],Poor Man's Search Engine,application/query source,itboy87/quarkus-ext-jooq,9,0,0,0.000000,0.000000,
Poor Man's Search Engine [application/query source],Poor Man's Search Engine,application/query source,iyunbo/stackoverflow,1,0,0,0.000000,0.000000,
Poor Man's Search Engine [application/query source],Poor Man's Search Engine,application/query source,jOOQ/demo,37,0,0,0.000000,0.000000,
Poor Man's Search Engine [application/query source],Poor Man's Search Engine,application/query source,jOOQ/jOOQ-mcve,7,0,0,0.000000,0.000000,
Poor Man's Search Engine [application/query source],Poor Man's Search Engine,application/query source,jackbergus/java_logicalconsistency,31,0,0,0.000000,0.000000,
Poor Man's Search Engine [application/query source],Poor Man's Search Engine,application/query source,jasondlee/quarkus-dev-service-full-example,3,0,0,0.000000,0.000000,
Poor Man's Search Engine [application/query source],Poor Man's Search Engine,application/query source,jasontran320/texera_compose,32,0,0,0.000000,0.000000,
Poor Man's Search Engine [application/query source],Poor Man's Search Engine,application/query source,jefberpe/restful-demo,6,0,0,0.000000,0.000000,
Poor Man's Search Engine [application/query source],Poor Man's Search Engine,application/query source,jehugaleahsa/javalin-mvc-starter,2,0,0,0.000000,0.000000,
Poor Man's Search Engine [application/query source],Poor Man's Search Engine,application/query source,jiangtj-lab/jooq-and-flyway,4,0,0,0.000000,0.000000,
Poor Man's Search Engine [application/query source],Poor Man's Search Engine,application/query source,jiangtj/jc-platform,9,0,0,0.000000,0.000000,
Poor Man's Search Engine [application/query source],Poor Man's Search Engine,application/query source,jiangtj/jmicro,27,0,0,0.000000,0.000000,
Poor Man's Search Engine [application/query source],Poor Man's Search Engine,application/query source,jkingster/Tickster,11,0,0,0.000000,0.000000,
Poor Man's Search Engine [application/query source],Poor Man's Search Engine,application/query source,jklingsporn/vertx-jooq,204,2,2,0.980392,0.980392,1.000000
Poor Man's Search Engine [application/query source],Poor Man's Search Engine,application/query source,jmingu/petcrown-backend,17,6,3,17.647059,35.294118,2.000000
Poor Man's Search Engine [application/query source],Poor Man's Search Engine,application/query source,joaoseidel/MussCraft,2,0,0,0.000000,0.000000,
Poor Man's Search Engine [application/query source],Poor Man's Search Engine,application/query source,joostvdg/cmg-analytics,1,0,0,0.000000,0.000000,
Poor Man's Search Engine [application/query source],Poor Man's Search Engine,application/query source,jordanamr/Divarena-old,7,0,0,0.000000,0.000000,
Poor Man's Search Engine [application/query source],Poor Man's Search Engine,application/query source,jsflzhong/cjSpringboot-demo,5,0,0,0.000000,0.000000,
Poor Man's Search Engine [application/query source],Poor Man's Search Engine,application/query source,juanhaugaard/H2-sakila,6,0,0,0.000000,0.000000,
Poor Man's Search Engine [application/query source],Poor Man's Search Engine,application/query source,jubicoy/easymapper,14,0,0,0.000000,0.000000,
Poor Man's Search Engine [application/query source],Poor Man's Search Engine,application/query source,justhecool/SmallWorlds-Forever,26,9,4,15.384615,34.615385,2.250000
Poor Man's Search Engine [application/query source],Poor Man's Search Engine,application/query source,justmasyan/vkhomeworks,16,0,0,0.000000,0.000000,
Poor Man's Search Engine [application/query source],Poor Man's Search Engine,application/query source,k0patych1/java-course-2023-s2,6,0,0,0.000000,0.000000,
Poor Man's Search Engine [application/query source],Poor Man's Search Engine,application/query source,k55k32/learn-jooq,59,0,0,0.000000,0.000000,
Poor Man's Search Engine [application/query source],Poor Man's Search Engine,application/query source,kaeru61/chat_app,3,0,0,0.000000,0.000000,
Poor Man's Search Engine [application/query source],Poor Man's Search Engine,application/query source,kamarkaka/app-updater,3,0,0,0.000000,0.000000,
Poor Man's Search Engine [application/query source],Poor Man's Search Engine,application/query source,kamil-sita/labelle,49,5,2,4.081633,10.204082,2.500000
Poor Man's Search Engine [application/query source],Poor Man's Search Engine,application/query source,kanki6315/racing-analysis,15,1,1,6.666667,6.666667,1.000000
Poor Man's Search Engine [application/query source],Poor Man's Search Engine,application/query source,kappsegla/databaseprojects,1,0,0,0.000000,0.000000,
Poor Man's Search Engine [application/query source],Poor Man's Search Engine,application/query source,keeleinstituut/ekilex,83,31,14,16.867470,37.349398,2.214286
Poor Man's Search Engine [application/query source],Poor Man's Search Engine,application/query source,kehuka11/graphql_sample,4,0,0,0.000000,0.000000,
Poor Man's Search Engine [application/query source],Poor Man's Search Engine,application/query source,khanactl/mcorpus,16,2,2,12.500000,12.500000,1.000000
Poor Man's Search Engine [application/query source],Poor Man's Search Engine,application/query source,khanhduy-14/pro-todolist-java,6,1,1,16.666667,16.666667,1.000000
Poor Man's Search Engine [application/query source],Poor Man's Search Engine,application/query source,killbill/killbill-stripe-plugin,6,0,0,0.000000,0.000000,
Poor Man's Search Engine [application/query source],Poor Man's Search Engine,application/query source,kkaravitis/pricing-api,3,0,0,0.000000,0.000000,
Poor Man's Search Engine [application/query source],Poor Man's Search Engine,application/query source,kmaximk/Link-tracker-bot,5,0,0,0.000000,0.000000,
Poor Man's Search Engine [application/query source],Poor Man's Search Engine,application/query source,kozakto/ContactManager,1,0,0,0.000000,0.000000,
Poor Man's Search Engine [application/query source],Poor Man's Search Engine,application/query source,krivonosovti/LinktrackerLast,6,0,0,0.000000,0.000000,
Poor Man's Search Engine [application/query source],Poor Man's Search Engine,application/query source,krupnoveo/Link-Tracker,6,0,0,0.000000,0.000000,
Poor Man's Search Engine [application/query source],Poor Man's Search Engine,application/query source,kryakobess/TinkoffBackendCourse,5,0,0,0.000000,0.000000,
Poor Man's Search Engine [application/query source],Poor Man's Search Engine,application/query source,ksamorodov/SpringAuth,1,0,0,0.000000,0.000000,
Poor Man's Search Engine [application/query source],Poor Man's Search Engine,application/query source,ksamorodov/corset,1,0,0,0.000000,0.000000,
Poor Man's Search Engine [application/query source],Poor Man's Search Engine,application/query source,kushtrimh/tomorr,14,0,0,0.000000,0.000000,
Poor Man's Search Engine [application/query source],Poor Man's Search Engine,application/query source,labinochka/semester-work-agona,4,0,0,0.000000,0.000000,
Poor Man's Search Engine [application/query source],Poor Man's Search Engine,application/query source,lahraye/farm-collector-task,1,0,0,0.000000,0.000000,
Poor Man's Search Engine [application/query source],Poor Man's Search Engine,application/query source,lamarios/mmath,8,2,1,12.500000,25.000000,2.000000
Poor Man's Search Engine [application/query source],Poor Man's Search Engine,application/query source,lelup24/blog,10,0,0,0.000000,0.000000,
Poor Man's Search Engine [application/query source],Poor Man's Search Engine,application/query source,lelup24/spring-boot-websocket,6,0,0,0.000000,0.000000,
Poor Man's Search Engine [application/query source],Poor Man's Search Engine,application/query source,leoiii12/csci3170-project,5,0,0,0.000000,0.000000,
Poor Man's Search Engine [application/query source],Poor Man's Search Engine,application/query source,leoleelwl/springboot_jooq_flyway,3,0,0,0.000000,0.000000,
Poor Man's Search Engine [application/query source],Poor Man's Search Engine,application/query source,lesam19092/Tinkoff_first_project,4,0,0,0.000000,0.000000,
Poor Man's Search Engine [application/query source],Poor Man's Search Engine,application/query source,letPeace/VK-homework-6,8,0,0,0.000000,0.000000,
Poor Man's Search Engine [application/query source],Poor Man's Search Engine,application/query source,lightningdevkit/vss-server,3,0,0,0.000000,0.000000,
Poor Man's Search Engine [application/query source],Poor Man's Search Engine,application/query source,liljarn/tinkoffCourseJava2024,8,0,0,0.000000,0.000000,
Poor Man's Search Engine [application/query source],Poor Man's Search Engine,application/query source,lin-mt/spring-boot,6,0,0,0.000000,0.000000,
Poor Man's Search Engine [application/query source],Poor Man's Search Engine,application/query source,linux-china/jooq-demo,8,0,0,0.000000,0.000000,
Poor Man's Search Engine [application/query source],Poor Man's Search Engine,application/query source,liuyueyi/spring-boot-demo,10,1,1,10.000000,10.000000,1.000000
Poor Man's Search Engine [application/query source],Poor Man's Search Engine,application/query source,liuzheming/merchant-feecal-mvp,29,0,0,0.000000,0.000000,
Poor Man's Search Engine [application/query source],Poor Man's Search Engine,application/query source,ljk0071/side-project-back,14,6,2,14.285714,42.857143,3.000000
Poor Man's Search Engine [application/query source],Poor Man's Search Engine,application/query source,lsfoster64/gymhelper,3,0,0,0.000000,0.000000,
Poor Man's Search Engine [application/query source],Poor Man's Search Engine,application/query source,lsn03/java-2023-backend-second-semester,8,0,0,0.000000,0.000000,
Poor Man's Search Engine [application/query source],Poor Man's Search Engine,application/query source,lwbeamer/tinkoff-course,5,0,0,0.000000,0.000000,
Poor Man's Search Engine [application/query source],Poor Man's Search Engine,application/query source,lzbkln/java-course-tinkoff-spring-2024,11,0,0,0.000000,0.000000,
Poor Man's Search Engine [application/query source],Poor Man's Search Engine,application/query source,lzj09/sw-jooq,3,0,0,0.000000,0.000000,
Poor Man's Search Engine [application/query source],Poor Man's Search Engine,application/query source,magicswissweed/MagicSwissWeed2.0,12,0,0,0.000000,0.000000,
Poor Man's Search Engine [application/query source],Poor Man's Search Engine,application/query source,makeitfine-org/mif,8,0,0,0.000000,0.000000,
Poor Man's Search Engine [application/query source],Poor Man's Search Engine,application/query source,maksmolchdmitr/tinkoffLinkUpdater,6,0,0,0.000000,0.000000,
Poor Man's Search Engine [application/query source],Poor Man's Search Engine,application/query source,marcato10/manaca-framework,3,0,0,0.000000,0.000000,
Poor Man's Search Engine [application/query source],Poor Man's Search Engine,application/query source,marijarin/tin_back_hws,5,0,0,0.000000,0.000000,
Poor Man's Search Engine [application/query source],Poor Man's Search Engine,application/query source,marlind89/kensa,5,0,0,0.000000,0.000000,
Poor Man's Search Engine [application/query source],Poor Man's Search Engine,application/query source,martynovvladislav/tinkoff-java-backend-course-2024,12,0,0,0.000000,0.000000,
Poor Man's Search Engine [application/query source],Poor Man's Search Engine,application/query source,matco/hotspot-api,11,2,2,18.181818,18.181818,1.000000
Poor Man's Search Engine [application/query source],Poor Man's Search Engine,application/query source,matuolis/financial-analysis-be,8,0,0,0.000000,0.000000,
Poor Man's Search Engine [application/query source],Poor Man's Search Engine,application/query source,matuolis/vehicle-marketplace-be,9,0,0,0.000000,0.000000,
Poor Man's Search Engine [application/query source],Poor Man's Search Engine,application/query source,maximister/LinkTrackerBot,5,0,0,0.000000,0.000000,
Poor Man's Search Engine [application/query source],Poor Man's Search Engine,application/query source,mbto/eatlog,32,0,0,0.000000,0.000000,
Poor Man's Search Engine [application/query source],Poor Man's Search Engine,application/query source,mbto/funnyranks,46,0,0,0.000000,0.000000,
Poor Man's Search Engine [application/query source],Poor Man's Search Engine,application/query source,mehdikeshani/MyFasten,57,2,2,3.508772,3.508772,1.000000
Poor Man's Search Engine [application/query source],Poor Man's Search Engine,application/query source,merlimmateus/vidsummize,1,0,0,0.000000,0.000000,
Poor Man's Search Engine [application/query source],Poor Man's Search Engine,application/query source,metaloom/loom,33,0,0,0.000000,0.000000,
Poor Man's Search Engine [application/query source],Poor Man's Search Engine,application/query source,migibert/embro,8,0,0,0.000000,0.000000,
Poor Man's Search Engine [application/query source],Poor Man's Search Engine,application/query source,miguelperezcolom/mateu-article-2,15,2,2,13.333333,13.333333,1.000000
Poor Man's Search Engine [application/query source],Poor Man's Search Engine,application/query source,mikerasch/dal,7,0,0,0.000000,0.000000,
Poor Man's Search Engine [application/query source],Poor Man's Search Engine,application/query source,mingtiangg/LTG,36,0,0,0.000000,0.000000,
Poor Man's Search Engine [application/query source],Poor Man's Search Engine,application/query source,mini-crm/mini-crm,8,0,0,0.000000,0.000000,
Poor Man's Search Engine [application/query source],Poor Man's Search Engine,application/query source,mistresssfilth/HM8,2,0,0,0.000000,0.000000,
Poor Man's Search Engine [application/query source],Poor Man's Search Engine,application/query source,mochegov/rock-paper-scissors,5,0,0,0.000000,0.000000,
Poor Man's Search Engine [application/query source],Poor Man's Search Engine,application/query source,modlix-india/nocode-saas,429,5,3,0.699301,1.165501,1.666667
Poor Man's Search Engine [application/query source],Poor Man's Search Engine,application/query source,mullerhai/mysql-modeldb,61,0,0,0.000000,0.000000,
Poor Man's Search Engine [application/query source],Poor Man's Search Engine,application/query source,murl-digital/squier,2,0,0,0.000000,0.000000,
Poor Man's Search Engine [application/query source],Poor Man's Search Engine,application/query source,mwilkins91/mythology-v2,4,0,0,0.000000,0.000000,
Poor Man's Search Engine [application/query source],Poor Man's Search Engine,application/query source,my1exp/YC_Pay,10,0,0,0.000000,0.000000,
Poor Man's Search Engine [application/query source],Poor Man's Search Engine,application/query source,mytakedotorg/mtdo,31,0,0,0.000000,0.000000,
Poor Man's Search Engine [application/query source],Poor Man's Search Engine,application/query source,nameishari/money-transfer-service,4,0,0,0.000000,0.000000,
Poor Man's Search Engine [application/query source],Poor Man's Search Engine,application/query source,navikt/veilarblest,4,0,0,0.000000,0.000000,
Poor Man's Search Engine [application/query source],Poor Man's Search Engine,application/query source,neptunejing/SkillUp-Ecom-Plat,8,0,0,0.000000,0.000000,
Poor Man's Search Engine [application/query source],Poor Man's Search Engine,application/query source,nianien/jooq-tutorial,20,5,2,10.000000,25.000000,2.500000
Poor Man's Search Engine [application/query source],Poor Man's Search Engine,application/query source,nianien/katana,20,1,1,5.000000,5.000000,1.000000
Poor Man's Search Engine [application/query source],Poor Man's Search Engine,application/query source,nikguscode/HackathonMax,19,0,0,0.000000,0.000000,
Poor Man's Search Engine [application/query source],Poor Man's Search Engine,application/query source,nikolay-klekto/FunScrutContactCenterBot,15,0,0,0.000000,0.000000,
Poor Man's Search Engine [application/query source],Poor Man's Search Engine,application/query source,niranjankhare/SeleniumPageModeller,3,0,0,0.000000,0.000000,
Poor Man's Search Engine [application/query source],Poor Man's Search Engine,application/query source,nocarend/Tinkoff-Edu-Backend-Java,5,0,0,0.000000,0.000000,
Poor Man's Search Engine [application/query source],Poor Man's Search Engine,application/query source,noir2k/speechear,14,0,0,0.000000,0.000000,
Poor Man's Search Engine [application/query source],Poor Man's Search Engine,application/query source,nortal/GovStack-IM-BB-PubSub-Component,31,3,2,6.451613,9.677419,1.500000
Poor Man's Search Engine [application/query source],Poor Man's Search Engine,application/query source,northcoder-repo/jooqSakilaDemo,4,0,0,0.000000,0.000000,
Poor Man's Search Engine [application/query source],Poor Man's Search Engine,application/query source,nuromirzak/tinkoff_academy,8,2,2,25.000000,25.000000,1.000000
Poor Man's Search Engine [application/query source],Poor Man's Search Engine,application/query source,nyh1030/rocketmart-pcweb,17,36,4,23.529412,211.764706,9.000000
Poor Man's Search Engine [application/query source],Poor Man's Search Engine,application/query source,ojhughes/concourse-http-lock-resource,7,0,0,0.000000,0.000000,
Poor Man's Search Engine [application/query source],Poor Man's Search Engine,application/query source,oneops/oneops,2,0,0,0.000000,0.000000,
Poor Man's Search Engine [application/query source],Poor Man's Search Engine,application/query source,oracle/graalvm-reachability-metadata,3,0,0,0.000000,0.000000,
Poor Man's Search Engine [application/query source],Poor Man's Search Engine,application/query source,otto15/ITMO-WEB-LAB3,1,0,0,0.000000,0.000000,
Poor Man's Search Engine [application/query source],Poor Man's Search Engine,application/query source,pawelWielkolinski/SDABetApp,17,1,1,5.882353,5.882353,1.000000
Poor Man's Search Engine [application/query source],Poor Man's Search Engine,application/query source,pedroafonsodias/springboot,5,0,0,0.000000,0.000000,
Poor Man's Search Engine [application/query source],Poor Man's Search Engine,application/query source,pedroermarinho/teach-sync,5,0,0,0.000000,0.000000,
Poor Man's Search Engine [application/query source],Poor Man's Search Engine,application/query source,philosopherstonerush/java-notes,1,0,0,0.000000,0.000000,
Poor Man's Search Engine [application/query source],Poor Man's Search Engine,application/query source,phpbae/JOOQ,3,0,0,0.000000,0.000000,
Poor Man's Search Engine [application/query source],Poor Man's Search Engine,application/query source,picodotdev/blog-ejemplos,31,0,0,0.000000,0.000000,
Poor Man's Search Engine [application/query source],Poor Man's Search Engine,application/query source,poemp/metadata-gather,17,0,0,0.000000,0.000000,
Poor Man's Search Engine [application/query source],Poor Man's Search Engine,application/query source,polytech-attendance/taskbot,4,0,0,0.000000,0.000000,
Poor Man's Search Engine [application/query source],Poor Man's Search Engine,application/query source,ppretki/mysql-spatial-data,3,0,0,0.000000,0.000000,
Poor Man's Search Engine [application/query source],Poor Man's Search Engine,application/query source,pratyush05/trade-app,10,0,0,0.000000,0.000000,
Poor Man's Search Engine [application/query source],Poor Man's Search Engine,application/query source,pro100bat9/tg_chat,7,0,0,0.000000,0.000000,
Poor Man's Search Engine [application/query source],Poor Man's Search Engine,application/query source,propan/tea-buddy,4,0,0,0.000000,0.000000,
Poor Man's Search Engine [application/query source],Poor Man's Search Engine,application/query source,puzink/Wallet,6,0,0,0.000000,0.000000,
Poor Man's Search Engine [application/query source],Poor Man's Search Engine,application/query source,pvkvetkin/trackcontent,4,0,0,0.000000,0.000000,
Poor Man's Search Engine [application/query source],Poor Man's Search Engine,application/query source,pvorb/npm-stat.com,3,0,0,0.000000,0.000000,
Poor Man's Search Engine [application/query source],Poor Man's Search Engine,application/query source,qiao-zhi/springboot-ssm,1,0,0,0.000000,0.000000,
Poor Man's Search Engine [application/query source],Poor Man's Search Engine,application/query source,qimok/sharding-jdbc-test,10,0,0,0.000000,0.000000,
Poor Man's Search Engine [application/query source],Poor Man's Search Engine,application/query source,quarkiverse/quarkus-jooq,12,0,0,0.000000,0.000000,
Poor Man's Search Engine [application/query source],Poor Man's Search Engine,application/query source,quickmsg/smqtt,3,0,0,0.000000,0.000000,
Poor Man's Search Engine [application/query source],Poor Man's Search Engine,application/query source,quinscape/automaton,54,0,0,0.000000,0.000000,
Poor Man's Search Engine [application/query source],Poor Man's Search Engine,application/query source,quinscape/domainql,38,0,0,0.000000,0.000000,
Poor Man's Search Engine [application/query source],Poor Man's Search Engine,application/query source,quinscape/domainqlstarter,9,0,0,0.000000,0.000000,
Poor Man's Search Engine [application/query source],Poor Man's Search Engine,application/query source,r0masaN/PurchaseTask,8,0,0,0.000000,0.000000,
Poor Man's Search Engine [application/query source],Poor Man's Search Engine,application/query source,raissabeccarelli/UniBite,14,0,0,0.000000,0.000000,
Poor Man's Search Engine [application/query source],Poor Man's Search Engine,application/query source,ralscha/attic,108,0,0,0.000000,0.000000,
Poor Man's Search Engine [application/query source],Poor Man's Search Engine,application/query source,ralscha/blog2019,17,1,1,5.882353,5.882353,1.000000
Poor Man's Search Engine [application/query source],Poor Man's Search Engine,application/query source,ralscha/blog2020,2,0,0,0.000000,0.000000,
Poor Man's Search Engine [application/query source],Poor Man's Search Engine,application/query source,ralscha/otodo,19,0,0,0.000000,0.000000,
Poor Man's Search Engine [application/query source],Poor Man's Search Engine,application/query source,ralscha/realworld-spring-boot-jooq,12,0,0,0.000000,0.000000,
Poor Man's Search Engine [application/query source],Poor Man's Search Engine,application/query source,ralscha/springsecuritytotp,4,0,0,0.000000,0.000000,
Poor Man's Search Engine [application/query source],Poor Man's Search Engine,application/query source,ralscha/webauthn-demo,4,0,0,0.000000,0.000000,
Poor Man's Search Engine [application/query source],Poor Man's Search Engine,application/query source,ramoncunha/rinha-backend,5,1,1,20.000000,20.000000,1.000000
Poor Man's Search Engine [application/query source],Poor Man's Search Engine,application/query source,rayokota/kcache,1,0,0,0.000000,0.000000,
Poor Man's Search Engine [application/query source],Poor Man's Search Engine,application/query source,renan-schmitt/spring-boot-jooq,2,0,0,0.000000,0.000000,
Poor Man's Search Engine [application/query source],Poor Man's Search Engine,application/query source,rench/scio,1,0,0,0.000000,0.000000,
Poor Man's Search Engine [application/query source],Poor Man's Search Engine,application/query source,reportportal/commons-dao,67,20,7,10.447761,29.850746,2.857143
Poor Man's Search Engine [application/query source],Poor Man's Search Engine,application/query source,revensif/Tinkoff_Course2024,8,0,0,0.000000,0.000000,
Poor Man's Search Engine [application/query source],Poor Man's Search Engine,application/query source,rockmanck/lifebook,10,1,1,10.000000,10.000000,1.000000
Poor Man's Search Engine [application/query source],Poor Man's Search Engine,application/query source,rodano/rodano,72,16,9,12.500000,22.222222,1.777778
Poor Man's Search Engine [application/query source],Poor Man's Search Engine,application/query source,rogoo/java-raiz,2,0,0,0.000000,0.000000,
Poor Man's Search Engine [application/query source],Poor Man's Search Engine,application/query source,romchellis/transactions,2,0,0,0.000000,0.000000,
Poor Man's Search Engine [application/query source],Poor Man's Search Engine,application/query source,rzenkov/perfplayground,7,0,0,0.000000,0.000000,
Poor Man's Search Engine [application/query source],Poor Man's Search Engine,application/query source,s3nkyh/Library,4,0,0,0.000000,0.000000,
Poor Man's Search Engine [application/query source],Poor Man's Search Engine,application/query source,saksonikEgor/java-course-2023-backend-template-master,6,0,0,0.000000,0.000000,
Poor Man's Search Engine [application/query source],Poor Man's Search Engine,application/query source,saltybots/secretsalty-backend-j,3,0,0,0.000000,0.000000,
Poor Man's Search Engine [application/query source],Poor Man's Search Engine,application/query source,sayseakleng/template,10,0,0,0.000000,0.000000,
Poor Man's Search Engine [application/query source],Poor Man's Search Engine,application/query source,sdumancic/quarkus-template,2,0,0,0.000000,0.000000,
Poor Man's Search Engine [application/query source],Poor Man's Search Engine,application/query source,sebastian-raubach/frickl-web-server,31,1,1,3.225806,3.225806,1.000000
Poor Man's Search Engine [application/query source],Poor Man's Search Engine,application/query source,self-xdsd/self-storage,24,0,0,0.000000,0.000000,
Poor Man's Search Engine [application/query source],Poor Man's Search Engine,application/query source,serdeliverance/turro-lingo-api,3,0,0,0.000000,0.000000,
Poor Man's Search Engine [application/query source],Poor Man's Search Engine,application/query source,serje3/BotDiscordBackend,10,0,0,0.000000,0.000000,
Poor Man's Search Engine [application/query source],Poor Man's Search Engine,application/query source,sfk25/annually_report,9,2,1,11.111111,22.222222,2.000000
Poor Man's Search Engine [application/query source],Poor Man's Search Engine,application/query source,sge93/jooq-testcontainers-demo,2,0,0,0.000000,0.000000,
Poor Man's Search Engine [application/query source],Poor Man's Search Engine,application/query source,shengquan-ni/reshape-on-amber,31,0,0,0.000000,0.000000,
Poor Man's Search Engine [application/query source],Poor Man's Search Engine,application/query source,shev-81/jooqtest,3,0,0,0.000000,0.000000,
Poor Man's Search Engine [application/query source],Poor Man's Search Engine,application/query source,shileishmily/spring-boot-jooq-demo,6,0,0,0.000000,0.000000,
Poor Man's Search Engine [application/query source],Poor Man's Search Engine,application/query source,shilohooo/learn-jooq,20,0,0,0.000000,0.000000,
Poor Man's Search Engine [application/query source],Poor Man's Search Engine,application/query source,sify21/testjooq,1,0,0,0.000000,0.000000,
Poor Man's Search Engine [application/query source],Poor Man's Search Engine,application/query source,sikt-no/graphitron,160,0,0,0.000000,0.000000,
Poor Man's Search Engine [application/query source],Poor Man's Search Engine,application/query source,sim1984/fbjavaex,10,3,3,30.000000,30.000000,1.000000
Poor Man's Search Engine [application/query source],Poor Man's Search Engine,application/query source,sjucker/mvu-platform,17,4,4,23.529412,23.529412,1.000000
Poor Man's Search Engine [application/query source],Poor Man's Search Engine,application/query source,sjucker/referee-coach-probasket,12,2,2,16.666667,16.666667,1.000000
Poor Man's Search Engine [application/query source],Poor Man's Search Engine,application/query source,sjucker/zkmf2024-server,44,0,0,0.000000,0.000000,
Poor Man's Search Engine [application/query source],Poor Man's Search Engine,application/query source,skapral/poetryclub,29,0,0,0.000000,0.000000,
Poor Man's Search Engine [application/query source],Poor Man's Search Engine,application/query source,skyleedevzero86/Spring_lee_Module,8,0,0,0.000000,0.000000,
Poor Man's Search Engine [application/query source],Poor Man's Search Engine,application/query source,smartywebdev0119/springsecurity-top,4,0,0,0.000000,0.000000,
Poor Man's Search Engine [application/query source],Poor Man's Search Engine,application/query source,smix22/kitaplan,1,0,0,0.000000,0.000000,
Poor Man's Search Engine [application/query source],Poor Man's Search Engine,application/query source,smockoro/spring-boot-java-jooq,1,0,0,0.000000,0.000000,
Poor Man's Search Engine [application/query source],Poor Man's Search Engine,application/query source,snhr-1019/task-app-example,3,0,0,0.000000,0.000000,
Poor Man's Search Engine [application/query source],Poor Man's Search Engine,application/query source,sogeking7/booking-hotel-app,52,1,1,1.923077,1.923077,1.000000
Poor Man's Search Engine [application/query source],Poor Man's Search Engine,application/query source,sogeking7/hacknu-25-zaman-bank-ai-app,27,0,0,0.000000,0.000000,
Poor Man's Search Engine [application/query source],Poor Man's Search Engine,application/query source,sokolovskayaa/tinkoff-project,8,0,0,0.000000,0.000000,
Poor Man's Search Engine [application/query source],Poor Man's Search Engine,application/query source,sooogle/micronaut-petclinic,17,0,0,0.000000,0.000000,
Poor Man's Search Engine [application/query source],Poor Man's Search Engine,application/query source,spacedragon/dgit,6,0,0,0.000000,0.000000,
Poor Man's Search Engine [application/query source],Poor Man's Search Engine,application/query source,spectuu/equipo-4-ings-202520,22,0,0,0.000000,0.000000,
Poor Man's Search Engine [application/query source],Poor Man's Search Engine,application/query source,ssydx/django_wesite,3,0,0,0.000000,0.000000,
Poor Man's Search Engine [application/query source],Poor Man's Search Engine,application/query source,streamarr/streamarr-server,3,0,0,0.000000,0.000000,
Poor Man's Search Engine [application/query source],Poor Man's Search Engine,application/query source,stukenvitalii/TinkoffBot,4,0,0,0.000000,0.000000,
Poor Man's Search Engine [application/query source],Poor Man's Search Engine,application/query source,sun-fintrack/fintrack-back,7,2,1,14.285714,28.571429,2.000000
Poor Man's Search Engine [application/query source],Poor Man's Search Engine,application/query source,svp8/java-course-2024,11,0,0,0.000000,0.000000,
Poor Man's Search Engine [application/query source],Poor Man's Search Engine,application/query source,sweatboys/open-discogs-api,8,0,0,0.000000,0.000000,
Poor Man's Search Engine [application/query source],Poor Man's Search Engine,application/query source,sylvan-tang/auro,3,0,0,0.000000,0.000000,
Poor Man's Search Engine [application/query source],Poor Man's Search Engine,application/query source,synonymdev/vss-server,3,0,0,0.000000,0.000000,
Poor Man's Search Engine [application/query source],Poor Man's Search Engine,application/query source,t3hw/mhn,2,0,0,0.000000,0.000000,
Poor Man's Search Engine [application/query source],Poor Man's Search Engine,application/query source,tanjezh/spring-demos,11,1,1,9.090909,9.090909,1.000000
Poor Man's Search Engine [application/query source],Poor Man's Search Engine,application/query source,tapis-project/tapis-apps,5,1,1,20.000000,20.000000,1.000000
Poor Man's Search Engine [application/query source],Poor Man's Search Engine,application/query source,tapis-project/tapis-files,4,0,0,0.000000,0.000000,
Poor Man's Search Engine [application/query source],Poor Man's Search Engine,application/query source,tapis-project/tapis-notifications,3,0,0,0.000000,0.000000,
Poor Man's Search Engine [application/query source],Poor Man's Search Engine,application/query source,tapis-project/tapis-systems,4,0,0,0.000000,0.000000,
Poor Man's Search Engine [application/query source],Poor Man's Search Engine,application/query source,tariqkb/justweighit,23,0,0,0.000000,0.000000,
Poor Man's Search Engine [application/query source],Poor Man's Search Engine,application/query source,teragrep/pth_06,55,7,4,7.272727,12.727273,1.750000
Poor Man's Search Engine [application/query source],Poor Man's Search Engine,application/query source,the-programmers-hangout/Mimic,10,0,0,0.000000,0.000000,
Poor Man's Search Engine [application/query source],Poor Man's Search Engine,application/query source,therepanic/hr-masters-service,3,0,0,0.000000,0.000000,
Poor Man's Search Engine [application/query source],Poor Man's Search Engine,application/query source,therepanic/lapayment-crypto-pay-system,6,0,0,0.000000,0.000000,
Poor Man's Search Engine [application/query source],Poor Man's Search Engine,application/query source,therepanic/lapayment-crypto-payment-system-microservices,14,0,0,0.000000,0.000000,
Poor Man's Search Engine [application/query source],Poor Man's Search Engine,application/query source,therepanic/trustwin-casino-project,22,0,0,0.000000,0.000000,
Poor Man's Search Engine [application/query source],Poor Man's Search Engine,application/query source,theronielanddaronpodcastshow/svja,20,0,0,0.000000,0.000000,
Poor Man's Search Engine [application/query source],Poor Man's Search Engine,application/query source,thomascherickal/hedera-stable-coin,23,0,0,0.000000,0.000000,
Poor Man's Search Engine [application/query source],Poor Man's Search Engine,application/query source,tmtsoftware/aps-procedure-read-benchmarking,2,0,0,0.000000,0.000000,
Poor Man's Search Engine [application/query source],Poor Man's Search Engine,application/query source,toannv6895/searchable,7,2,1,14.285714,28.571429,2.000000
Poor Man's Search Engine [application/query source],Poor Man's Search Engine,application/query source,truonghq99/adam-project,2,0,0,0.000000,0.000000,
Poor Man's Search Engine [application/query source],Poor Man's Search Engine,application/query source,tsemkaloalena-mirea/vk_education,21,0,0,0.000000,0.000000,
Poor Man's Search Engine [application/query source],Poor Man's Search Engine,application/query source,tsoyolv/transfer-money,4,0,0,0.000000,0.000000,
Poor Man's Search Engine [application/query source],Poor Man's Search Engine,application/query source,tw-bc-group/tw-wallet-backend,17,0,0,0.000000,0.000000,
Poor Man's Search Engine [application/query source],Poor Man's Search Engine,application/query source,tyomamatrosov/MatrosovAS,2,0,0,0.000000,0.000000,
Poor Man's Search Engine [application/query source],Poor Man's Search Engine,application/query source,uianz/webflux-jooq-r2dbc-starter,1,0,0,0.000000,0.000000,
Poor Man's Search Engine [application/query source],Poor Man's Search Engine,application/query source,ultrapotato69/genealogy-back,5,0,0,0.000000,0.000000,
Poor Man's Search Engine [application/query source],Poor Man's Search Engine,application/query source,unlessiamwrong/Tinkoff-Java-course-2,9,0,0,0.000000,0.000000,
Poor Man's Search Engine [application/query source],Poor Man's Search Engine,application/query source,uptosmth/chronos,11,0,0,0.000000,0.000000,
Poor Man's Search Engine [application/query source],Poor Man's Search Engine,application/query source,utfunderscore/buildformat,3,0,0,0.000000,0.000000,
Poor Man's Search Engine [application/query source],Poor Man's Search Engine,application/query source,uvuv-643/Service_Oriented_Architecture,6,0,0,0.000000,0.000000,
Poor Man's Search Engine [application/query source],Poor Man's Search Engine,application/query source,vbandurin7/update-listener-bot,6,0,0,0.000000,0.000000,
Poor Man's Search Engine [application/query source],Poor Man's Search Engine,application/query source,vendelieu/spring-template,0,0,0,,,
Poor Man's Search Engine [application/query source],Poor Man's Search Engine,application/query source,vinniec4/fantasy-football,4,0,0,0.000000,0.000000,
Poor Man's Search Engine [application/query source],Poor Man's Search Engine,application/query source,vkuzel/Quantum-Leap,56,1,1,1.785714,1.785714,1.000000
Poor Man's Search Engine [application/query source],Poor Man's Search Engine,application/query source,vladislav77777/java-backend-course,6,0,0,0.000000,0.000000,
Poor Man's Search Engine [application/query source],Poor Man's Search Engine,application/query source,voidframework/voidframework,7,0,0,0.000000,0.000000,
Poor Man's Search Engine [application/query source],Poor Man's Search Engine,application/query source,volvas/courses,5,0,0,0.000000,0.000000,
Poor Man's Search Engine [application/query source],Poor Man's Search Engine,application/query source,vran-dev/databasir,142,15,9,6.338028,10.563380,1.666667
Poor Man's Search Engine [application/query source],Poor Man's Search Engine,application/query source,warhog/fpvlaptracker,7,0,0,0.000000,0.000000,
Poor Man's Search Engine [application/query source],Poor Man's Search Engine,application/query source,waydxd/COMP3111-Project,8,0,0,0.000000,0.000000,
Poor Man's Search Engine [application/query source],Poor Man's Search Engine,application/query source,wbprime/java-mods,11,0,0,0.000000,0.000000,
Poor Man's Search Engine [application/query source],Poor Man's Search Engine,application/query source,web3brothers/aleo-network-info,2,1,1,50.000000,50.000000,1.000000
Poor Man's Search Engine [application/query source],Poor Man's Search Engine,application/query source,whizvox/wsite,6,0,0,0.000000,0.000000,
Poor Man's Search Engine [application/query source],Poor Man's Search Engine,application/query source,whxu215/jooq-springboot-example-junit,8,1,1,12.500000,12.500000,1.000000
Poor Man's Search Engine [application/query source],Poor Man's Search Engine,application/query source,wuda0112/foundation,18,0,0,0.000000,0.000000,
Poor Man's Search Engine [application/query source],Poor Man's Search Engine,application/query source,wuhunyu/jooq-transaction,3,0,0,0.000000,0.000000,
Poor Man's Search Engine [application/query source],Poor Man's Search Engine,application/query source,wujihulian/filesbox,59,25,11,18.644068,42.372881,2.272727
Poor Man's Search Engine [application/query source],Poor Man's Search Engine,application/query source,xGodness/service-oriented-architecture,9,3,1,11.111111,33.333333,3.000000
Poor Man's Search Engine [application/query source],Poor Man's Search Engine,application/query source,xJade00/TavernMaid,10,0,0,0.000000,0.000000,
Poor Man's Search Engine [application/query source],Poor Man's Search Engine,application/query source,xdnw/Diplocutus,30,1,1,3.333333,3.333333,1.000000
Poor Man's Search Engine [application/query source],Poor Man's Search Engine,application/query source,xdnw/locutus,47,7,2,4.255319,14.893617,3.500000
Poor Man's Search Engine [application/query source],Poor Man's Search Engine,application/query source,xinxiamu/mu-spring-boot-sample,17,0,0,0.000000,0.000000,
Poor Man's Search Engine [application/query source],Poor Man's Search Engine,application/query source,xnelo/filearch,8,0,0,0.000000,0.000000,
Poor Man's Search Engine [application/query source],Poor Man's Search Engine,application/query source,yangjinguang/i-share-server,50,1,1,2.000000,2.000000,1.000000
Poor Man's Search Engine [application/query source],Poor Man's Search Engine,application/query source,yaowei-u/kafka,4,0,0,0.000000,0.000000,
Poor Man's Search Engine [application/query source],Poor Man's Search Engine,application/query source,ydb-platform/ydb-java-dialects,185,1,1,0.540541,0.540541,1.000000
Poor Man's Search Engine [application/query source],Poor Man's Search Engine,application/query source,ydeng11/Minance,19,0,0,0.000000,0.000000,
Poor Man's Search Engine [application/query source],Poor Man's Search Engine,application/query source,yichunzhao/jooq-dao,2,0,0,0.000000,0.000000,
Poor Man's Search Engine [application/query source],Poor Man's Search Engine,application/query source,yihaozhong/BuyUp,5,0,0,0.000000,0.000000,
Poor Man's Search Engine [application/query source],Poor Man's Search Engine,application/query source,yilmazorhan/smallapps.tips,4,0,0,0.000000,0.000000,
Poor Man's Search Engine [application/query source],Poor Man's Search Engine,application/query source,yiminyangguang520/Java-Learning,24,0,0,0.000000,0.000000,
Poor Man's Search Engine [application/query source],Poor Man's Search Engine,application/query source,young0264/jungsuri,12,0,0,0.000000,0.000000,
Poor Man's Search Engine [application/query source],Poor Man's Search Engine,application/query source,youngzil/quickstart-database,6,0,0,0.000000,0.000000,
Poor Man's Search Engine [application/query source],Poor Man's Search Engine,application/query source,yuizho/spring-sandbox,1,0,0,0.000000,0.000000,
Poor Man's Search Engine [application/query source],Poor Man's Search Engine,application/query source,yuzhongyousida/zipkin,39,0,0,0.000000,0.000000,
Poor Man's Search Engine [application/query source],Poor Man's Search Engine,application/query source,zangzang/java-test,16,0,0,0.000000,0.000000,
Poor Man's Search Engine [application/query source],Poor Man's Search Engine,application/query source,zero-ws/zero-ecotope,457,2,2,0.437637,0.437637,1.000000
Poor Man's Search Engine [application/query source],Poor Man's Search Engine,application/query source,zhengqingya/java-workspace,10,0,0,0.000000,0.000000,
Poor Man's Search Engine [application/query source],Poor Man's Search Engine,application/query source,zhengzizhe/agent_demo,35,1,1,2.857143,2.857143,1.000000
Poor Man's Search Engine [application/query source],Poor Man's Search Engine,application/query source,zhouzhaodong/springboot,4,0,0,0.000000,0.000000,
Poor Man's Search Engine [application/query source],Poor Man's Search Engine,application/query source,zhuyb0614/graph-batis,10,0,0,0.000000,0.000000,
Poor Man's Search Engine [application/query source],Poor Man's Search Engine,application/query source,zigzag191/java-backend-course-2024,6,0,0,0.000000,0.000000,
Poor Man's Search Engine [application/query source],Poor Man's Search Engine,application/query source,zjxkenshine/codedemo,23,0,0,0.000000,0.000000,
Poor Man's Search Engine [application/query source],Poor Man's Search Engine,application/query source,zodac-personal/folding-stats,6,0,0,0.000000,0.000000,
Rounding Errors [generated schema],Rounding Errors,generated schema,4el1k/Spring-Api-Hibernate-JOOQ,6,0,0,0.000000,0.000000,
Rounding Errors [generated schema],Rounding Errors,generated schema,66xc1/lazy-punch,4,0,0,0.000000,0.000000,
Rounding Errors [generated schema],Rounding Errors,generated schema,ABCLV/ABLV_IngSW,15,0,0,0.000000,0.000000,
Rounding Errors [generated schema],Rounding Errors,generated schema,APSfurizon/fz-backend,19,0,0,0.000000,0.000000,
Rounding Errors [generated schema],Rounding Errors,generated schema,AWS-Cloud-Community-LPU/mailing-service,1,0,0,0.000000,0.000000,
Rounding Errors [generated schema],Rounding Errors,generated schema,AffectedArc07/ParaUtil,3,0,0,0.000000,0.000000,
Rounding Errors [generated schema],Rounding Errors,generated schema,AisleiAvila/empresa,8,0,0,0.000000,0.000000,
Rounding Errors [generated schema],Rounding Errors,generated schema,AkaLrz/E-commercial-Platfrom,5,0,0,0.000000,0.000000,
Rounding Errors [generated schema],Rounding Errors,generated schema,AlexSpeal/Tracking-Bot,3,0,0,0.000000,0.000000,
Rounding Errors [generated schema],Rounding Errors,generated schema,Alexandr-Kokorin/JavaCourse2024,3,0,0,0.000000,0.000000,
Rounding Errors [generated schema],Rounding Errors,generated schema,AlexzTj/p2p,2,2,2,100.000000,100.000000,1.000000
Rounding Errors [generated schema],Rounding Errors,generated schema,AlphaFoxz/oneboot,3,0,0,0.000000,0.000000,
Rounding Errors [generated schema],Rounding Errors,generated schema,AnastasiaPleshkova/tnkf-tracker,3,0,0,0.000000,0.000000,
Rounding Errors [generated schema],Rounding Errors,generated schema,AndrewSalygin/LinkTracker-Tinkoff,3,0,0,0.000000,0.000000,
Rounding Errors [generated schema],Rounding Errors,generated schema,Andrey582/NotificationBot,3,0,0,0.000000,0.000000,
Rounding Errors [generated schema],Rounding Errors,generated schema,Ani512/online-tutoring-app-backend,5,0,0,0.000000,0.000000,
Rounding Errors [generated schema],Rounding Errors,generated schema,AntonioRusan/LinkTracker,5,0,0,0.000000,0.000000,
Rounding Errors [generated schema],Rounding Errors,generated schema,Apress/beginning-jooq,24,0,0,0.000000,0.000000,
Rounding Errors [generated schema],Rounding Errors,generated schema,Apress/pro-spring-6,8,0,0,0.000000,0.000000,
Rounding Errors [generated schema],Rounding Errors,generated schema,AprilHan1992/fleet-spring-boot,33,0,0,0.000000,0.000000,
Rounding Errors [generated schema],Rounding Errors,generated schema,ArcaHozota/nasb1995edv3,10,1,1,10.000000,10.000000,1.000000
Rounding Errors [generated schema],Rounding Errors,generated schema,Arden30/TinkoffJavaBackendSpring23-24,4,0,0,0.000000,0.000000,
Rounding Errors [generated schema],Rounding Errors,generated schema,AtroposBot/Atropos,10,0,0,0.000000,0.000000,
Rounding Errors [generated schema],Rounding Errors,generated schema,Atsushi68/trunk,18,0,0,0.000000,0.000000,
Rounding Errors [generated schema],Rounding Errors,generated schema,Ayazkins/Java-Tinkoff-sem-2,3,0,0,0.000000,0.000000,
Rounding Errors [generated schema],Rounding Errors,generated schema,BRP-API/brp-api-gezag,5,0,0,0.000000,0.000000,
Rounding Errors [generated schema],Rounding Errors,generated schema,BenMAPCE/BenCloudServer,181,32,18,9.944751,17.679558,1.777778
Rounding Errors [generated schema],Rounding Errors,generated schema,BinaryIgor/tools-and-templates,7,0,0,0.000000,0.000000,
Rounding Errors [generated schema],Rounding Errors,generated schema,Blackdread/rest-filter,2,0,0,0.000000,0.000000,
Rounding Errors [generated schema],Rounding Errors,generated schema,BlakieSL/SpringJOOQ_DAO,5,0,0,0.000000,0.000000,
Rounding Errors [generated schema],Rounding Errors,generated schema,BluBluBlaBla/vidsummize,1,0,0,0.000000,0.000000,
Rounding Errors [generated schema],Rounding Errors,generated schema,BogBond2000/Itmo_labs,2,2,1,50.000000,100.000000,2.000000
Rounding Errors [generated schema],Rounding Errors,generated schema,BorisovAlexspb/Update_tracker_bot,4,0,0,0.000000,0.000000,
Rounding Errors [generated schema],Rounding Errors,generated schema,Bruh3509/updates-tracker,3,0,0,0.000000,0.000000,
Rounding Errors [generated schema],Rounding Errors,generated schema,BuchnevDmitry/LinkTracker,3,0,0,0.000000,0.000000,
Rounding Errors [generated schema],Rounding Errors,generated schema,BudgetingWebsite/Backend,4,1,1,25.000000,25.000000,1.000000
Rounding Errors [generated schema],Rounding Errors,generated schema,CaXaPCMeDoM/tinkoff-java-course-2024-backend,3,0,0,0.000000,0.000000,
Rounding Errors [generated schema],Rounding Errors,generated schema,CaptainCluster/data_intensive_assignment_3,5,0,0,0.000000,0.000000,
Rounding Errors [generated schema],Rounding Errors,generated schema,CatOrLeader/Tinkoff_Link_Tracker,3,0,0,0.000000,0.000000,
Rounding Errors [generated schema],Rounding Errors,generated schema,ChatCode9/ChatCode-backend,31,0,0,0.000000,0.000000,
Rounding Errors [generated schema],Rounding Errors,generated schema,Claydelas/dashboard-fx,5,8,3,60.000000,160.000000,2.666667
Rounding Errors [generated schema],Rounding Errors,generated schema,D-Muscipula/tinkoff-java-backend-link-tracker-project,3,0,0,0.000000,0.000000,
Rounding Errors [generated schema],Rounding Errors,generated schema,DanieleGotti/MED,11,1,1,9.090909,9.090909,1.000000
Rounding Errors [generated schema],Rounding Errors,generated schema,Daniil-Vl/link-tracker,3,0,0,0.000000,0.000000,
Rounding Errors [generated schema],Rounding Errors,generated schema,Daniil4639/Tinkoff_Repository_2,3,0,0,0.000000,0.000000,
Rounding Errors [generated schema],Rounding Errors,generated schema,DanjiTalk/danji-talk-backend,3,0,0,0.000000,0.000000,
Rounding Errors [generated schema],Rounding Errors,generated schema,Dankoy/jforwarder,1,0,0,0.000000,0.000000,
Rounding Errors [generated schema],Rounding Errors,generated schema,DarplexDev/darplex-java,4,0,0,0.000000,0.000000,
Rounding Errors [generated schema],Rounding Errors,generated schema,DavidJi80/springboot,1,0,0,0.000000,0.000000,
Rounding Errors [generated schema],Rounding Errors,generated schema,DiSSCo/dissco-core-annotation-processing-service,4,0,0,0.000000,0.000000,
Rounding Errors [generated schema],Rounding Errors,generated schema,DiSSCo/dissco-core-backend,6,0,0,0.000000,0.000000,
Rounding Errors [generated schema],Rounding Errors,generated schema,DiSSCo/dissco-core-digital-specimen-processor,2,0,0,0.000000,0.000000,
Rounding Errors [generated schema],Rounding Errors,generated schema,DiSSCo/dissco-core-translator,3,0,0,0.000000,0.000000,
Rounding Errors [generated schema],Rounding Errors,generated schema,DiSSCo/dissco-data-exporter-backend,2,0,0,0.000000,0.000000,
Rounding Errors [generated schema],Rounding Errors,generated schema,DiamondArt/Java-jooq,6,0,0,0.000000,0.000000,
Rounding Errors [generated schema],Rounding Errors,generated schema,DmitriyKosolobov/java-course-2024-backend,3,0,0,0.000000,0.000000,
Rounding Errors [generated schema],Rounding Errors,generated schema,DrBrother/notification-system,3,0,0,0.000000,0.000000,
Rounding Errors [generated schema],Rounding Errors,generated schema,DragomiroiuStefan/rideshare,8,0,0,0.000000,0.000000,
Rounding Errors [generated schema],Rounding Errors,generated schema,Drewbie18/spring-rest,7,4,2,28.571429,57.142857,2.000000
Rounding Errors [generated schema],Rounding Errors,generated schema,E1psycongr00/STUDY_REFERENCE,1,0,0,0.000000,0.000000,
Rounding Errors [generated schema],Rounding Errors,generated schema,E1psycongr00/study_jooq_codegen_with_flyway_jpa,1,0,0,0.000000,0.000000,
Rounding Errors [generated schema],Rounding Errors,generated schema,EHRoute/EHR-Route,3,0,0,0.000000,0.000000,
Rounding Errors [generated schema],Rounding Errors,generated schema,Efler/microservice-data-bus,3,0,0,0.000000,0.000000,
Rounding Errors [generated schema],Rounding Errors,generated schema,Efler/telegram-scrapper-bot,4,0,0,0.000000,0.000000,
Rounding Errors [generated schema],Rounding Errors,generated schema,Eliorika/tinkoff-java-backend,3,0,0,0.000000,0.000000,
Rounding Errors [generated schema],Rounding Errors,generated schema,Emented/webLab3,1,3,1,100.000000,300.000000,3.000000
Rounding Errors [generated schema],Rounding Errors,generated schema,EngineDevOps2/programming-todolist-fullstack,1,0,0,0.000000,0.000000,
Rounding Errors [generated schema],Rounding Errors,generated schema,EuphoriaV/UpdateMonitoringBot,3,0,0,0.000000,0.000000,
Rounding Errors [generated schema],Rounding Errors,generated schema,FOKO-KENMOGNE-Wilfried/siggeac_prototype,14,0,0,0.000000,0.000000,
Rounding Errors [generated schema],Rounding Errors,generated schema,FeKom/lab-ecommerce,1,0,0,0.000000,0.000000,
Rounding Errors [generated schema],Rounding Errors,generated schema,FeldmannJR/constellation-common,1,0,0,0.000000,0.000000,
Rounding Errors [generated schema],Rounding Errors,generated schema,FeldmannJR/redstonegang,36,11,4,11.111111,30.555556,2.750000
Rounding Errors [generated schema],Rounding Errors,generated schema,Fics3/tink_java_backend_course_spring,5,0,0,0.000000,0.000000,
Rounding Errors [generated schema],Rounding Errors,generated schema,FilippoBolis/MED_Progetto_Ing_Software_23_24,9,1,1,11.111111,11.111111,1.000000
Rounding Errors [generated schema],Rounding Errors,generated schema,FrankChen021/bithon,19,0,0,0.000000,0.000000,
Rounding Errors [generated schema],Rounding Errors,generated schema,FrankChen021/bithon-demo,1,0,0,0.000000,0.000000,
Rounding Errors [generated schema],Rounding Errors,generated schema,GAIM-Tech-OM/killbill-ompay-plugin,2,0,0,0.000000,0.000000,
Rounding Errors [generated schema],Rounding Errors,generated schema,Gabriele-Mazzoleni/SmarTrip,3,2,1,33.333333,66.666667,2.000000
Rounding Errors [generated schema],Rounding Errors,generated schema,Garrettc96/cacophony,11,0,0,0.000000,0.000000,
Rounding Errors [generated schema],Rounding Errors,generated schema,Geomatys/examind-community,50,6,4,8.000000,12.000000,1.500000
Rounding Errors [generated schema],Rounding Errors,generated schema,GeorgyDemidenkov/DemidenkovGD_Y-234_2kurs2sem,3,0,0,0.000000,0.000000,
Rounding Errors [generated schema],Rounding Errors,generated schema,Grigalgol/vk_education_hm6,4,0,0,0.000000,0.000000,
Rounding Errors [generated schema],Rounding Errors,generated schema,GyrosOfWar/imagehive,4,0,0,0.000000,0.000000,
Rounding Errors [generated schema],Rounding Errors,generated schema,HSLdevcom/jore4-jore3-importer,80,4,4,5.000000,5.000000,1.000000
Rounding Errors [generated schema],Rounding Errors,generated schema,Hamednallah/Basariat-POS,28,0,0,0.000000,0.000000,
Rounding Errors [generated schema],Rounding Errors,generated schema,Hamednallah/Market-POS,0,0,0,,,
Rounding Errors [generated schema],Rounding Errors,generated schema,Hellblazer/quantum-db,10,0,0,0.000000,0.000000,
Rounding Errors [generated schema],Rounding Errors,generated schema,Hixon10/spring-boot-security,1,0,0,0.000000,0.000000,
Rounding Errors [generated schema],Rounding Errors,generated schema,HoZanDung/ho-workflow,44,0,0,0.000000,0.000000,
Rounding Errors [generated schema],Rounding Errors,generated schema,Hogeyama/try-java,4,0,0,0.000000,0.000000,
Rounding Errors [generated schema],Rounding Errors,generated schema,IAGrig/link-updates-notifier,3,0,0,0.000000,0.000000,
Rounding Errors [generated schema],Rounding Errors,generated schema,IlyaAbramovv/UpdatesAnnouncer,3,0,0,0.000000,0.000000,
Rounding Errors [generated schema],Rounding Errors,generated schema,IvanShabunin379/java-course-2024,3,0,0,0.000000,0.000000,
Rounding Errors [generated schema],Rounding Errors,generated schema,JGMelon22/ListDemoJava,1,0,0,0.000000,0.000000,
Rounding Errors [generated schema],Rounding Errors,generated schema,JacobLewandowskiDev/GwentMMO-Backend,1,0,0,0.000000,0.000000,
Rounding Errors [generated schema],Rounding Errors,generated schema,JakeMathews/recommendation-engine,2,0,0,0.000000,0.000000,
Rounding Errors [generated schema],Rounding Errors,generated schema,JixinZhang19/Online-Shopping-System-for-Black-Friday,8,0,0,0.000000,0.000000,
Rounding Errors [generated schema],Rounding Errors,generated schema,JohannesRabauer/hibernate-vs-jooq,5,0,0,0.000000,0.000000,
Rounding Errors [generated schema],Rounding Errors,generated schema,Jominjong/mjjo-test-project,5,0,0,0.000000,0.000000,
Rounding Errors [generated schema],Rounding Errors,generated schema,KEN3pei/oauth-hands-on,6,0,0,0.000000,0.000000,
Rounding Errors [generated schema],Rounding Errors,generated schema,KGjertsson/macro-hub,44,41,41,93.181818,93.181818,1.000000
Rounding Errors [generated schema],Rounding Errors,generated schema,Karthik1226/onedata_patient,7,0,0,0.000000,0.000000,
Rounding Errors [generated schema],Rounding Errors,generated schema,Kazuuma-19/nippogen,5,0,0,0.000000,0.000000,
Rounding Errors [generated schema],Rounding Errors,generated schema,Kirill06344/TinkoffWebApplication,3,0,0,0.000000,0.000000,
Rounding Errors [generated schema],Rounding Errors,generated schema,KirillSakira/link-tracker,3,0,0,0.000000,0.000000,
Rounding Errors [generated schema],Rounding Errors,generated schema,KittyBot-Org/KittyBot,19,0,0,0.000000,0.000000,
Rounding Errors [generated schema],Rounding Errors,generated schema,Knicksaas/gourmet-gate,13,2,2,15.384615,15.384615,1.000000
Rounding Errors [generated schema],Rounding Errors,generated schema,KyleGuanDP/Assignment4,2,0,0,0.000000,0.000000,
Rounding Errors [generated schema],Rounding Errors,generated schema,LARCH1K/LinkTracker-Bot,3,0,0,0.000000,0.000000,
Rounding Errors [generated schema],Rounding Errors,generated schema,LalisaST/java_course_2,4,0,0,0.000000,0.000000,
Rounding Errors [generated schema],Rounding Errors,generated schema,LeHa2505/OnThiService,14,7,5,35.714286,50.000000,1.400000
Rounding Errors [generated schema],Rounding Errors,generated schema,LiangChenDLJ/VIPManager,3,2,2,66.666667,66.666667,1.000000
Rounding Errors [generated schema],Rounding Errors,generated schema,LianjiaTech/bella-assistants,11,4,2,18.181818,36.363636,2.000000
Rounding Errors [generated schema],Rounding Errors,generated schema,LianjiaTech/bella-knowledge,15,0,0,0.000000,0.000000,
Rounding Errors [generated schema],Rounding Errors,generated schema,LianjiaTech/bella-openapi,17,0,0,0.000000,0.000000,
Rounding Errors [generated schema],Rounding Errors,generated schema,LianjiaTech/bella-workflow,19,0,0,0.000000,0.000000,
Rounding Errors [generated schema],Rounding Errors,generated schema,Link-Profit-System/java_mvvm,7,0,0,0.000000,0.000000,
Rounding Errors [generated schema],Rounding Errors,generated schema,LintaoAmons/java-jooq-runable-code,4,3,2,50.000000,75.000000,1.500000
Rounding Errors [generated schema],Rounding Errors,generated schema,LogDS/SimulatorOrchestrator,46,98,37,80.434783,213.043478,2.648649
Rounding Errors [generated schema],Rounding Errors,generated schema,LucidMinded/java-course-2023-backend,3,0,0,0.000000,0.000000,
Rounding Errors [generated schema],Rounding Errors,generated schema,M1nsong-Kim/practice-jooq,7,0,0,0.000000,0.000000,
Rounding Errors [generated schema],Rounding Errors,generated schema,MAK-Cpp/backend-java-s2,3,0,0,0.000000,0.000000,
Rounding Errors [generated schema],Rounding Errors,generated schema,MIZINCHIK/java-course-2023-backend,3,0,0,0.000000,0.000000,
Rounding Errors [generated schema],Rounding Errors,generated schema,Macbeth-Klm/Tinkoff-java-course-2024,3,0,0,0.000000,0.000000,
Rounding Errors [generated schema],Rounding Errors,generated schema,Maczi01/sockets,2,0,0,0.000000,0.000000,
Rounding Errors [generated schema],Rounding Errors,generated schema,MahjongRepository/YagiMotel,1,0,0,0.000000,0.000000,
Rounding Errors [generated schema],Rounding Errors,generated schema,Malest-GmbH-Co-KG/Prog_3_Projektarbeit,4,3,2,50.000000,75.000000,1.500000
Rounding Errors [generated schema],Rounding Errors,generated schema,MarinaBiryukova/tinkoff-java,3,0,0,0.000000,0.000000,
Rounding Errors [generated schema],Rounding Errors,generated schema,MaroderKo/parts_shop,3,1,1,33.333333,33.333333,1.000000
Rounding Errors [generated schema],Rounding Errors,generated schema,Mateuzz/music-website-spring,9,0,0,0.000000,0.000000,
Rounding Errors [generated schema],Rounding Errors,generated schema,MaxZhukoff/tinkoff-bot,3,0,0,0.000000,0.000000,
Rounding Errors [generated schema],Rounding Errors,generated schema,Missssha/Tinkofff-Back,4,0,0,0.000000,0.000000,
Rounding Errors [generated schema],Rounding Errors,generated schema,Molzonas/EkEep,7,0,0,0.000000,0.000000,
Rounding Errors [generated schema],Rounding Errors,generated schema,MyP99999/NewsAggregatorBackend,4,0,0,0.000000,0.000000,
Rounding Errors [generated schema],Rounding Errors,generated schema,Mykindos/BetterPvP,78,7,5,6.410256,8.974359,1.400000
Rounding Errors [generated schema],Rounding Errors,generated schema,NaspoDev/url-shortener,1,0,0,0.000000,0.000000,
Rounding Errors [generated schema],Rounding Errors,generated schema,NastyaLush/java-course-2024-backend,3,0,0,0.000000,0.000000,
Rounding Errors [generated schema],Rounding Errors,generated schema,Ne1loff/OnboardingPlatform,6,0,0,0.000000,0.000000,
Rounding Errors [generated schema],Rounding Errors,generated schema,Neonik-dev/Update-Tracker-Bot,3,0,0,0.000000,0.000000,
Rounding Errors [generated schema],Rounding Errors,generated schema,NevinTure/java-course-2024,5,0,0,0.000000,0.000000,
Rounding Errors [generated schema],Rounding Errors,generated schema,Nick-552/link-tracker,3,0,0,0.000000,0.000000,
Rounding Errors [generated schema],Rounding Errors,generated schema,NurtilekMamashakirov/Bot-Link-Tracker,3,0,0,0.000000,0.000000,
Rounding Errors [generated schema],Rounding Errors,generated schema,Nyrheim/PenAndPaper,7,0,0,0.000000,0.000000,
Rounding Errors [generated schema],Rounding Errors,generated schema,OAGi/Score,216,0,0,0.000000,0.000000,
Rounding Errors [generated schema],Rounding Errors,generated schema,Online-Tutoring-Application-Team-11/backend-rest-API-service,5,0,0,0.000000,0.000000,
Rounding Errors [generated schema],Rounding Errors,generated schema,Origin-Masters/Cantine-Planner,3,1,1,33.333333,33.333333,1.000000
Rounding Errors [generated schema],Rounding Errors,generated schema,Ovoshchko/BackendTinkoffJavaSpring,9,0,0,0.000000,0.000000,
Rounding Errors [generated schema],Rounding Errors,generated schema,PKNU-CERT-IS/BE,24,0,0,0.000000,0.000000,
Rounding Errors [generated schema],Rounding Errors,generated schema,Pa11ady/java-link-tracker,3,0,0,0.000000,0.000000,
Rounding Errors [generated schema],Rounding Errors,generated schema,Pacan4ik/tinkoff-course-spring2023,3,0,0,0.000000,0.000000,
Rounding Errors [generated schema],Rounding Errors,generated schema,ParadiseSS13/TaskDaemon,261,4,4,1.532567,1.532567,1.000000
Rounding Errors [generated schema],Rounding Errors,generated schema,PathmindAI/pathmind-webapp,17,1,1,5.882353,5.882353,1.000000
Rounding Errors [generated schema],Rounding Errors,generated schema,PonomarevAlexxander/telegram-notifier,3,0,0,0.000000,0.000000,
Rounding Errors [generated schema],Rounding Errors,generated schema,Programming-Org/Programming,5,0,0,0.000000,0.000000,
Rounding Errors [generated schema],Rounding Errors,generated schema,Prohkit/java-backend-course-2-link-tracker,5,0,0,0.000000,0.000000,
Rounding Errors [generated schema],Rounding Errors,generated schema,ProstaOlga/prostaBot,5,0,0,0.000000,0.000000,
Rounding Errors [generated schema],Rounding Errors,generated schema,Puru80/food-ordering-system,6,1,1,16.666667,16.666667,1.000000
Rounding Errors [generated schema],Rounding Errors,generated schema,QuantuM1o1/Tinkoff2024Homeworks,6,0,0,0.000000,0.000000,
Rounding Errors [generated schema],Rounding Errors,generated schema,Raha089/oops,3,0,0,0.000000,0.000000,
Rounding Errors [generated schema],Rounding Errors,generated schema,Reazzzz/oosp-zadanya,3,0,0,0.000000,0.000000,
Rounding Errors [generated schema],Rounding Errors,generated schema,Rohan-flutterint/texera,10,0,0,0.000000,0.000000,
Rounding Errors [generated schema],Rounding Errors,generated schema,RomanZozuliauniversity/Javacourework,4,2,2,50.000000,50.000000,1.000000
Rounding Errors [generated schema],Rounding Errors,generated schema,RuslanAndrianov/Backend-Java-Tinkoff-Spring-2024,3,0,0,0.000000,0.000000,
Rounding Errors [generated schema],Rounding Errors,generated schema,RuslanHkmoff/java-backend-course,3,0,0,0.000000,0.000000,
Rounding Errors [generated schema],Rounding Errors,generated schema,SOmegaS/financial-tracker,1,1,1,100.000000,100.000000,1.000000
Rounding Errors [generated schema],Rounding Errors,generated schema,Saiyan1/tl-challenge,1,0,0,0.000000,0.000000,
Rounding Errors [generated schema],Rounding Errors,generated schema,SavageSyrop/VK-courses,14,0,0,0.000000,0.000000,
Rounding Errors [generated schema],Rounding Errors,generated schema,ShaDi777/java-course-2024-backend,4,0,0,0.000000,0.000000,
Rounding Errors [generated schema],Rounding Errors,generated schema,ShakurDmitrii/inline,2,0,0,0.000000,0.000000,
Rounding Errors [generated schema],Rounding Errors,generated schema,SightStudio/blog-code,16,0,0,0.000000,0.000000,
Rounding Errors [generated schema],Rounding Errors,generated schema,SleepwalkerPasha/egorov_pa_project,2,0,0,0.000000,0.000000,
Rounding Errors [generated schema],Rounding Errors,generated schema,SlideHehe/java-backend-course-2,4,0,0,0.000000,0.000000,
Rounding Errors [generated schema],Rounding Errors,generated schema,SmallWorlds-Forever/sw-streaming,72,54,9,12.500000,75.000000,6.000000
Rounding Errors [generated schema],Rounding Errors,generated schema,SoylentBob/jooq-mock,4,0,0,0.000000,0.000000,
Rounding Errors [generated schema],Rounding Errors,generated schema,Space27/JavaBackendSpring,3,0,0,0.000000,0.000000,
Rounding Errors [generated schema],Rounding Errors,generated schema,Stasik371/LinkTrackingBot,2,0,0,0.000000,0.000000,
Rounding Errors [generated schema],Rounding Errors,generated schema,StubbornJava/StubbornJava,7,0,0,0.000000,0.000000,
Rounding Errors [generated schema],Rounding Errors,generated schema,Stumpwiz/mrradb,5,2,2,40.000000,40.000000,1.000000
Rounding Errors [generated schema],Rounding Errors,generated schema,Subtelny/DGCraft,6,0,0,0.000000,0.000000,
Rounding Errors [generated schema],Rounding Errors,generated schema,TaitoUnited/full-stack-template,1,0,0,0.000000,0.000000,
Rounding Errors [generated schema],Rounding Errors,generated schema,TerraByteDev/SkyFactionsReborn,13,0,0,0.000000,0.000000,
Rounding Errors [generated schema],Rounding Errors,generated schema,TheLQ/forum-scraper,8,0,0,0.000000,0.000000,
Rounding Errors [generated schema],Rounding Errors,generated schema,Thee5176/SpringBoot_CQRS_Command,5,1,1,20.000000,20.000000,1.000000
Rounding Errors [generated schema],Rounding Errors,generated schema,Thee5176/SpringBoot_CQRS_Query,5,1,1,20.000000,20.000000,1.000000
Rounding Errors [generated schema],Rounding Errors,generated schema,Thulasidharreddy/task-service,2,0,0,0.000000,0.000000,
Rounding Errors [generated schema],Rounding Errors,generated schema,Tiltuem/tinkoff-java-course-2024,6,0,0,0.000000,0.000000,
Rounding Errors [generated schema],Rounding Errors,generated schema,TivM/Tinkoff-Project,3,0,0,0.000000,0.000000,
Rounding Errors [generated schema],Rounding Errors,generated schema,Tosin-dotcom/notez-backend,4,0,0,0.000000,0.000000,
Rounding Errors [generated schema],Rounding Errors,generated schema,TovarischZhukov/jooq_example,2,0,0,0.000000,0.000000,
Rounding Errors [generated schema],Rounding Errors,generated schema,TranNgocKhoa/play-framework-java-jooq-example,6,0,0,0.000000,0.000000,
Rounding Errors [generated schema],Rounding Errors,generated schema,TunixR/HarmonyAPI,25,2,2,8.000000,8.000000,1.000000
Rounding Errors [generated schema],Rounding Errors,generated schema,UKEIAM/de.uke.iam.parkinson_on_fhir,10,6,3,30.000000,60.000000,2.000000
Rounding Errors [generated schema],Rounding Errors,generated schema,UniCodeProjects/AmusementParkDB,21,0,0,0.000000,0.000000,
Rounding Errors [generated schema],Rounding Errors,generated schema,Unite-Organisation/Unite,22,0,0,0.000000,0.000000,
Rounding Errors [generated schema],Rounding Errors,generated schema,VadymOselskyi/airlines-booking,4,0,0,0.000000,0.000000,
Rounding Errors [generated schema],Rounding Errors,generated schema,VictorGalkevich/LinkScrapper,5,0,0,0.000000,0.000000,
Rounding Errors [generated schema],Rounding Errors,generated schema,ViktoriaGub/Object-oriented-programming-systems,3,0,0,0.000000,0.000000,
Rounding Errors [generated schema],Rounding Errors,generated schema,VladimirMorozov/orm-playground,3,0,0,0.000000,0.000000,
Rounding Errors [generated schema],Rounding Errors,generated schema,VoroninEgor/TgBot-LinkTracker,3,0,0,0.000000,0.000000,
Rounding Errors [generated schema],Rounding Errors,generated schema,Wani4ka/tcs-edu-task,3,0,0,0.000000,0.000000,
Rounding Errors [generated schema],Rounding Errors,generated schema,WolfOfBad/TinkoffJavaCourse2024,3,0,0,0.000000,0.000000,
Rounding Errors [generated schema],Rounding Errors,generated schema,YaroslavChetskiy/tinkoff_course_backend_part,4,0,0,0.000000,0.000000,
Rounding Errors [generated schema],Rounding Errors,generated schema,Yer12/tastamat,4,0,0,0.000000,0.000000,
Rounding Errors [generated schema],Rounding Errors,generated schema,YuliaKrav/WebContentUpdateService,2,0,0,0.000000,0.000000,
Rounding Errors [generated schema],Rounding Errors,generated schema,Yuno-obsessed/jodrive,13,0,0,0.000000,0.000000,
Rounding Errors [generated schema],Rounding Errors,generated schema,ZanottiMatteo/BGTransports,10,0,0,0.000000,0.000000,
Rounding Errors [generated schema],Rounding Errors,generated schema,ZebdaYacine/demofx,14,2,2,14.285714,14.285714,1.000000
Rounding Errors [generated schema],Rounding Errors,generated schema,ZsgsDesign/openvsx,18,1,1,5.555556,5.555556,1.000000
Rounding Errors [generated schema],Rounding Errors,generated schema,ZwierzchowskiM/Client-Server,2,0,0,0.000000,0.000000,
Rounding Errors [generated schema],Rounding Errors,generated schema,aabarmin/telegram-bots,7,0,0,0.000000,0.000000,
Rounding Errors [generated schema],Rounding Errors,generated schema,aahlenst/jOOQ-mcve-json-quoting,7,0,0,0.000000,0.000000,
Rounding Errors [generated schema],Rounding Errors,generated schema,aceton41k/java-test-framework,5,0,0,0.000000,0.000000,
Rounding Errors [generated schema],Rounding Errors,generated schema,activej/activej,2,0,0,0.000000,0.000000,
Rounding Errors [generated schema],Rounding Errors,generated schema,aerius/emission-service,90,34,18,20.000000,37.777778,1.888889
Rounding Errors [generated schema],Rounding Errors,generated schema,agibalov/java-library-experiments,2,0,0,0.000000,0.000000,
Rounding Errors [generated schema],Rounding Errors,generated schema,akozitsin-hh/hh-jooq-intro,5,0,0,0.000000,0.000000,
Rounding Errors [generated schema],Rounding Errors,generated schema,aleckbb/tracking-bot,3,0,0,0.000000,0.000000,
Rounding Errors [generated schema],Rounding Errors,generated schema,aleksseii/TradingOperations,4,0,0,0.000000,0.000000,
Rounding Errors [generated schema],Rounding Errors,generated schema,alexxiuccia/TrackMe,7,4,2,28.571429,57.142857,2.000000
Rounding Errors [generated schema],Rounding Errors,generated schema,alipay/container-auto-tune,45,0,0,0.000000,0.000000,
Rounding Errors [generated schema],Rounding Errors,generated schema,alpa011235/sandbox,5,0,0,0.000000,0.000000,
Rounding Errors [generated schema],Rounding Errors,generated schema,altusea/wpg,2,0,0,0.000000,0.000000,
Rounding Errors [generated schema],Rounding Errors,generated schema,alvin-qh/study-java,5,0,0,0.000000,0.000000,
Rounding Errors [generated schema],Rounding Errors,generated schema,amalrajvinoth/jooq-optimistic-locking,1,0,0,0.000000,0.000000,
Rounding Errors [generated schema],Rounding Errors,generated schema,anpol84/java-course-2024,3,0,0,0.000000,0.000000,
Rounding Errors [generated schema],Rounding Errors,generated schema,anyamilichenko/soa,6,2,2,33.333333,33.333333,1.000000
Rounding Errors [generated schema],Rounding Errors,generated schema,aplygen/j13n-saas,6,0,0,0.000000,0.000000,
Rounding Errors [generated schema],Rounding Errors,generated schema,arhostcode/linktracker,3,0,0,0.000000,0.000000,
Rounding Errors [generated schema],Rounding Errors,generated schema,arijit98/RestaurentManagementService,4,2,2,50.000000,50.000000,1.000000
Rounding Errors [generated schema],Rounding Errors,generated schema,arnaudroger/SimpleFlatMapper,3,0,0,0.000000,0.000000,
Rounding Errors [generated schema],Rounding Errors,generated schema,artemius39/java-backend-2024,3,0,0,0.000000,0.000000,
Rounding Errors [generated schema],Rounding Errors,generated schema,articles-simbirsoft/JOOQ-use-in-testing,5,0,0,0.000000,0.000000,
Rounding Errors [generated schema],Rounding Errors,generated schema,artseroff/link-tracker,3,0,0,0.000000,0.000000,
Rounding Errors [generated schema],Rounding Errors,generated schema,atolcd/sdis-remocra,394,27,9,2.284264,6.852792,3.000000
Rounding Errors [generated schema],Rounding Errors,generated schema,atomfrede/javaland-2022-karate-workshop,1,0,0,0.000000,0.000000,
Rounding Errors [generated schema],Rounding Errors,generated schema,auliardana/Java-orm-jooq,1,0,0,0.000000,0.000000,
Rounding Errors [generated schema],Rounding Errors,generated schema,averbraeck/gamedata-common,38,6,3,7.894737,15.789474,2.000000
Rounding Errors [generated schema],Rounding Errors,generated schema,averbraeck/housinggame-common,31,7,5,16.129032,22.580645,1.400000
Rounding Errors [generated schema],Rounding Errors,generated schema,averbraeck/trustgame,20,3,3,15.000000,15.000000,1.000000
Rounding Errors [generated schema],Rounding Errors,generated schema,averbraeck/trustgame-register,20,3,3,15.000000,15.000000,1.000000
Rounding Errors [generated schema],Rounding Errors,generated schema,averbraeck/trustgame-scores,20,3,3,15.000000,15.000000,1.000000
Rounding Errors [generated schema],Rounding Errors,generated schema,aws-observability/aws-otel-playground,1,0,0,0.000000,0.000000,
Rounding Errors [generated schema],Rounding Errors,generated schema,aytdm/study,3,4,2,66.666667,133.333333,2.000000
Rounding Errors [generated schema],Rounding Errors,generated schema,badgerwithagun/async-all-the-way-down,2,0,0,0.000000,0.000000,
Rounding Errors [generated schema],Rounding Errors,generated schema,balazskrizsan/stackjudge_aws_java,1,0,0,0.000000,0.000000,
Rounding Errors [generated schema],Rounding Errors,generated schema,beargiles/youtube-dojo,1,0,0,0.000000,0.000000,
Rounding Errors [generated schema],Rounding Errors,generated schema,bennofs/wdumper,4,0,0,0.000000,0.000000,
Rounding Errors [generated schema],Rounding Errors,generated schema,bharat-chaudhari-0302/spring-jooq-gradle-plugin,1,0,0,0.000000,0.000000,
Rounding Errors [generated schema],Rounding Errors,generated schema,bifidok/TinkoffBackend,5,0,0,0.000000,0.000000,
Rounding Errors [generated schema],Rounding Errors,generated schema,bigseized/TinkoffCourseJava2024,3,0,0,0.000000,0.000000,
Rounding Errors [generated schema],Rounding Errors,generated schema,blueoceandevops/fleet-spring-boot,1,0,0,0.000000,0.000000,
Rounding Errors [generated schema],Rounding Errors,generated schema,boogiespook/waltz-test,88,0,0,0.000000,0.000000,
Rounding Errors [generated schema],Rounding Errors,generated schema,boomzin/dbservice,10,0,0,0.000000,0.000000,
Rounding Errors [generated schema],Rounding Errors,generated schema,bootique-examples/bootique-jooq-examples,1,0,0,0.000000,0.000000,
Rounding Errors [generated schema],Rounding Errors,generated schema,borjom1/cloud-nest,10,0,0,0.000000,0.000000,
Rounding Errors [generated schema],Rounding Errors,generated schema,brianbcampbell/z_beast-product-catalog,3,1,1,33.333333,33.333333,1.000000
Rounding Errors [generated schema],Rounding Errors,generated schema,brody-0125/The-Joy-Of-Java,2,0,0,0.000000,0.000000,
Rounding Errors [generated schema],Rounding Errors,generated schema,bsi-software/ScoutJooq,26,1,1,3.846154,3.846154,1.000000
Rounding Errors [generated schema],Rounding Errors,generated schema,btpka3/btpka3.github.com,240,5,3,1.250000,2.083333,1.666667
Rounding Errors [generated schema],Rounding Errors,generated schema,buster/acmemusic,4,0,0,0.000000,0.000000,
Rounding Errors [generated schema],Rounding Errors,generated schema,c00ler/transfer-service,3,0,0,0.000000,0.000000,
Rounding Errors [generated schema],Rounding Errors,generated schema,cardano-foundation/cardano-rosetta-java,22,0,0,0.000000,0.000000,
Rounding Errors [generated schema],Rounding Errors,generated schema,catsloveme/telegram-bot,3,0,0,0.000000,0.000000,
Rounding Errors [generated schema],Rounding Errors,generated schema,chriswininger/ai-document-query-system,3,0,0,0.000000,0.000000,
Rounding Errors [generated schema],Rounding Errors,generated schema,clearflask/clearflask,11,1,1,9.090909,9.090909,1.000000
Rounding Errors [generated schema],Rounding Errors,generated schema,cn-src/snippets-java,1,0,0,0.000000,0.000000,
Rounding Errors [generated schema],Rounding Errors,generated schema,coduction/famulex,54,13,8,14.814815,24.074074,1.625000
Rounding Errors [generated schema],Rounding Errors,generated schema,constZhur/tinkoff-backend-course-2024,3,0,0,0.000000,0.000000,
Rounding Errors [generated schema],Rounding Errors,generated schema,cooder-org/jooq-mate,2,0,0,0.000000,0.000000,
Rounding Errors [generated schema],Rounding Errors,generated schema,corradomio/java_projects,1,0,0,0.000000,0.000000,
Rounding Errors [generated schema],Rounding Errors,generated schema,crate/cratedb-examples,2,0,0,0.000000,0.000000,
Rounding Errors [generated schema],Rounding Errors,generated schema,crick77/usrbilancio,20,0,0,0.000000,0.000000,
Rounding Errors [generated schema],Rounding Errors,generated schema,crunchykillah/rest_api_springmvc,5,0,0,0.000000,0.000000,
Rounding Errors [generated schema],Rounding Errors,generated schema,cyberpunkoff/tracktor,3,0,0,0.000000,0.000000,
Rounding Errors [generated schema],Rounding Errors,generated schema,cycastic-cumberland/libmanage-backend,11,0,0,0.000000,0.000000,
Rounding Errors [generated schema],Rounding Errors,generated schema,danmofo/fitness-tracker-app,7,2,2,28.571429,28.571429,1.000000
Rounding Errors [generated schema],Rounding Errors,generated schema,dbist/cockroach-docker,2,0,0,0.000000,0.000000,
Rounding Errors [generated schema],Rounding Errors,generated schema,deepakborania/revolut-backend-task,3,0,0,0.000000,0.000000,
Rounding Errors [generated schema],Rounding Errors,generated schema,dehasi/ppp-of-ddd,2,4,2,100.000000,200.000000,2.000000
Rounding Errors [generated schema],Rounding Errors,generated schema,derabbink/sws2,1,0,0,0.000000,0.000000,
Rounding Errors [generated schema],Rounding Errors,generated schema,devstronomy/nasa-data-scraper,2,0,0,0.000000,0.000000,
Rounding Errors [generated schema],Rounding Errors,generated schema,dianainya/platform-backend,15,0,0,0.000000,0.000000,
Rounding Errors [generated schema],Rounding Errors,generated schema,diocorrea/imagewrapper,1,0,0,0.000000,0.000000,
Rounding Errors [generated schema],Rounding Errors,generated schema,djma/play-stack,2,0,0,0.000000,0.000000,
Rounding Errors [generated schema],Rounding Errors,generated schema,dndanoff/spring-boot-unit-integration-test-example,1,0,0,0.000000,0.000000,
Rounding Errors [generated schema],Rounding Errors,generated schema,dominikjaniga91/system-design-interview-projects,1,0,0,0.000000,0.000000,
Rounding Errors [generated schema],Rounding Errors,generated schema,dreamPis/oauth,6,0,0,0.000000,0.000000,
Rounding Errors [generated schema],Rounding Errors,generated schema,dzorbey/order-scheduling,5,0,0,0.000000,0.000000,
Rounding Errors [generated schema],Rounding Errors,generated schema,easkarov/repo-caretaker,3,0,0,0.000000,0.000000,
Rounding Errors [generated schema],Rounding Errors,generated schema,ebi-gene-expression-group/annotare2,6,0,0,0.000000,0.000000,
Rounding Errors [generated schema],Rounding Errors,generated schema,eclipse-scout/scout.rt,1,0,0,0.000000,0.000000,
Rounding Errors [generated schema],Rounding Errors,generated schema,eclipse/openvsx,28,1,1,3.571429,3.571429,1.000000
Rounding Errors [generated schema],Rounding Errors,generated schema,ehrbase/migration-tool,75,0,0,0.000000,0.000000,
Rounding Errors [generated schema],Rounding Errors,generated schema,ekgreen/star-boot,2,0,0,0.000000,0.000000,
Rounding Errors [generated schema],Rounding Errors,generated schema,ekruptsov/jooq-retrofit-crud-poc,1,0,0,0.000000,0.000000,
Rounding Errors [generated schema],Rounding Errors,generated schema,elwin013/todoapp-multitenancy,4,0,0,0.000000,0.000000,
Rounding Errors [generated schema],Rounding Errors,generated schema,emapfff/Link-Tracker,5,0,0,0.000000,0.000000,
Rounding Errors [generated schema],Rounding Errors,generated schema,ericdriggs/reportcard,15,0,0,0.000000,0.000000,
Rounding Errors [generated schema],Rounding Errors,generated schema,eterny13/url-shortener,1,0,0,0.000000,0.000000,
Rounding Errors [generated schema],Rounding Errors,generated schema,evagalyuta/services-city-discover,7,4,2,28.571429,57.142857,2.000000
Rounding Errors [generated schema],Rounding Errors,generated schema,eziomou/library-backend,11,0,0,0.000000,0.000000,
Rounding Errors [generated schema],Rounding Errors,generated schema,f-uni/Quizzy,5,0,0,0.000000,0.000000,
Rounding Errors [generated schema],Rounding Errors,generated schema,fantj2016/springboot-integration,1,0,0,0.000000,0.000000,
Rounding Errors [generated schema],Rounding Errors,generated schema,fasten-project/fasten,19,0,0,0.000000,0.000000,
Rounding Errors [generated schema],Rounding Errors,generated schema,fatihcatalkaya/poker-tracker,3,1,1,33.333333,33.333333,1.000000
Rounding Errors [generated schema],Rounding Errors,generated schema,fedemaleh/chess-challenge-java-1,2,0,0,0.000000,0.000000,
Rounding Errors [generated schema],Rounding Errors,generated schema,filipegar/killbill-getnet,2,0,0,0.000000,0.000000,
Rounding Errors [generated schema],Rounding Errors,generated schema,fishedee/Demo,2,0,0,0.000000,0.000000,
Rounding Errors [generated schema],Rounding Errors,generated schema,fuma-nama/U3-Server,12,0,0,0.000000,0.000000,
Rounding Errors [generated schema],Rounding Errors,generated schema,gchq/stroom,65,0,0,0.000000,0.000000,
Rounding Errors [generated schema],Rounding Errors,generated schema,gchq/stroom-auth,4,0,0,0.000000,0.000000,
Rounding Errors [generated schema],Rounding Errors,generated schema,ge1up/healthy-calories_by_spring,5,0,0,0.000000,0.000000,
Rounding Errors [generated schema],Rounding Errors,generated schema,gekoramy/uni.web,26,0,0,0.000000,0.000000,
Rounding Errors [generated schema],Rounding Errors,generated schema,genenakagaki/ddd-sample,1,0,0,0.000000,0.000000,
Rounding Errors [generated schema],Rounding Errors,generated schema,germinateplatform/gatekeeper-server,14,0,0,0.000000,0.000000,
Rounding Errors [generated schema],Rounding Errors,generated schema,gilbertlim/jooq,23,0,0,0.000000,0.000000,
Rounding Errors [generated schema],Rounding Errors,generated schema,giovene44/Cinemanager_Software_Engineering_project,9,0,0,0.000000,0.000000,
Rounding Errors [generated schema],Rounding Errors,generated schema,glassbell/bp-keeper,1,0,0,0.000000,0.000000,
Rounding Errors [generated schema],Rounding Errors,generated schema,glockyco/Teralizer,12,5,5,41.666667,41.666667,1.000000
Rounding Errors [generated schema],Rounding Errors,generated schema,gmoon92/toy,5,0,0,0.000000,0.000000,
Rounding Errors [generated schema],Rounding Errors,generated schema,gonzo1138/jOOQinSpring-basics,1,0,0,0.000000,0.000000,
Rounding Errors [generated schema],Rounding Errors,generated schema,gourmetgate/gourmetgate,1,0,0,0.000000,0.000000,
Rounding Errors [generated schema],Rounding Errors,generated schema,graphql-java/graphql-java-db-example,13,0,0,0.000000,0.000000,
Rounding Errors [generated schema],Rounding Errors,generated schema,h8/gradle-jooq-example,2,0,0,0.000000,0.000000,
Rounding Errors [generated schema],Rounding Errors,generated schema,hashgraph/hedera-hcs-erc721-sample,25,0,0,0.000000,0.000000,
Rounding Errors [generated schema],Rounding Errors,generated schema,haumacher/wizard-game,3,0,0,0.000000,0.000000,
Rounding Errors [generated schema],Rounding Errors,generated schema,hevan/agri-cloud,42,13,9,21.428571,30.952381,1.444444
Rounding Errors [generated schema],Rounding Errors,generated schema,hiddenswitch/Spellsource,225,0,0,0.000000,0.000000,
Rounding Errors [generated schema],Rounding Errors,generated schema,hieplp/recipe-platform,7,0,0,0.000000,0.000000,
Rounding Errors [generated schema],Rounding Errors,generated schema,hieplp/vinorsoft-hometest,3,0,0,0.000000,0.000000,
Rounding Errors [generated schema],Rounding Errors,generated schema,highloadmipt/expensewriter,1,1,1,100.000000,100.000000,1.000000
Rounding Errors [generated schema],Rounding Errors,generated schema,hpple/revolut-backend-test,2,0,0,0.000000,0.000000,
Rounding Errors [generated schema],Rounding Errors,generated schema,huruiyi/books-source,4,0,0,0.000000,0.000000,
Rounding Errors [generated schema],Rounding Errors,generated schema,hyt-sasaki/SpringBootMicroServiceTutorial,1,0,0,0.000000,0.000000,
Rounding Errors [generated schema],Rounding Errors,generated schema,icefery/demo.icefery.xyz,5,0,0,0.000000,0.000000,
Rounding Errors [generated schema],Rounding Errors,generated schema,itboy87/quarkus-ext-jooq,1,0,0,0.000000,0.000000,
Rounding Errors [generated schema],Rounding Errors,generated schema,iyunbo/stackoverflow,5,0,0,0.000000,0.000000,
Rounding Errors [generated schema],Rounding Errors,generated schema,jOOQ/demo,62,0,0,0.000000,0.000000,
Rounding Errors [generated schema],Rounding Errors,generated schema,jOOQ/jOOQ-mcve,7,0,0,0.000000,0.000000,
Rounding Errors [generated schema],Rounding Errors,generated schema,jackbergus/java_logicalconsistency,20,4,4,20.000000,20.000000,1.000000
Rounding Errors [generated schema],Rounding Errors,generated schema,jasondlee/quarkus-dev-service-full-example,2,0,0,0.000000,0.000000,
Rounding Errors [generated schema],Rounding Errors,generated schema,jasontran320/texera_compose,20,0,0,0.000000,0.000000,
Rounding Errors [generated schema],Rounding Errors,generated schema,jefberpe/restful-demo,3,0,0,0.000000,0.000000,
Rounding Errors [generated schema],Rounding Errors,generated schema,jehugaleahsa/javalin-mvc-starter,2,0,0,0.000000,0.000000,
Rounding Errors [generated schema],Rounding Errors,generated schema,jiangtj-lab/jooq-and-flyway,2,0,0,0.000000,0.000000,
Rounding Errors [generated schema],Rounding Errors,generated schema,jiangtj/jc-platform,6,0,0,0.000000,0.000000,
Rounding Errors [generated schema],Rounding Errors,generated schema,jiangtj/jmicro,3,0,0,0.000000,0.000000,
Rounding Errors [generated schema],Rounding Errors,generated schema,jkingster/Tickster,3,0,0,0.000000,0.000000,
Rounding Errors [generated schema],Rounding Errors,generated schema,jklingsporn/vertx-jooq,90,0,0,0.000000,0.000000,
Rounding Errors [generated schema],Rounding Errors,generated schema,jmingu/petcrown-backend,19,1,1,5.263158,5.263158,1.000000
Rounding Errors [generated schema],Rounding Errors,generated schema,joaoseidel/MussCraft,1,1,1,100.000000,100.000000,1.000000
Rounding Errors [generated schema],Rounding Errors,generated schema,joostvdg/cmg-analytics,1,0,0,0.000000,0.000000,
Rounding Errors [generated schema],Rounding Errors,generated schema,jordanamr/Divarena-old,7,0,0,0.000000,0.000000,
Rounding Errors [generated schema],Rounding Errors,generated schema,jsflzhong/cjSpringboot-demo,8,0,0,0.000000,0.000000,
Rounding Errors [generated schema],Rounding Errors,generated schema,juanhaugaard/H2-sakila,16,0,0,0.000000,0.000000,
Rounding Errors [generated schema],Rounding Errors,generated schema,jubicoy/easymapper,4,0,0,0.000000,0.000000,
Rounding Errors [generated schema],Rounding Errors,generated schema,justhecool/SmallWorlds-Forever,127,73,15,11.811024,57.480315,4.866667
Rounding Errors [generated schema],Rounding Errors,generated schema,justmasyan/vkhomeworks,8,0,0,0.000000,0.000000,
Rounding Errors [generated schema],Rounding Errors,generated schema,k0patych1/java-course-2023-s2,3,0,0,0.000000,0.000000,
Rounding Errors [generated schema],Rounding Errors,generated schema,k55k32/learn-jooq,53,0,0,0.000000,0.000000,
Rounding Errors [generated schema],Rounding Errors,generated schema,kaeru61/chat_app,4,0,0,0.000000,0.000000,
Rounding Errors [generated schema],Rounding Errors,generated schema,kamarkaka/app-updater,3,0,0,0.000000,0.000000,
Rounding Errors [generated schema],Rounding Errors,generated schema,kamil-sita/labelle,23,0,0,0.000000,0.000000,
Rounding Errors [generated schema],Rounding Errors,generated schema,kanki6315/racing-analysis,14,0,0,0.000000,0.000000,
Rounding Errors [generated schema],Rounding Errors,generated schema,kappsegla/databaseprojects,12,0,0,0.000000,0.000000,
Rounding Errors [generated schema],Rounding Errors,generated schema,keeleinstituut/ekilex,207,0,0,0.000000,0.000000,
Rounding Errors [generated schema],Rounding Errors,generated schema,kehuka11/graphql_sample,5,0,0,0.000000,0.000000,
Rounding Errors [generated schema],Rounding Errors,generated schema,khanactl/mcorpus,7,0,0,0.000000,0.000000,
Rounding Errors [generated schema],Rounding Errors,generated schema,khanhduy-14/pro-todolist-java,3,0,0,0.000000,0.000000,
Rounding Errors [generated schema],Rounding Errors,generated schema,killbill/killbill-stripe-plugin,3,0,0,0.000000,0.000000,
Rounding Errors [generated schema],Rounding Errors,generated schema,kkaravitis/pricing-api,2,1,1,50.000000,50.000000,1.000000
Rounding Errors [generated schema],Rounding Errors,generated schema,kmaximk/Link-tracker-bot,3,0,0,0.000000,0.000000,
Rounding Errors [generated schema],Rounding Errors,generated schema,kozakto/ContactManager,1,0,0,0.000000,0.000000,
Rounding Errors [generated schema],Rounding Errors,generated schema,krivonosovti/LinktrackerLast,3,0,0,0.000000,0.000000,
Rounding Errors [generated schema],Rounding Errors,generated schema,krupnoveo/Link-Tracker,3,0,0,0.000000,0.000000,
Rounding Errors [generated schema],Rounding Errors,generated schema,kryakobess/TinkoffBackendCourse,2,0,0,0.000000,0.000000,
Rounding Errors [generated schema],Rounding Errors,generated schema,ksamorodov/SpringAuth,1,0,0,0.000000,0.000000,
Rounding Errors [generated schema],Rounding Errors,generated schema,ksamorodov/corset,4,0,0,0.000000,0.000000,
Rounding Errors [generated schema],Rounding Errors,generated schema,kushtrimh/tomorr,5,0,0,0.000000,0.000000,
Rounding Errors [generated schema],Rounding Errors,generated schema,labinochka/semester-work-agona,4,0,0,0.000000,0.000000,
Rounding Errors [generated schema],Rounding Errors,generated schema,lahraye/farm-collector-task,5,0,0,0.000000,0.000000,
Rounding Errors [generated schema],Rounding Errors,generated schema,lamarios/mmath,9,0,0,0.000000,0.000000,
Rounding Errors [generated schema],Rounding Errors,generated schema,lelup24/blog,14,0,0,0.000000,0.000000,
Rounding Errors [generated schema],Rounding Errors,generated schema,lelup24/spring-boot-websocket,7,0,0,0.000000,0.000000,
Rounding Errors [generated schema],Rounding Errors,generated schema,leoiii12/csci3170-project,4,5,3,75.000000,125.000000,1.666667
Rounding Errors [generated schema],Rounding Errors,generated schema,leoleelwl/springboot_jooq_flyway,2,0,0,0.000000,0.000000,
Rounding Errors [generated schema],Rounding Errors,generated schema,lesam19092/Tinkoff_first_project,3,0,0,0.000000,0.000000,
Rounding Errors [generated schema],Rounding Errors,generated schema,letPeace/VK-homework-6,4,0,0,0.000000,0.000000,
Rounding Errors [generated schema],Rounding Errors,generated schema,lightningdevkit/vss-server,1,0,0,0.000000,0.000000,
Rounding Errors [generated schema],Rounding Errors,generated schema,liljarn/tinkoffCourseJava2024,3,0,0,0.000000,0.000000,
Rounding Errors [generated schema],Rounding Errors,generated schema,lin-mt/spring-boot,1,0,0,0.000000,0.000000,
Rounding Errors [generated schema],Rounding Errors,generated schema,linux-china/jooq-demo,5,0,0,0.000000,0.000000,
Rounding Errors [generated schema],Rounding Errors,generated schema,liuyueyi/spring-boot-demo,5,0,0,0.000000,0.000000,
Rounding Errors [generated schema],Rounding Errors,generated schema,liuzheming/merchant-feecal-mvp,7,0,0,0.000000,0.000000,
Rounding Errors [generated schema],Rounding Errors,generated schema,ljk0071/side-project-back,46,0,0,0.000000,0.000000,
Rounding Errors [generated schema],Rounding Errors,generated schema,lsfoster64/gymhelper,3,0,0,0.000000,0.000000,
Rounding Errors [generated schema],Rounding Errors,generated schema,lsn03/java-2023-backend-second-semester,5,0,0,0.000000,0.000000,
Rounding Errors [generated schema],Rounding Errors,generated schema,lwbeamer/tinkoff-course,3,0,0,0.000000,0.000000,
Rounding Errors [generated schema],Rounding Errors,generated schema,lzbkln/java-course-tinkoff-spring-2024,5,0,0,0.000000,0.000000,
Rounding Errors [generated schema],Rounding Errors,generated schema,lzj09/sw-jooq,1,0,0,0.000000,0.000000,
Rounding Errors [generated schema],Rounding Errors,generated schema,magicswissweed/MagicSwissWeed2.0,10,0,0,0.000000,0.000000,
Rounding Errors [generated schema],Rounding Errors,generated schema,makeitfine-org/mif,1,0,0,0.000000,0.000000,
Rounding Errors [generated schema],Rounding Errors,generated schema,maksmolchdmitr/tinkoffLinkUpdater,4,0,0,0.000000,0.000000,
Rounding Errors [generated schema],Rounding Errors,generated schema,marcato10/manaca-framework,6,0,0,0.000000,0.000000,
Rounding Errors [generated schema],Rounding Errors,generated schema,marijarin/tin_back_hws,4,0,0,0.000000,0.000000,
Rounding Errors [generated schema],Rounding Errors,generated schema,marlind89/kensa,2,0,0,0.000000,0.000000,
Rounding Errors [generated schema],Rounding Errors,generated schema,martynovvladislav/tinkoff-java-backend-course-2024,3,0,0,0.000000,0.000000,
Rounding Errors [generated schema],Rounding Errors,generated schema,matco/hotspot-api,5,0,0,0.000000,0.000000,
Rounding Errors [generated schema],Rounding Errors,generated schema,matuolis/financial-analysis-be,6,0,0,0.000000,0.000000,
Rounding Errors [generated schema],Rounding Errors,generated schema,matuolis/vehicle-marketplace-be,4,1,1,25.000000,25.000000,1.000000
Rounding Errors [generated schema],Rounding Errors,generated schema,maximister/LinkTrackerBot,3,0,0,0.000000,0.000000,
Rounding Errors [generated schema],Rounding Errors,generated schema,mbto/eatlog,7,0,0,0.000000,0.000000,
Rounding Errors [generated schema],Rounding Errors,generated schema,mbto/funnyranks,12,0,0,0.000000,0.000000,
Rounding Errors [generated schema],Rounding Errors,generated schema,mehdikeshani/MyFasten,19,0,0,0.000000,0.000000,
Rounding Errors [generated schema],Rounding Errors,generated schema,merlimmateus/vidsummize,1,0,0,0.000000,0.000000,
Rounding Errors [generated schema],Rounding Errors,generated schema,metaloom/loom,44,0,0,0.000000,0.000000,
Rounding Errors [generated schema],Rounding Errors,generated schema,migibert/embro,11,0,0,0.000000,0.000000,
Rounding Errors [generated schema],Rounding Errors,generated schema,miguelperezcolom/mateu-article-2,5,0,0,0.000000,0.000000,
Rounding Errors [generated schema],Rounding Errors,generated schema,mikerasch/dal,2,0,0,0.000000,0.000000,
Rounding Errors [generated schema],Rounding Errors,generated schema,mingtiangg/LTG,25,0,0,0.000000,0.000000,
Rounding Errors [generated schema],Rounding Errors,generated schema,mini-crm/mini-crm,2,0,0,0.000000,0.000000,
Rounding Errors [generated schema],Rounding Errors,generated schema,mistresssfilth/HM8,2,0,0,0.000000,0.000000,
Rounding Errors [generated schema],Rounding Errors,generated schema,mochegov/rock-paper-scissors,3,0,0,0.000000,0.000000,
Rounding Errors [generated schema],Rounding Errors,generated schema,modlix-india/nocode-saas,93,0,0,0.000000,0.000000,
Rounding Errors [generated schema],Rounding Errors,generated schema,mullerhai/mysql-modeldb,35,4,3,8.571429,11.428571,1.333333
Rounding Errors [generated schema],Rounding Errors,generated schema,murl-digital/squier,2,1,1,50.000000,50.000000,1.000000
Rounding Errors [generated schema],Rounding Errors,generated schema,mwilkins91/mythology-v2,6,0,0,0.000000,0.000000,
Rounding Errors [generated schema],Rounding Errors,generated schema,my1exp/YC_Pay,12,6,4,33.333333,50.000000,1.500000
Rounding Errors [generated schema],Rounding Errors,generated schema,mytakedotorg/mtdo,11,0,0,0.000000,0.000000,
Rounding Errors [generated schema],Rounding Errors,generated schema,nameishari/money-transfer-service,2,0,0,0.000000,0.000000,
Rounding Errors [generated schema],Rounding Errors,generated schema,navikt/veilarblest,2,0,0,0.000000,0.000000,
Rounding Errors [generated schema],Rounding Errors,generated schema,neptunejing/SkillUp-Ecom-Plat,8,0,0,0.000000,0.000000,
Rounding Errors [generated schema],Rounding Errors,generated schema,nianien/jooq-tutorial,3,0,0,0.000000,0.000000,
Rounding Errors [generated schema],Rounding Errors,generated schema,nianien/katana,4,0,0,0.000000,0.000000,
Rounding Errors [generated schema],Rounding Errors,generated schema,nikguscode/HackathonMax,9,0,0,0.000000,0.000000,
Rounding Errors [generated schema],Rounding Errors,generated schema,nikolay-klekto/FunScrutContactCenterBot,5,0,0,0.000000,0.000000,
Rounding Errors [generated schema],Rounding Errors,generated schema,niranjankhare/SeleniumPageModeller,8,0,0,0.000000,0.000000,
Rounding Errors [generated schema],Rounding Errors,generated schema,nocarend/Tinkoff-Edu-Backend-Java,2,0,0,0.000000,0.000000,
Rounding Errors [generated schema],Rounding Errors,generated schema,noir2k/speechear,20,1,1,5.000000,5.000000,1.000000
Rounding Errors [generated schema],Rounding Errors,generated schema,nortal/GovStack-IM-BB-PubSub-Component,11,0,0,0.000000,0.000000,
Rounding Errors [generated schema],Rounding Errors,generated schema,northcoder-repo/jooqSakilaDemo,46,0,0,0.000000,0.000000,
Rounding Errors [generated schema],Rounding Errors,generated schema,nuromirzak/tinkoff_academy,3,0,0,0.000000,0.000000,
Rounding Errors [generated schema],Rounding Errors,generated schema,nyh1030/rocketmart-pcweb,11,4,2,18.181818,36.363636,2.000000
Rounding Errors [generated schema],Rounding Errors,generated schema,ojhughes/concourse-http-lock-resource,4,0,0,0.000000,0.000000,
Rounding Errors [generated schema],Rounding Errors,generated schema,oneops/oneops,41,0,0,0.000000,0.000000,
Rounding Errors [generated schema],Rounding Errors,generated schema,oracle/graalvm-reachability-metadata,10,0,0,0.000000,0.000000,
Rounding Errors [generated schema],Rounding Errors,generated schema,otto15/ITMO-WEB-LAB3,1,3,1,100.000000,300.000000,3.000000
Rounding Errors [generated schema],Rounding Errors,generated schema,pawelWielkolinski/SDABetApp,3,0,0,0.000000,0.000000,
Rounding Errors [generated schema],Rounding Errors,generated schema,pedroafonsodias/springboot,1,0,0,0.000000,0.000000,
Rounding Errors [generated schema],Rounding Errors,generated schema,pedroermarinho/teach-sync,3,0,0,0.000000,0.000000,
Rounding Errors [generated schema],Rounding Errors,generated schema,philosopherstonerush/java-notes,4,0,0,0.000000,0.000000,
Rounding Errors [generated schema],Rounding Errors,generated schema,phpbae/JOOQ,2,0,0,0.000000,0.000000,
Rounding Errors [generated schema],Rounding Errors,generated schema,picodotdev/blog-ejemplos,7,0,0,0.000000,0.000000,
Rounding Errors [generated schema],Rounding Errors,generated schema,poemp/metadata-gather,5,0,0,0.000000,0.000000,
Rounding Errors [generated schema],Rounding Errors,generated schema,polytech-attendance/taskbot,3,0,0,0.000000,0.000000,
Rounding Errors [generated schema],Rounding Errors,generated schema,ppretki/mysql-spatial-data,1,0,0,0.000000,0.000000,
Rounding Errors [generated schema],Rounding Errors,generated schema,pratyush05/trade-app,3,2,2,66.666667,66.666667,1.000000
Rounding Errors [generated schema],Rounding Errors,generated schema,pro100bat9/tg_chat,3,0,0,0.000000,0.000000,
Rounding Errors [generated schema],Rounding Errors,generated schema,propan/tea-buddy,2,0,0,0.000000,0.000000,
Rounding Errors [generated schema],Rounding Errors,generated schema,puzink/Wallet,1,0,0,0.000000,0.000000,
Rounding Errors [generated schema],Rounding Errors,generated schema,pvkvetkin/trackcontent,5,0,0,0.000000,0.000000,
Rounding Errors [generated schema],Rounding Errors,generated schema,pvorb/npm-stat.com,6,0,0,0.000000,0.000000,
Rounding Errors [generated schema],Rounding Errors,generated schema,qiao-zhi/springboot-ssm,3,0,0,0.000000,0.000000,
Rounding Errors [generated schema],Rounding Errors,generated schema,qimok/sharding-jdbc-test,2,0,0,0.000000,0.000000,
Rounding Errors [generated schema],Rounding Errors,generated schema,quarkiverse/quarkus-jooq,2,0,0,0.000000,0.000000,
Rounding Errors [generated schema],Rounding Errors,generated schema,quickmsg/smqtt,2,0,0,0.000000,0.000000,
Rounding Errors [generated schema],Rounding Errors,generated schema,quinscape/automaton,7,0,0,0.000000,0.000000,
Rounding Errors [generated schema],Rounding Errors,generated schema,quinscape/domainql,23,0,0,0.000000,0.000000,
Rounding Errors [generated schema],Rounding Errors,generated schema,quinscape/domainqlstarter,4,0,0,0.000000,0.000000,
Rounding Errors [generated schema],Rounding Errors,generated schema,r0masaN/PurchaseTask,2,0,0,0.000000,0.000000,
Rounding Errors [generated schema],Rounding Errors,generated schema,raissabeccarelli/UniBite,3,0,0,0.000000,0.000000,
Rounding Errors [generated schema],Rounding Errors,generated schema,ralscha/attic,8,0,0,0.000000,0.000000,
Rounding Errors [generated schema],Rounding Errors,generated schema,ralscha/blog2019,3,0,0,0.000000,0.000000,
Rounding Errors [generated schema],Rounding Errors,generated schema,ralscha/blog2020,1,0,0,0.000000,0.000000,
Rounding Errors [generated schema],Rounding Errors,generated schema,ralscha/otodo,3,0,0,0.000000,0.000000,
Rounding Errors [generated schema],Rounding Errors,generated schema,ralscha/realworld-spring-boot-jooq,7,0,0,0.000000,0.000000,
Rounding Errors [generated schema],Rounding Errors,generated schema,ralscha/springsecuritytotp,1,0,0,0.000000,0.000000,
Rounding Errors [generated schema],Rounding Errors,generated schema,ralscha/webauthn-demo,2,0,0,0.000000,0.000000,
Rounding Errors [generated schema],Rounding Errors,generated schema,ramoncunha/rinha-backend,1,0,0,0.000000,0.000000,
Rounding Errors [generated schema],Rounding Errors,generated schema,rayokota/kcache,1,0,0,0.000000,0.000000,
Rounding Errors [generated schema],Rounding Errors,generated schema,renan-schmitt/spring-boot-jooq,1,0,0,0.000000,0.000000,
Rounding Errors [generated schema],Rounding Errors,generated schema,rench/scio,1,0,0,0.000000,0.000000,
Rounding Errors [generated schema],Rounding Errors,generated schema,reportportal/commons-dao,60,2,2,3.333333,3.333333,1.000000
Rounding Errors [generated schema],Rounding Errors,generated schema,revensif/Tinkoff_Course2024,4,0,0,0.000000,0.000000,
Rounding Errors [generated schema],Rounding Errors,generated schema,rockmanck/lifebook,13,0,0,0.000000,0.000000,
Rounding Errors [generated schema],Rounding Errors,generated schema,rodano/rodano,33,1,1,3.030303,3.030303,1.000000
Rounding Errors [generated schema],Rounding Errors,generated schema,rogoo/java-raiz,5,0,0,0.000000,0.000000,
Rounding Errors [generated schema],Rounding Errors,generated schema,romchellis/transactions,1,0,0,0.000000,0.000000,
Rounding Errors [generated schema],Rounding Errors,generated schema,rzenkov/perfplayground,5,0,0,0.000000,0.000000,
Rounding Errors [generated schema],Rounding Errors,generated schema,s3nkyh/Library,6,0,0,0.000000,0.000000,
Rounding Errors [generated schema],Rounding Errors,generated schema,saksonikEgor/java-course-2023-backend-template-master,3,0,0,0.000000,0.000000,
Rounding Errors [generated schema],Rounding Errors,generated schema,saltybots/secretsalty-backend-j,5,0,0,0.000000,0.000000,
Rounding Errors [generated schema],Rounding Errors,generated schema,sayseakleng/template,1,0,0,0.000000,0.000000,
Rounding Errors [generated schema],Rounding Errors,generated schema,sdumancic/quarkus-template,5,0,0,0.000000,0.000000,
Rounding Errors [generated schema],Rounding Errors,generated schema,sebastian-raubach/frickl-web-server,14,0,0,0.000000,0.000000,
Rounding Errors [generated schema],Rounding Errors,generated schema,self-xdsd/self-storage,16,0,0,0.000000,0.000000,
Rounding Errors [generated schema],Rounding Errors,generated schema,serdeliverance/turro-lingo-api,3,0,0,0.000000,0.000000,
Rounding Errors [generated schema],Rounding Errors,generated schema,serje3/BotDiscordBackend,8,0,0,0.000000,0.000000,
Rounding Errors [generated schema],Rounding Errors,generated schema,sfk25/annually_report,9,0,0,0.000000,0.000000,
Rounding Errors [generated schema],Rounding Errors,generated schema,sge93/jooq-testcontainers-demo,1,0,0,0.000000,0.000000,
Rounding Errors [generated schema],Rounding Errors,generated schema,shengquan-ni/reshape-on-amber,10,0,0,0.000000,0.000000,
Rounding Errors [generated schema],Rounding Errors,generated schema,shev-81/jooqtest,2,0,0,0.000000,0.000000,
Rounding Errors [generated schema],Rounding Errors,generated schema,shileishmily/spring-boot-jooq-demo,2,0,0,0.000000,0.000000,
Rounding Errors [generated schema],Rounding Errors,generated schema,shilohooo/learn-jooq,8,0,0,0.000000,0.000000,
Rounding Errors [generated schema],Rounding Errors,generated schema,sify21/testjooq,3,0,0,0.000000,0.000000,
Rounding Errors [generated schema],Rounding Errors,generated schema,sikt-no/graphitron,33,0,0,0.000000,0.000000,
Rounding Errors [generated schema],Rounding Errors,generated schema,sim1984/fbjavaex,10,0,0,0.000000,0.000000,
Rounding Errors [generated schema],Rounding Errors,generated schema,sjucker/mvu-platform,15,0,0,0.000000,0.000000,
Rounding Errors [generated schema],Rounding Errors,generated schema,sjucker/referee-coach-probasket,10,0,0,0.000000,0.000000,
Rounding Errors [generated schema],Rounding Errors,generated schema,sjucker/zkmf2024-server,35,0,0,0.000000,0.000000,
Rounding Errors [generated schema],Rounding Errors,generated schema,skapral/poetryclub,5,0,0,0.000000,0.000000,
Rounding Errors [generated schema],Rounding Errors,generated schema,skyleedevzero86/Spring_lee_Module,15,0,0,0.000000,0.000000,
Rounding Errors [generated schema],Rounding Errors,generated schema,smartywebdev0119/springsecurity-top,1,0,0,0.000000,0.000000,
Rounding Errors [generated schema],Rounding Errors,generated schema,smix22/kitaplan,1,0,0,0.000000,0.000000,
Rounding Errors [generated schema],Rounding Errors,generated schema,smockoro/spring-boot-java-jooq,2,0,0,0.000000,0.000000,
Rounding Errors [generated schema],Rounding Errors,generated schema,snhr-1019/task-app-example,2,0,0,0.000000,0.000000,
Rounding Errors [generated schema],Rounding Errors,generated schema,sogeking7/booking-hotel-app,12,0,0,0.000000,0.000000,
Rounding Errors [generated schema],Rounding Errors,generated schema,sogeking7/hacknu-25-zaman-bank-ai-app,8,0,0,0.000000,0.000000,
Rounding Errors [generated schema],Rounding Errors,generated schema,sokolovskayaa/tinkoff-project,3,0,0,0.000000,0.000000,
Rounding Errors [generated schema],Rounding Errors,generated schema,sooogle/micronaut-petclinic,7,0,0,0.000000,0.000000,
Rounding Errors [generated schema],Rounding Errors,generated schema,spacedragon/dgit,3,0,0,0.000000,0.000000,
Rounding Errors [generated schema],Rounding Errors,generated schema,spectuu/equipo-4-ings-202520,4,0,0,0.000000,0.000000,
Rounding Errors [generated schema],Rounding Errors,generated schema,ssydx/django_wesite,1,0,0,0.000000,0.000000,
Rounding Errors [generated schema],Rounding Errors,generated schema,streamarr/streamarr-server,12,0,0,0.000000,0.000000,
Rounding Errors [generated schema],Rounding Errors,generated schema,stukenvitalii/TinkoffBot,3,0,0,0.000000,0.000000,
Rounding Errors [generated schema],Rounding Errors,generated schema,sun-fintrack/fintrack-back,5,0,0,0.000000,0.000000,
Rounding Errors [generated schema],Rounding Errors,generated schema,svp8/java-course-2024,7,0,0,0.000000,0.000000,
Rounding Errors [generated schema],Rounding Errors,generated schema,sweatboys/open-discogs-api,29,0,0,0.000000,0.000000,
Rounding Errors [generated schema],Rounding Errors,generated schema,sylvan-tang/auro,1,0,0,0.000000,0.000000,
Rounding Errors [generated schema],Rounding Errors,generated schema,synonymdev/vss-server,1,0,0,0.000000,0.000000,
Rounding Errors [generated schema],Rounding Errors,generated schema,t3hw/mhn,1,0,0,0.000000,0.000000,
Rounding Errors [generated schema],Rounding Errors,generated schema,tanjezh/spring-demos,5,0,0,0.000000,0.000000,
Rounding Errors [generated schema],Rounding Errors,generated schema,tapis-project/tapis-apps,3,0,0,0.000000,0.000000,
Rounding Errors [generated schema],Rounding Errors,generated schema,tapis-project/tapis-files,2,0,0,0.000000,0.000000,
Rounding Errors [generated schema],Rounding Errors,generated schema,tapis-project/tapis-notifications,6,0,0,0.000000,0.000000,
Rounding Errors [generated schema],Rounding Errors,generated schema,tapis-project/tapis-systems,5,0,0,0.000000,0.000000,
Rounding Errors [generated schema],Rounding Errors,generated schema,tariqkb/justweighit,4,0,0,0.000000,0.000000,
Rounding Errors [generated schema],Rounding Errors,generated schema,teragrep/pth_06,7,0,0,0.000000,0.000000,
Rounding Errors [generated schema],Rounding Errors,generated schema,the-programmers-hangout/Mimic,5,0,0,0.000000,0.000000,
Rounding Errors [generated schema],Rounding Errors,generated schema,therepanic/hr-masters-service,3,0,0,0.000000,0.000000,
Rounding Errors [generated schema],Rounding Errors,generated schema,therepanic/lapayment-crypto-pay-system,4,10,3,75.000000,250.000000,3.333333
Rounding Errors [generated schema],Rounding Errors,generated schema,therepanic/lapayment-crypto-payment-system-microservices,18,48,13,72.222222,266.666667,3.692308
Rounding Errors [generated schema],Rounding Errors,generated schema,therepanic/trustwin-casino-project,39,12,11,28.205128,30.769231,1.090909
Rounding Errors [generated schema],Rounding Errors,generated schema,theronielanddaronpodcastshow/svja,9,0,0,0.000000,0.000000,
Rounding Errors [generated schema],Rounding Errors,generated schema,thomascherickal/hedera-stable-coin,33,0,0,0.000000,0.000000,
Rounding Errors [generated schema],Rounding Errors,generated schema,tmtsoftware/aps-procedure-read-benchmarking,2,0,0,0.000000,0.000000,
Rounding Errors [generated schema],Rounding Errors,generated schema,toannv6895/searchable,1,0,0,0.000000,0.000000,
Rounding Errors [generated schema],Rounding Errors,generated schema,truonghq99/adam-project,1,0,0,0.000000,0.000000,
Rounding Errors [generated schema],Rounding Errors,generated schema,tsemkaloalena-mirea/vk_education,8,0,0,0.000000,0.000000,
Rounding Errors [generated schema],Rounding Errors,generated schema,tsoyolv/transfer-money,3,0,0,0.000000,0.000000,
Rounding Errors [generated schema],Rounding Errors,generated schema,tw-bc-group/tw-wallet-backend,20,0,0,0.000000,0.000000,
Rounding Errors [generated schema],Rounding Errors,generated schema,tyomamatrosov/MatrosovAS,3,0,0,0.000000,0.000000,
Rounding Errors [generated schema],Rounding Errors,generated schema,uianz/webflux-jooq-r2dbc-starter,2,0,0,0.000000,0.000000,
Rounding Errors [generated schema],Rounding Errors,generated schema,ultrapotato69/genealogy-back,2,0,0,0.000000,0.000000,
Rounding Errors [generated schema],Rounding Errors,generated schema,unlessiamwrong/Tinkoff-Java-course-2,3,0,0,0.000000,0.000000,
Rounding Errors [generated schema],Rounding Errors,generated schema,uptosmth/chronos,7,0,0,0.000000,0.000000,
Rounding Errors [generated schema],Rounding Errors,generated schema,utfunderscore/buildformat,3,0,0,0.000000,0.000000,
Rounding Errors [generated schema],Rounding Errors,generated schema,uvuv-643/Service_Oriented_Architecture,16,0,0,0.000000,0.000000,
Rounding Errors [generated schema],Rounding Errors,generated schema,vbandurin7/update-listener-bot,3,0,0,0.000000,0.000000,
Rounding Errors [generated schema],Rounding Errors,generated schema,vendelieu/spring-template,2,0,0,0.000000,0.000000,
Rounding Errors [generated schema],Rounding Errors,generated schema,vinniec4/fantasy-football,2,0,0,0.000000,0.000000,
Rounding Errors [generated schema],Rounding Errors,generated schema,vkuzel/Quantum-Leap,10,0,0,0.000000,0.000000,
Rounding Errors [generated schema],Rounding Errors,generated schema,vladislav77777/java-backend-course,3,0,0,0.000000,0.000000,
Rounding Errors [generated schema],Rounding Errors,generated schema,voidframework/voidframework,1,0,0,0.000000,0.000000,
Rounding Errors [generated schema],Rounding Errors,generated schema,volvas/courses,6,0,0,0.000000,0.000000,
Rounding Errors [generated schema],Rounding Errors,generated schema,vran-dev/databasir,27,0,0,0.000000,0.000000,
Rounding Errors [generated schema],Rounding Errors,generated schema,warhog/fpvlaptracker,6,0,0,0.000000,0.000000,
Rounding Errors [generated schema],Rounding Errors,generated schema,waydxd/COMP3111-Project,9,5,4,44.444444,55.555556,1.250000
Rounding Errors [generated schema],Rounding Errors,generated schema,wbprime/java-mods,4,0,0,0.000000,0.000000,
Rounding Errors [generated schema],Rounding Errors,generated schema,web3brothers/aleo-network-info,3,1,1,33.333333,33.333333,1.000000
Rounding Errors [generated schema],Rounding Errors,generated schema,whizvox/wsite,4,0,0,0.000000,0.000000,
Rounding Errors [generated schema],Rounding Errors,generated schema,whxu215/jooq-springboot-example-junit,1,0,0,0.000000,0.000000,
Rounding Errors [generated schema],Rounding Errors,generated schema,wuda0112/foundation,50,0,0,0.000000,0.000000,
Rounding Errors [generated schema],Rounding Errors,generated schema,wuhunyu/jooq-transaction,1,0,0,0.000000,0.000000,
Rounding Errors [generated schema],Rounding Errors,generated schema,wujihulian/filesbox,41,3,3,7.317073,7.317073,1.000000
Rounding Errors [generated schema],Rounding Errors,generated schema,xGodness/service-oriented-architecture,3,1,1,33.333333,33.333333,1.000000
Rounding Errors [generated schema],Rounding Errors,generated schema,xJade00/TavernMaid,3,0,0,0.000000,0.000000,
Rounding Errors [generated schema],Rounding Errors,generated schema,xdnw/Diplocutus,42,0,0,0.000000,0.000000,
Rounding Errors [generated schema],Rounding Errors,generated schema,xdnw/locutus,42,0,0,0.000000,0.000000,
Rounding Errors [generated schema],Rounding Errors,generated schema,xinxiamu/mu-spring-boot-sample,4,0,0,0.000000,0.000000,
Rounding Errors [generated schema],Rounding Errors,generated schema,xnelo/filearch,4,0,0,0.000000,0.000000,
Rounding Errors [generated schema],Rounding Errors,generated schema,yangjinguang/i-share-server,17,0,0,0.000000,0.000000,
Rounding Errors [generated schema],Rounding Errors,generated schema,yaowei-u/kafka,10,0,0,0.000000,0.000000,
Rounding Errors [generated schema],Rounding Errors,generated schema,ydb-platform/ydb-java-dialects,6,0,0,0.000000,0.000000,
Rounding Errors [generated schema],Rounding Errors,generated schema,ydeng11/Minance,5,0,0,0.000000,0.000000,
Rounding Errors [generated schema],Rounding Errors,generated schema,yichunzhao/jooq-dao,1,0,0,0.000000,0.000000,
Rounding Errors [generated schema],Rounding Errors,generated schema,yihaozhong/BuyUp,4,0,0,0.000000,0.000000,
Rounding Errors [generated schema],Rounding Errors,generated schema,yilmazorhan/smallapps.tips,1,0,0,0.000000,0.000000,
Rounding Errors [generated schema],Rounding Errors,generated schema,yiminyangguang520/Java-Learning,1,0,0,0.000000,0.000000,
Rounding Errors [generated schema],Rounding Errors,generated schema,young0264/jungsuri,14,0,0,0.000000,0.000000,
Rounding Errors [generated schema],Rounding Errors,generated schema,youngzil/quickstart-database,2,0,0,0.000000,0.000000,
Rounding Errors [generated schema],Rounding Errors,generated schema,yuizho/spring-sandbox,2,0,0,0.000000,0.000000,
Rounding Errors [generated schema],Rounding Errors,generated schema,yuzhongyousida/zipkin,3,0,0,0.000000,0.000000,
Rounding Errors [generated schema],Rounding Errors,generated schema,zangzang/java-test,4,0,0,0.000000,0.000000,
Rounding Errors [generated schema],Rounding Errors,generated schema,zero-ws/zero-ecotope,270,0,0,0.000000,0.000000,
Rounding Errors [generated schema],Rounding Errors,generated schema,zhengqingya/java-workspace,1,0,0,0.000000,0.000000,
Rounding Errors [generated schema],Rounding Errors,generated schema,zhengzizhe/agent_demo,15,1,1,6.666667,6.666667,1.000000
Rounding Errors [generated schema],Rounding Errors,generated schema,zhouzhaodong/springboot,1,0,0,0.000000,0.000000,
Rounding Errors [generated schema],Rounding Errors,generated schema,zhuyb0614/graph-batis,5,0,0,0.000000,0.000000,
Rounding Errors [generated schema],Rounding Errors,generated schema,zigzag191/java-backend-course-2024,3,0,0,0.000000,0.000000,
Rounding Errors [generated schema],Rounding Errors,generated schema,zjxkenshine/codedemo,1,0,0,0.000000,0.000000,
Rounding Errors [generated schema],Rounding Errors,generated schema,zodac-personal/folding-stats,11,0,0,0.000000,0.000000,
Any retained class [broad detector-output density],Any retained class,all relevant files,4el1k/Spring-Api-Hibernate-JOOQ,12,18,10,83.333333,150.000000,1.800000
Any retained class [broad detector-output density],Any retained class,all relevant files,66xc1/lazy-punch,9,9,7,77.777778,100.000000,1.285714
Any retained class [broad detector-output density],Any retained class,all relevant files,ABCLV/ABLV_IngSW,18,11,9,50.000000,61.111111,1.222222
Any retained class [broad detector-output density],Any retained class,all relevant files,APSfurizon/fz-backend,116,16,10,8.620690,13.793103,1.600000
Any retained class [broad detector-output density],Any retained class,all relevant files,AWS-Cloud-Community-LPU/mailing-service,4,2,2,50.000000,50.000000,1.000000
Any retained class [broad detector-output density],Any retained class,all relevant files,AffectedArc07/ParaUtil,6,6,4,66.666667,100.000000,1.500000
Any retained class [broad detector-output density],Any retained class,all relevant files,AisleiAvila/empresa,17,16,12,70.588235,94.117647,1.333333
Any retained class [broad detector-output density],Any retained class,all relevant files,AkaLrz/E-commercial-Platfrom,11,9,7,63.636364,81.818182,1.285714
Any retained class [broad detector-output density],Any retained class,all relevant files,AlexSpeal/Tracking-Bot,8,8,4,50.000000,100.000000,2.000000
Any retained class [broad detector-output density],Any retained class,all relevant files,Alexandr-Kokorin/JavaCourse2024,8,9,5,62.500000,112.500000,1.800000
Any retained class [broad detector-output density],Any retained class,all relevant files,AlexzTj/p2p,8,7,4,50.000000,87.500000,1.750000
Any retained class [broad detector-output density],Any retained class,all relevant files,AlphaFoxz/oneboot,10,8,4,40.000000,80.000000,2.000000
Any retained class [broad detector-output density],Any retained class,all relevant files,AnastasiaPleshkova/tnkf-tracker,8,9,4,50.000000,112.500000,2.250000
Any retained class [broad detector-output density],Any retained class,all relevant files,AndrewSalygin/LinkTracker-Tinkoff,7,9,4,57.142857,128.571429,2.250000
Any retained class [broad detector-output density],Any retained class,all relevant files,Andrey582/NotificationBot,11,10,4,36.363636,90.909091,2.500000
Any retained class [broad detector-output density],Any retained class,all relevant files,Ani512/online-tutoring-app-backend,16,45,9,56.250000,281.250000,5.000000
Any retained class [broad detector-output density],Any retained class,all relevant files,AntonioRusan/LinkTracker,13,12,7,53.846154,92.307692,1.714286
Any retained class [broad detector-output density],Any retained class,all relevant files,Apress/beginning-jooq,110,70,38,34.545455,63.636364,1.842105
Any retained class [broad detector-output density],Any retained class,all relevant files,Apress/pro-spring-6,15,16,8,53.333333,106.666667,2.000000
Any retained class [broad detector-output density],Any retained class,all relevant files,AprilHan1992/fleet-spring-boot,37,48,29,78.378378,129.729730,1.655172
Any retained class [broad detector-output density],Any retained class,all relevant files,ArcaHozota/nasb1995edv3,24,44,13,54.166667,183.333333,3.384615
Any retained class [broad detector-output density],Any retained class,all relevant files,Arden30/TinkoffJavaBackendSpring23-24,10,14,5,50.000000,140.000000,2.800000
Any retained class [broad detector-output density],Any retained class,all relevant files,AtroposBot/Atropos,27,15,15,55.555556,55.555556,1.000000
Any retained class [broad detector-output density],Any retained class,all relevant files,Atsushi68/trunk,47,45,18,38.297872,95.744681,2.500000
Any retained class [broad detector-output density],Any retained class,all relevant files,Ayazkins/Java-Tinkoff-sem-2,9,11,6,66.666667,122.222222,1.833333
Any retained class [broad detector-output density],Any retained class,all relevant files,BRP-API/brp-api-gezag,21,8,5,23.809524,38.095238,1.600000
Any retained class [broad detector-output density],Any retained class,all relevant files,BenMAPCE/BenCloudServer,222,660,186,83.783784,297.297297,3.548387
Any retained class [broad detector-output density],Any retained class,all relevant files,BinaryIgor/tools-and-templates,29,10,9,31.034483,34.482759,1.111111
Any retained class [broad detector-output density],Any retained class,all relevant files,Blackdread/rest-filter,16,10,4,25.000000,62.500000,2.500000
Any retained class [broad detector-output density],Any retained class,all relevant files,BlakieSL/SpringJOOQ_DAO,12,10,6,50.000000,83.333333,1.666667
Any retained class [broad detector-output density],Any retained class,all relevant files,BluBluBlaBla/vidsummize,2,4,2,100.000000,200.000000,2.000000
Any retained class [broad detector-output density],Any retained class,all relevant files,BogBond2000/Itmo_labs,5,6,4,80.000000,120.000000,1.500000
Any retained class [broad detector-output density],Any retained class,all relevant files,BorisovAlexspb/Update_tracker_bot,14,14,11,78.571429,100.000000,1.272727
Any retained class [broad detector-output density],Any retained class,all relevant files,Bruh3509/updates-tracker,8,3,2,25.000000,37.500000,1.500000
Any retained class [broad detector-output density],Any retained class,all relevant files,BuchnevDmitry/LinkTracker,8,7,4,50.000000,87.500000,1.750000
Any retained class [broad detector-output density],Any retained class,all relevant files,BudgetingWebsite/Backend,17,10,4,23.529412,58.823529,2.500000
Any retained class [broad detector-output density],Any retained class,all relevant files,CaXaPCMeDoM/tinkoff-java-course-2024-backend,11,3,3,27.272727,27.272727,1.000000
Any retained class [broad detector-output density],Any retained class,all relevant files,CaptainCluster/data_intensive_assignment_3,13,19,10,76.923077,146.153846,1.900000
Any retained class [broad detector-output density],Any retained class,all relevant files,CatOrLeader/Tinkoff_Link_Tracker,9,10,4,44.444444,111.111111,2.500000
Any retained class [broad detector-output density],Any retained class,all relevant files,ChatCode9/ChatCode-backend,44,76,37,84.090909,172.727273,2.054054
Any retained class [broad detector-output density],Any retained class,all relevant files,Claydelas/dashboard-fx,13,22,9,69.230769,169.230769,2.444444
Any retained class [broad detector-output density],Any retained class,all relevant files,D-Muscipula/tinkoff-java-backend-link-tracker-project,10,12,5,50.000000,120.000000,2.400000
Any retained class [broad detector-output density],Any retained class,all relevant files,DanieleGotti/MED,51,18,12,23.529412,35.294118,1.500000
Any retained class [broad detector-output density],Any retained class,all relevant files,Daniil-Vl/link-tracker,13,1,1,7.692308,7.692308,1.000000
Any retained class [broad detector-output density],Any retained class,all relevant files,Daniil4639/Tinkoff_Repository_2,9,1,1,11.111111,11.111111,1.000000
Any retained class [broad detector-output density],Any retained class,all relevant files,DanjiTalk/danji-talk-backend,8,5,3,37.500000,62.500000,1.666667
Any retained class [broad detector-output density],Any retained class,all relevant files,Dankoy/jforwarder,9,12,4,44.444444,133.333333,3.000000
Any retained class [broad detector-output density],Any retained class,all relevant files,DarplexDev/darplex-java,6,7,3,50.000000,116.666667,2.333333
Any retained class [broad detector-output density],Any retained class,all relevant files,DavidJi80/springboot,4,2,2,50.000000,50.000000,1.000000
Any retained class [broad detector-output density],Any retained class,all relevant files,DiSSCo/dissco-core-annotation-processing-service,22,17,8,36.363636,77.272727,2.125000
Any retained class [broad detector-output density],Any retained class,all relevant files,DiSSCo/dissco-core-backend,21,19,10,47.619048,90.476190,1.900000
Any retained class [broad detector-output density],Any retained class,all relevant files,DiSSCo/dissco-core-digital-specimen-processor,12,7,5,41.666667,58.333333,1.400000
Any retained class [broad detector-output density],Any retained class,all relevant files,DiSSCo/dissco-core-translator,13,11,5,38.461538,84.615385,2.200000
Any retained class [broad detector-output density],Any retained class,all relevant files,DiSSCo/dissco-data-exporter-backend,7,10,4,57.142857,142.857143,2.500000
Any retained class [broad detector-output density],Any retained class,all relevant files,DiamondArt/Java-jooq,8,8,6,75.000000,100.000000,1.333333
Any retained class [broad detector-output density],Any retained class,all relevant files,DmitriyKosolobov/java-course-2024-backend,9,9,6,66.666667,100.000000,1.500000
Any retained class [broad detector-output density],Any retained class,all relevant files,DrBrother/notification-system,9,9,5,55.555556,100.000000,1.800000
Any retained class [broad detector-output density],Any retained class,all relevant files,DragomiroiuStefan/rideshare,25,10,7,28.000000,40.000000,1.428571
Any retained class [broad detector-output density],Any retained class,all relevant files,Drewbie18/spring-rest,12,7,5,41.666667,58.333333,1.400000
Any retained class [broad detector-output density],Any retained class,all relevant files,E1psycongr00/STUDY_REFERENCE,4,2,2,50.000000,50.000000,1.000000
Any retained class [broad detector-output density],Any retained class,all relevant files,E1psycongr00/study_jooq_codegen_with_flyway_jpa,4,2,2,50.000000,50.000000,1.000000
Any retained class [broad detector-output density],Any retained class,all relevant files,EHRoute/EHR-Route,7,3,3,42.857143,42.857143,1.000000
Any retained class [broad detector-output density],Any retained class,all relevant files,Efler/microservice-data-bus,10,6,6,60.000000,60.000000,1.000000
Any retained class [broad detector-output density],Any retained class,all relevant files,Efler/telegram-scrapper-bot,10,7,6,60.000000,70.000000,1.166667
Any retained class [broad detector-output density],Any retained class,all relevant files,Eliorika/tinkoff-java-backend,9,7,4,44.444444,77.777778,1.750000
Any retained class [broad detector-output density],Any retained class,all relevant files,Emented/webLab3,5,7,3,60.000000,140.000000,2.333333
Any retained class [broad detector-output density],Any retained class,all relevant files,EngineDevOps2/programming-todolist-fullstack,2,5,2,100.000000,250.000000,2.500000
Any retained class [broad detector-output density],Any retained class,all relevant files,EuphoriaV/UpdateMonitoringBot,8,8,4,50.000000,100.000000,2.000000
Any retained class [broad detector-output density],Any retained class,all relevant files,FOKO-KENMOGNE-Wilfried/siggeac_prototype,19,2,2,10.526316,10.526316,1.000000
Any retained class [broad detector-output density],Any retained class,all relevant files,FeKom/lab-ecommerce,2,2,2,100.000000,100.000000,1.000000
Any retained class [broad detector-output density],Any retained class,all relevant files,FeldmannJR/constellation-common,10,1,1,10.000000,10.000000,1.000000
Any retained class [broad detector-output density],Any retained class,all relevant files,FeldmannJR/redstonegang,117,101,61,52.136752,86.324786,1.655738
Any retained class [broad detector-output density],Any retained class,all relevant files,Fics3/tink_java_backend_course_spring,15,13,9,60.000000,86.666667,1.444444
Any retained class [broad detector-output density],Any retained class,all relevant files,FilippoBolis/MED_Progetto_Ing_Software_23_24,34,7,5,14.705882,20.588235,1.400000
Any retained class [broad detector-output density],Any retained class,all relevant files,FrankChen021/bithon,95,66,24,25.263158,69.473684,2.750000
Any retained class [broad detector-output density],Any retained class,all relevant files,FrankChen021/bithon-demo,3,2,2,66.666667,66.666667,1.000000
Any retained class [broad detector-output density],Any retained class,all relevant files,GAIM-Tech-OM/killbill-ompay-plugin,4,13,2,50.000000,325.000000,6.500000
Any retained class [broad detector-output density],Any retained class,all relevant files,Gabriele-Mazzoleni/SmarTrip,7,3,2,28.571429,42.857143,1.500000
Any retained class [broad detector-output density],Any retained class,all relevant files,Garrettc96/cacophony,41,20,13,31.707317,48.780488,1.538462
Any retained class [broad detector-output density],Any retained class,all relevant files,Geomatys/examind-community,93,187,54,58.064516,201.075269,3.462963
Any retained class [broad detector-output density],Any retained class,all relevant files,GeorgyDemidenkov/DemidenkovGD_Y-234_2kurs2sem,5,4,3,60.000000,80.000000,1.333333
Any retained class [broad detector-output density],Any retained class,all relevant files,Grigalgol/vk_education_hm6,9,14,6,66.666667,155.555556,2.333333
Any retained class [broad detector-output density],Any retained class,all relevant files,GyrosOfWar/imagehive,16,14,7,43.750000,87.500000,2.000000
Any retained class [broad detector-output density],Any retained class,all relevant files,HSLdevcom/jore4-jore3-importer,282,74,25,8.865248,26.241135,2.960000
Any retained class [broad detector-output density],Any retained class,all relevant files,Hamednallah/Basariat-POS,68,106,34,50.000000,155.882353,3.117647
Any retained class [broad detector-output density],Any retained class,all relevant files,Hamednallah/Market-POS,11,20,9,81.818182,181.818182,2.222222
Any retained class [broad detector-output density],Any retained class,all relevant files,Hellblazer/quantum-db,56,5,5,8.928571,8.928571,1.000000
Any retained class [broad detector-output density],Any retained class,all relevant files,Hixon10/spring-boot-security,2,2,2,100.000000,100.000000,1.000000
Any retained class [broad detector-output density],Any retained class,all relevant files,HoZanDung/ho-workflow,68,52,42,61.764706,76.470588,1.238095
Any retained class [broad detector-output density],Any retained class,all relevant files,Hogeyama/try-java,6,7,4,66.666667,116.666667,1.750000
Any retained class [broad detector-output density],Any retained class,all relevant files,IAGrig/link-updates-notifier,7,6,3,42.857143,85.714286,2.000000
Any retained class [broad detector-output density],Any retained class,all relevant files,IlyaAbramovv/UpdatesAnnouncer,10,4,3,30.000000,40.000000,1.333333
Any retained class [broad detector-output density],Any retained class,all relevant files,IvanShabunin379/java-course-2024,11,9,4,36.363636,81.818182,2.250000
Any retained class [broad detector-output density],Any retained class,all relevant files,JGMelon22/ListDemoJava,3,2,2,66.666667,66.666667,1.000000
Any retained class [broad detector-output density],Any retained class,all relevant files,JacobLewandowskiDev/GwentMMO-Backend,2,4,2,100.000000,200.000000,2.000000
Any retained class [broad detector-output density],Any retained class,all relevant files,JakeMathews/recommendation-engine,5,3,2,40.000000,60.000000,1.500000
Any retained class [broad detector-output density],Any retained class,all relevant files,JixinZhang19/Online-Shopping-System-for-Black-Friday,16,14,11,68.750000,87.500000,1.272727
Any retained class [broad detector-output density],Any retained class,all relevant files,JohannesRabauer/hibernate-vs-jooq,8,1,1,12.500000,12.500000,1.000000
Any retained class [broad detector-output density],Any retained class,all relevant files,Jominjong/mjjo-test-project,8,10,7,87.500000,125.000000,1.428571
Any retained class [broad detector-output density],Any retained class,all relevant files,KEN3pei/oauth-hands-on,26,10,9,34.615385,38.461538,1.111111
Any retained class [broad detector-output density],Any retained class,all relevant files,KGjertsson/macro-hub,58,215,53,91.379310,370.689655,4.056604
Any retained class [broad detector-output density],Any retained class,all relevant files,Karthik1226/onedata_patient,45,24,13,28.888889,53.333333,1.846154
Any retained class [broad detector-output density],Any retained class,all relevant files,Kazuuma-19/nippogen,10,21,9,90.000000,210.000000,2.333333
Any retained class [broad detector-output density],Any retained class,all relevant files,Kirill06344/TinkoffWebApplication,10,11,4,40.000000,110.000000,2.750000
Any retained class [broad detector-output density],Any retained class,all relevant files,KirillSakira/link-tracker,9,10,5,55.555556,111.111111,2.000000
Any retained class [broad detector-output density],Any retained class,all relevant files,KittyBot-Org/KittyBot,35,48,27,77.142857,137.142857,1.777778
Any retained class [broad detector-output density],Any retained class,all relevant files,Knicksaas/gourmet-gate,47,19,15,31.914894,40.425532,1.266667
Any retained class [broad detector-output density],Any retained class,all relevant files,KyleGuanDP/Assignment4,4,4,3,75.000000,100.000000,1.333333
Any retained class [broad detector-output density],Any retained class,all relevant files,LARCH1K/LinkTracker-Bot,8,14,6,75.000000,175.000000,2.333333
Any retained class [broad detector-output density],Any retained class,all relevant files,LalisaST/java_course_2,9,10,5,55.555556,111.111111,2.000000
Any retained class [broad detector-output density],Any retained class,all relevant files,LeHa2505/OnThiService,41,64,27,65.853659,156.097561,2.370370
Any retained class [broad detector-output density],Any retained class,all relevant files,LiangChenDLJ/VIPManager,18,11,6,33.333333,61.111111,1.833333
Any retained class [broad detector-output density],Any retained class,all relevant files,LianjiaTech/bella-assistants,37,104,23,62.162162,281.081081,4.521739
Any retained class [broad detector-output density],Any retained class,all relevant files,LianjiaTech/bella-knowledge,30,77,19,63.333333,256.666667,4.052632
Any retained class [broad detector-output density],Any retained class,all relevant files,LianjiaTech/bella-openapi,77,126,28,36.363636,163.636364,4.500000
Any retained class [broad detector-output density],Any retained class,all relevant files,LianjiaTech/bella-workflow,51,138,24,47.058824,270.588235,5.750000
Any retained class [broad detector-output density],Any retained class,all relevant files,Link-Profit-System/java_mvvm,16,38,8,50.000000,237.500000,4.750000
Any retained class [broad detector-output density],Any retained class,all relevant files,LintaoAmons/java-jooq-runable-code,10,13,7,70.000000,130.000000,1.857143
Any retained class [broad detector-output density],Any retained class,all relevant files,LogDS/SimulatorOrchestrator,97,109,44,45.360825,112.371134,2.477273
Any retained class [broad detector-output density],Any retained class,all relevant files,LucidMinded/java-course-2023-backend,12,12,6,50.000000,100.000000,2.000000
Any retained class [broad detector-output density],Any retained class,all relevant files,M1nsong-Kim/practice-jooq,11,17,9,81.818182,154.545455,1.888889
Any retained class [broad detector-output density],Any retained class,all relevant files,MAK-Cpp/backend-java-s2,8,7,3,37.500000,87.500000,2.333333
Any retained class [broad detector-output density],Any retained class,all relevant files,MIZINCHIK/java-course-2023-backend,10,7,3,30.000000,70.000000,2.333333
Any retained class [broad detector-output density],Any retained class,all relevant files,Macbeth-Klm/Tinkoff-java-course-2024,9,10,5,55.555556,111.111111,2.000000
Any retained class [broad detector-output density],Any retained class,all relevant files,Maczi01/sockets,7,7,4,57.142857,100.000000,1.750000
Any retained class [broad detector-output density],Any retained class,all relevant files,MahjongRepository/YagiMotel,2,2,2,100.000000,100.000000,1.000000
Any retained class [broad detector-output density],Any retained class,all relevant files,Malest-GmbH-Co-KG/Prog_3_Projektarbeit,20,24,11,55.000000,120.000000,2.181818
Any retained class [broad detector-output density],Any retained class,all relevant files,MarinaBiryukova/tinkoff-java,8,12,5,62.500000,150.000000,2.400000
Any retained class [broad detector-output density],Any retained class,all relevant files,MaroderKo/parts_shop,8,3,2,25.000000,37.500000,1.500000
Any retained class [broad detector-output density],Any retained class,all relevant files,Mateuzz/music-website-spring,15,7,7,46.666667,46.666667,1.000000
Any retained class [broad detector-output density],Any retained class,all relevant files,MaxZhukoff/tinkoff-bot,8,4,3,37.500000,50.000000,1.333333
Any retained class [broad detector-output density],Any retained class,all relevant files,Missssha/Tinkofff-Back,9,11,6,66.666667,122.222222,1.833333
Any retained class [broad detector-output density],Any retained class,all relevant files,Molzonas/EkEep,22,19,8,36.363636,86.363636,2.375000
Any retained class [broad detector-output density],Any retained class,all relevant files,MyP99999/NewsAggregatorBackend,17,14,8,47.058824,82.352941,1.750000
Any retained class [broad detector-output density],Any retained class,all relevant files,Mykindos/BetterPvP,122,76,50,40.983607,62.295082,1.520000
Any retained class [broad detector-output density],Any retained class,all relevant files,NaspoDev/url-shortener,3,1,1,33.333333,33.333333,1.000000
Any retained class [broad detector-output density],Any retained class,all relevant files,NastyaLush/java-course-2024-backend,8,11,5,62.500000,137.500000,2.200000
Any retained class [broad detector-output density],Any retained class,all relevant files,Ne1loff/OnboardingPlatform,20,19,8,40.000000,95.000000,2.375000
Any retained class [broad detector-output density],Any retained class,all relevant files,Neonik-dev/Update-Tracker-Bot,15,12,7,46.666667,80.000000,1.714286
Any retained class [broad detector-output density],Any retained class,all relevant files,NevinTure/java-course-2024,15,10,7,46.666667,66.666667,1.428571
Any retained class [broad detector-output density],Any retained class,all relevant files,Nick-552/link-tracker,11,9,5,45.454545,81.818182,1.800000
Any retained class [broad detector-output density],Any retained class,all relevant files,NurtilekMamashakirov/Bot-Link-Tracker,7,10,4,57.142857,142.857143,2.500000
Any retained class [broad detector-output density],Any retained class,all relevant files,Nyrheim/PenAndPaper,16,5,4,25.000000,31.250000,1.250000
Any retained class [broad detector-output density],Any retained class,all relevant files,OAGi/Score,380,380,106,27.894737,100.000000,3.584906
Any retained class [broad detector-output density],Any retained class,all relevant files,Online-Tutoring-Application-Team-11/backend-rest-API-service,16,45,9,56.250000,281.250000,5.000000
Any retained class [broad detector-output density],Any retained class,all relevant files,Origin-Masters/Cantine-Planner,19,24,7,36.842105,126.315789,3.428571
Any retained class [broad detector-output density],Any retained class,all relevant files,Ovoshchko/BackendTinkoffJavaSpring,18,11,8,44.444444,61.111111,1.375000
Any retained class [broad detector-output density],Any retained class,all relevant files,PKNU-CERT-IS/BE,98,117,48,48.979592,119.387755,2.437500
Any retained class [broad detector-output density],Any retained class,all relevant files,Pa11ady/java-link-tracker,6,5,2,33.333333,83.333333,2.500000
Any retained class [broad detector-output density],Any retained class,all relevant files,Pacan4ik/tinkoff-course-spring2023,13,8,5,38.461538,61.538462,1.600000
Any retained class [broad detector-output density],Any retained class,all relevant files,ParadiseSS13/TaskDaemon,269,385,222,82.527881,143.122677,1.734234
Any retained class [broad detector-output density],Any retained class,all relevant files,PathmindAI/pathmind-webapp,54,66,29,53.703704,122.222222,2.275862
Any retained class [broad detector-output density],Any retained class,all relevant files,PonomarevAlexxander/telegram-notifier,8,9,5,62.500000,112.500000,1.800000
Any retained class [broad detector-output density],Any retained class,all relevant files,Programming-Org/Programming,10,2,2,20.000000,20.000000,1.000000
Any retained class [broad detector-output density],Any retained class,all relevant files,Prohkit/java-backend-course-2-link-tracker,12,19,7,58.333333,158.333333,2.714286
Any retained class [broad detector-output density],Any retained class,all relevant files,ProstaOlga/prostaBot,39,20,5,12.820513,51.282051,4.000000
Any retained class [broad detector-output density],Any retained class,all relevant files,Puru80/food-ordering-system,7,5,4,57.142857,71.428571,1.250000
Any retained class [broad detector-output density],Any retained class,all relevant files,QuantuM1o1/Tinkoff2024Homeworks,13,13,8,61.538462,100.000000,1.625000
Any retained class [broad detector-output density],Any retained class,all relevant files,Raha089/oops,6,4,3,50.000000,66.666667,1.333333
Any retained class [broad detector-output density],Any retained class,all relevant files,Reazzzz/oosp-zadanya,5,4,3,60.000000,80.000000,1.333333
Any retained class [broad detector-output density],Any retained class,all relevant files,Rohan-flutterint/texera,42,7,7,16.666667,16.666667,1.000000
Any retained class [broad detector-output density],Any retained class,all relevant files,RomanZozuliauniversity/Javacourework,11,16,10,90.909091,145.454545,1.600000
Any retained class [broad detector-output density],Any retained class,all relevant files,RuslanAndrianov/Backend-Java-Tinkoff-Spring-2024,8,9,4,50.000000,112.500000,2.250000
Any retained class [broad detector-output density],Any retained class,all relevant files,RuslanHkmoff/java-backend-course,8,4,4,50.000000,50.000000,1.000000
Any retained class [broad detector-output density],Any retained class,all relevant files,SOmegaS/financial-tracker,3,2,1,33.333333,66.666667,2.000000
Any retained class [broad detector-output density],Any retained class,all relevant files,Saiyan1/tl-challenge,3,5,3,100.000000,166.666667,1.666667
Any retained class [broad detector-output density],Any retained class,all relevant files,SavageSyrop/VK-courses,31,24,17,54.838710,77.419355,1.411765
Any retained class [broad detector-output density],Any retained class,all relevant files,ShaDi777/java-course-2024-backend,23,14,6,26.086957,60.869565,2.333333
Any retained class [broad detector-output density],Any retained class,all relevant files,ShakurDmitrii/inline,6,9,4,66.666667,150.000000,2.250000
Any retained class [broad detector-output density],Any retained class,all relevant files,SightStudio/blog-code,68,20,10,14.705882,29.411765,2.000000
Any retained class [broad detector-output density],Any retained class,all relevant files,SleepwalkerPasha/egorov_pa_project,7,9,4,57.142857,128.571429,2.250000
Any retained class [broad detector-output density],Any retained class,all relevant files,SlideHehe/java-backend-course-2,12,21,5,41.666667,175.000000,4.200000
Any retained class [broad detector-output density],Any retained class,all relevant files,SmallWorlds-Forever/sw-streaming,93,224,64,68.817204,240.860215,3.500000
Any retained class [broad detector-output density],Any retained class,all relevant files,SoylentBob/jooq-mock,12,3,3,25.000000,25.000000,1.000000
Any retained class [broad detector-output density],Any retained class,all relevant files,Space27/JavaBackendSpring,10,19,7,70.000000,190.000000,2.714286
Any retained class [broad detector-output density],Any retained class,all relevant files,Stasik371/LinkTrackingBot,7,6,3,42.857143,85.714286,2.000000
Any retained class [broad detector-output density],Any retained class,all relevant files,StubbornJava/StubbornJava,33,2,2,6.060606,6.060606,1.000000
Any retained class [broad detector-output density],Any retained class,all relevant files,Stumpwiz/mrradb,8,6,3,37.500000,75.000000,2.000000
Any retained class [broad detector-output density],Any retained class,all relevant files,Subtelny/DGCraft,42,11,9,21.428571,26.190476,1.222222
Any retained class [broad detector-output density],Any retained class,all relevant files,TaitoUnited/full-stack-template,4,2,2,50.000000,50.000000,1.000000
Any retained class [broad detector-output density],Any retained class,all relevant files,TerraByteDev/SkyFactionsReborn,33,32,19,57.575758,96.969697,1.684211
Any retained class [broad detector-output density],Any retained class,all relevant files,TheLQ/forum-scraper,18,13,8,44.444444,72.222222,1.625000
Any retained class [broad detector-output density],Any retained class,all relevant files,Thee5176/SpringBoot_CQRS_Command,19,11,7,36.842105,57.894737,1.571429
Any retained class [broad detector-output density],Any retained class,all relevant files,Thee5176/SpringBoot_CQRS_Query,13,17,8,61.538462,130.769231,2.125000
Any retained class [broad detector-output density],Any retained class,all relevant files,Thulasidharreddy/task-service,3,7,3,100.000000,233.333333,2.333333
Any retained class [broad detector-output density],Any retained class,all relevant files,Tiltuem/tinkoff-java-course-2024,15,13,6,40.000000,86.666667,2.166667
Any retained class [broad detector-output density],Any retained class,all relevant files,TivM/Tinkoff-Project,9,3,3,33.333333,33.333333,1.000000
Any retained class [broad detector-output density],Any retained class,all relevant files,Tosin-dotcom/notez-backend,9,11,8,88.888889,122.222222,1.375000
Any retained class [broad detector-output density],Any retained class,all relevant files,TovarischZhukov/jooq_example,14,15,12,85.714286,107.142857,1.250000
Any retained class [broad detector-output density],Any retained class,all relevant files,TranNgocKhoa/play-framework-java-jooq-example,17,10,7,41.176471,58.823529,1.428571
Any retained class [broad detector-output density],Any retained class,all relevant files,TunixR/HarmonyAPI,89,144,56,62.921348,161.797753,2.571429
Any retained class [broad detector-output density],Any retained class,all relevant files,UKEIAM/de.uke.iam.parkinson_on_fhir,15,9,6,40.000000,60.000000,1.500000
Any retained class [broad detector-output density],Any retained class,all relevant files,UniCodeProjects/AmusementParkDB,80,42,23,28.750000,52.500000,1.826087
Any retained class [broad detector-output density],Any retained class,all relevant files,Unite-Organisation/Unite,115,44,29,25.217391,38.260870,1.517241
Any retained class [broad detector-output density],Any retained class,all relevant files,VadymOselskyi/airlines-booking,38,18,10,26.315789,47.368421,1.800000
Any retained class [broad detector-output density],Any retained class,all relevant files,VictorGalkevich/LinkScrapper,13,17,8,61.538462,130.769231,2.125000
Any retained class [broad detector-output density],Any retained class,all relevant files,ViktoriaGub/Object-oriented-programming-systems,6,4,3,50.000000,66.666667,1.333333
Any retained class [broad detector-output density],Any retained class,all relevant files,VladimirMorozov/orm-playground,14,14,6,42.857143,100.000000,2.333333
Any retained class [broad detector-output density],Any retained class,all relevant files,VoroninEgor/TgBot-LinkTracker,8,3,2,25.000000,37.500000,1.500000
Any retained class [broad detector-output density],Any retained class,all relevant files,Wani4ka/tcs-edu-task,9,13,5,55.555556,144.444444,2.600000
Any retained class [broad detector-output density],Any retained class,all relevant files,WolfOfBad/TinkoffJavaCourse2024,8,14,4,50.000000,175.000000,3.500000
Any retained class [broad detector-output density],Any retained class,all relevant files,YaroslavChetskiy/tinkoff_course_backend_part,15,13,12,80.000000,86.666667,1.083333
Any retained class [broad detector-output density],Any retained class,all relevant files,Yer12/tastamat,22,20,8,36.363636,90.909091,2.500000
Any retained class [broad detector-output density],Any retained class,all relevant files,YuliaKrav/WebContentUpdateService,6,4,3,50.000000,66.666667,1.333333
Any retained class [broad detector-output density],Any retained class,all relevant files,Yuno-obsessed/jodrive,30,54,21,70.000000,180.000000,2.571429
Any retained class [broad detector-output density],Any retained class,all relevant files,ZanottiMatteo/BGTransports,26,32,6,23.076923,123.076923,5.333333
Any retained class [broad detector-output density],Any retained class,all relevant files,ZebdaYacine/demofx,18,25,16,88.888889,138.888889,1.562500
Any retained class [broad detector-output density],Any retained class,all relevant files,ZsgsDesign/openvsx,23,15,13,56.521739,65.217391,1.153846
Any retained class [broad detector-output density],Any retained class,all relevant files,ZwierzchowskiM/Client-Server,6,4,4,66.666667,66.666667,1.000000
Any retained class [broad detector-output density],Any retained class,all relevant files,aabarmin/telegram-bots,10,10,7,70.000000,100.000000,1.428571
Any retained class [broad detector-output density],Any retained class,all relevant files,aahlenst/jOOQ-mcve-json-quoting,14,16,12,85.714286,114.285714,1.333333
Any retained class [broad detector-output density],Any retained class,all relevant files,aceton41k/java-test-framework,9,14,6,66.666667,155.555556,2.333333
Any retained class [broad detector-output density],Any retained class,all relevant files,activej/activej,25,5,5,20.000000,20.000000,1.000000
Any retained class [broad detector-output density],Any retained class,all relevant files,aerius/emission-service,97,86,63,64.948454,88.659794,1.365079
Any retained class [broad detector-output density],Any retained class,all relevant files,agibalov/java-library-experiments,10,2,1,10.000000,20.000000,2.000000
Any retained class [broad detector-output density],Any retained class,all relevant files,akozitsin-hh/hh-jooq-intro,10,1,1,10.000000,10.000000,1.000000
Any retained class [broad detector-output density],Any retained class,all relevant files,aleckbb/tracking-bot,8,9,4,50.000000,112.500000,2.250000
Any retained class [broad detector-output density],Any retained class,all relevant files,aleksseii/TradingOperations,13,20,5,38.461538,153.846154,4.000000
Any retained class [broad detector-output density],Any retained class,all relevant files,alexxiuccia/TrackMe,19,15,8,42.105263,78.947368,1.875000
Any retained class [broad detector-output density],Any retained class,all relevant files,alipay/container-auto-tune,195,240,82,42.051282,123.076923,2.926829
Any retained class [broad detector-output density],Any retained class,all relevant files,alpa011235/sandbox,10,9,6,60.000000,90.000000,1.500000
Any retained class [broad detector-output density],Any retained class,all relevant files,altusea/wpg,7,1,1,14.285714,14.285714,1.000000
Any retained class [broad detector-output density],Any retained class,all relevant files,alvin-qh/study-java,39,20,9,23.076923,51.282051,2.222222
Any retained class [broad detector-output density],Any retained class,all relevant files,amalrajvinoth/jooq-optimistic-locking,4,2,1,25.000000,50.000000,2.000000
Any retained class [broad detector-output density],Any retained class,all relevant files,anpol84/java-course-2024,12,9,4,33.333333,75.000000,2.250000
Any retained class [broad detector-output density],Any retained class,all relevant files,anyamilichenko/soa,15,13,9,60.000000,86.666667,1.444444
Any retained class [broad detector-output density],Any retained class,all relevant files,aplygen/j13n-saas,25,27,9,36.000000,108.000000,3.000000
Any retained class [broad detector-output density],Any retained class,all relevant files,arhostcode/linktracker,7,8,4,57.142857,114.285714,2.000000
Any retained class [broad detector-output density],Any retained class,all relevant files,arijit98/RestaurentManagementService,9,10,7,77.777778,111.111111,1.428571
Any retained class [broad detector-output density],Any retained class,all relevant files,arnaudroger/SimpleFlatMapper,45,10,6,13.333333,22.222222,1.666667
Any retained class [broad detector-output density],Any retained class,all relevant files,artemius39/java-backend-2024,10,6,4,40.000000,60.000000,1.500000
Any retained class [broad detector-output density],Any retained class,all relevant files,articles-simbirsoft/JOOQ-use-in-testing,11,8,8,72.727273,72.727273,1.000000
Any retained class [broad detector-output density],Any retained class,all relevant files,artseroff/link-tracker,11,12,5,45.454545,109.090909,2.400000
Any retained class [broad detector-output density],Any retained class,all relevant files,atolcd/sdis-remocra,542,557,371,68.450185,102.767528,1.501348
Any retained class [broad detector-output density],Any retained class,all relevant files,atomfrede/javaland-2022-karate-workshop,3,5,2,66.666667,166.666667,2.500000
Any retained class [broad detector-output density],Any retained class,all relevant files,auliardana/Java-orm-jooq,3,1,1,33.333333,33.333333,1.000000
Any retained class [broad detector-output density],Any retained class,all relevant files,averbraeck/gamedata-common,40,49,39,97.500000,122.500000,1.256410
Any retained class [broad detector-output density],Any retained class,all relevant files,averbraeck/housinggame-common,38,59,38,100.000000,155.263158,1.552632
Any retained class [broad detector-output density],Any retained class,all relevant files,averbraeck/trustgame,32,56,21,65.625000,175.000000,2.666667
Any retained class [broad detector-output density],Any retained class,all relevant files,averbraeck/trustgame-register,22,33,22,100.000000,150.000000,1.500000
Any retained class [broad detector-output density],Any retained class,all relevant files,averbraeck/trustgame-scores,24,54,22,91.666667,225.000000,2.454545
Any retained class [broad detector-output density],Any retained class,all relevant files,aws-observability/aws-otel-playground,2,2,2,100.000000,100.000000,1.000000
Any retained class [broad detector-output density],Any retained class,all relevant files,aytdm/study,5,10,5,100.000000,200.000000,2.000000
Any retained class [broad detector-output density],Any retained class,all relevant files,badgerwithagun/async-all-the-way-down,8,3,3,37.500000,37.500000,1.000000
Any retained class [broad detector-output density],Any retained class,all relevant files,balazskrizsan/stackjudge_aws_java,4,2,2,50.000000,50.000000,1.000000
Any retained class [broad detector-output density],Any retained class,all relevant files,beargiles/youtube-dojo,9,1,1,11.111111,11.111111,1.000000
Any retained class [broad detector-output density],Any retained class,all relevant files,bennofs/wdumper,10,17,7,70.000000,170.000000,2.428571
Any retained class [broad detector-output density],Any retained class,all relevant files,bharat-chaudhari-0302/spring-jooq-gradle-plugin,6,4,2,33.333333,66.666667,2.000000
Any retained class [broad detector-output density],Any retained class,all relevant files,bifidok/TinkoffBackend,17,11,8,47.058824,64.705882,1.375000
Any retained class [broad detector-output density],Any retained class,all relevant files,bigseized/TinkoffCourseJava2024,9,7,4,44.444444,77.777778,1.750000
Any retained class [broad detector-output density],Any retained class,all relevant files,blueoceandevops/fleet-spring-boot,4,3,2,50.000000,75.000000,1.500000
Any retained class [broad detector-output density],Any retained class,all relevant files,boogiespook/waltz-test,786,374,183,23.282443,47.582697,2.043716
Any retained class [broad detector-output density],Any retained class,all relevant files,boomzin/dbservice,30,37,16,53.333333,123.333333,2.312500
Any retained class [broad detector-output density],Any retained class,all relevant files,bootique-examples/bootique-jooq-examples,2,2,2,100.000000,100.000000,1.000000
Any retained class [broad detector-output density],Any retained class,all relevant files,borjom1/cloud-nest,52,30,20,38.461538,57.692308,1.500000
Any retained class [broad detector-output density],Any retained class,all relevant files,brianbcampbell/z_beast-product-catalog,6,4,3,50.000000,66.666667,1.333333
Any retained class [broad detector-output density],Any retained class,all relevant files,brody-0125/The-Joy-Of-Java,4,5,4,100.000000,125.000000,1.250000
Any retained class [broad detector-output density],Any retained class,all relevant files,bsi-software/ScoutJooq,130,69,35,26.923077,53.076923,1.971429
Any retained class [broad detector-output density],Any retained class,all relevant files,btpka3/btpka3.github.com,250,268,222,88.800000,107.200000,1.207207
Any retained class [broad detector-output density],Any retained class,all relevant files,buster/acmemusic,8,5,4,50.000000,62.500000,1.250000
Any retained class [broad detector-output density],Any retained class,all relevant files,c00ler/transfer-service,9,8,6,66.666667,88.888889,1.333333
Any retained class [broad detector-output density],Any retained class,all relevant files,cardano-foundation/cardano-rosetta-java,32,20,15,46.875000,62.500000,1.333333
Any retained class [broad detector-output density],Any retained class,all relevant files,catsloveme/telegram-bot,8,7,3,37.500000,87.500000,2.333333
Any retained class [broad detector-output density],Any retained class,all relevant files,chriswininger/ai-document-query-system,10,6,5,50.000000,60.000000,1.200000
Any retained class [broad detector-output density],Any retained class,all relevant files,clearflask/clearflask,27,7,6,22.222222,25.925926,1.166667
Any retained class [broad detector-output density],Any retained class,all relevant files,cn-src/snippets-java,25,5,4,16.000000,20.000000,1.250000
Any retained class [broad detector-output density],Any retained class,all relevant files,coduction/famulex,69,62,44,63.768116,89.855072,1.409091
Any retained class [broad detector-output density],Any retained class,all relevant files,constZhur/tinkoff-backend-course-2024,9,10,4,44.444444,111.111111,2.500000
Any retained class [broad detector-output density],Any retained class,all relevant files,cooder-org/jooq-mate,11,16,2,18.181818,145.454545,8.000000
Any retained class [broad detector-output density],Any retained class,all relevant files,corradomio/java_projects,81,2,2,2.469136,2.469136,1.000000
Any retained class [broad detector-output density],Any retained class,all relevant files,crate/cratedb-examples,6,4,3,50.000000,66.666667,1.333333
Any retained class [broad detector-output density],Any retained class,all relevant files,crick77/usrbilancio,71,98,29,40.845070,138.028169,3.379310
Any retained class [broad detector-output density],Any retained class,all relevant files,crunchykillah/rest_api_springmvc,11,6,3,27.272727,54.545455,2.000000
Any retained class [broad detector-output density],Any retained class,all relevant files,cyberpunkoff/tracktor,7,3,3,42.857143,42.857143,1.000000
Any retained class [broad detector-output density],Any retained class,all relevant files,cycastic-cumberland/libmanage-backend,26,22,12,46.153846,84.615385,1.833333
Any retained class [broad detector-output density],Any retained class,all relevant files,danmofo/fitness-tracker-app,18,23,14,77.777778,127.777778,1.642857
Any retained class [broad detector-output density],Any retained class,all relevant files,dbist/cockroach-docker,7,8,4,57.142857,114.285714,2.000000
Any retained class [broad detector-output density],Any retained class,all relevant files,deepakborania/revolut-backend-task,17,14,5,29.411765,82.352941,2.800000
Any retained class [broad detector-output density],Any retained class,all relevant files,dehasi/ppp-of-ddd,7,9,4,57.142857,128.571429,2.250000
Any retained class [broad detector-output density],Any retained class,all relevant files,derabbink/sws2,3,1,1,33.333333,33.333333,1.000000
Any retained class [broad detector-output density],Any retained class,all relevant files,devstronomy/nasa-data-scraper,3,2,2,66.666667,66.666667,1.000000
Any retained class [broad detector-output density],Any retained class,all relevant files,dianainya/platform-backend,41,26,17,41.463415,63.414634,1.529412
Any retained class [broad detector-output density],Any retained class,all relevant files,diocorrea/imagewrapper,4,4,2,50.000000,100.000000,2.000000
Any retained class [broad detector-output density],Any retained class,all relevant files,djma/play-stack,7,4,4,57.142857,57.142857,1.000000
Any retained class [broad detector-output density],Any retained class,all relevant files,dndanoff/spring-boot-unit-integration-test-example,3,2,2,66.666667,66.666667,1.000000
Any retained class [broad detector-output density],Any retained class,all relevant files,dominikjaniga91/system-design-interview-projects,5,2,2,40.000000,40.000000,1.000000
Any retained class [broad detector-output density],Any retained class,all relevant files,dreamPis/oauth,20,15,5,25.000000,75.000000,3.000000
Any retained class [broad detector-output density],Any retained class,all relevant files,dzorbey/order-scheduling,7,14,6,85.714286,200.000000,2.333333
Any retained class [broad detector-output density],Any retained class,all relevant files,easkarov/repo-caretaker,8,14,4,50.000000,175.000000,3.500000
Any retained class [broad detector-output density],Any retained class,all relevant files,ebi-gene-expression-group/annotare2,7,10,6,85.714286,142.857143,1.666667
Any retained class [broad detector-output density],Any retained class,all relevant files,eclipse-scout/scout.rt,38,5,2,5.263158,13.157895,2.500000
Any retained class [broad detector-output density],Any retained class,all relevant files,eclipse/openvsx,38,15,14,36.842105,39.473684,1.071429
Any retained class [broad detector-output density],Any retained class,all relevant files,ehrbase/migration-tool,101,62,41,40.594059,61.386139,1.512195
Any retained class [broad detector-output density],Any retained class,all relevant files,ekgreen/star-boot,19,4,2,10.526316,21.052632,2.000000
Any retained class [broad detector-output density],Any retained class,all relevant files,ekruptsov/jooq-retrofit-crud-poc,3,2,2,66.666667,66.666667,1.000000
Any retained class [broad detector-output density],Any retained class,all relevant files,elwin013/todoapp-multitenancy,9,8,8,88.888889,88.888889,1.000000
Any retained class [broad detector-output density],Any retained class,all relevant files,emapfff/Link-Tracker,12,14,9,75.000000,116.666667,1.555556
Any retained class [broad detector-output density],Any retained class,all relevant files,ericdriggs/reportcard,83,31,10,12.048193,37.349398,3.100000
Any retained class [broad detector-output density],Any retained class,all relevant files,eterny13/url-shortener,2,1,1,50.000000,50.000000,1.000000
Any retained class [broad detector-output density],Any retained class,all relevant files,evagalyuta/services-city-discover,23,23,10,43.478261,100.000000,2.300000
Any retained class [broad detector-output density],Any retained class,all relevant files,eziomou/library-backend,34,18,15,44.117647,52.941176,1.200000
Any retained class [broad detector-output density],Any retained class,all relevant files,f-uni/Quizzy,15,13,11,73.333333,86.666667,1.181818
Any retained class [broad detector-output density],Any retained class,all relevant files,fantj2016/springboot-integration,3,2,2,66.666667,66.666667,1.000000
Any retained class [broad detector-output density],Any retained class,all relevant files,fasten-project/fasten,75,35,15,20.000000,46.666667,2.333333
Any retained class [broad detector-output density],Any retained class,all relevant files,fatihcatalkaya/poker-tracker,5,5,3,60.000000,100.000000,1.666667
Any retained class [broad detector-output density],Any retained class,all relevant files,fedemaleh/chess-challenge-java-1,6,3,2,33.333333,50.000000,1.500000
Any retained class [broad detector-output density],Any retained class,all relevant files,filipegar/killbill-getnet,6,3,3,50.000000,50.000000,1.000000
Any retained class [broad detector-output density],Any retained class,all relevant files,fishedee/Demo,17,4,3,17.647059,23.529412,1.333333
Any retained class [broad detector-output density],Any retained class,all relevant files,fuma-nama/U3-Server,27,51,16,59.259259,188.888889,3.187500
Any retained class [broad detector-output density],Any retained class,all relevant files,gchq/stroom,201,168,92,45.771144,83.582090,1.826087
Any retained class [broad detector-output density],Any retained class,all relevant files,gchq/stroom-auth,14,23,8,57.142857,164.285714,2.875000
Any retained class [broad detector-output density],Any retained class,all relevant files,ge1up/healthy-calories_by_spring,14,18,10,71.428571,128.571429,1.800000
Any retained class [broad detector-output density],Any retained class,all relevant files,gekoramy/uni.web,68,89,30,44.117647,130.882353,2.966667
Any retained class [broad detector-output density],Any retained class,all relevant files,genenakagaki/ddd-sample,3,1,1,33.333333,33.333333,1.000000
Any retained class [broad detector-output density],Any retained class,all relevant files,germinateplatform/gatekeeper-server,38,35,22,57.894737,92.105263,1.590909
Any retained class [broad detector-output density],Any retained class,all relevant files,gilbertlim/jooq,44,29,10,22.727273,65.909091,2.900000
Any retained class [broad detector-output density],Any retained class,all relevant files,giovene44/Cinemanager_Software_Engineering_project,42,39,15,35.714286,92.857143,2.600000
Any retained class [broad detector-output density],Any retained class,all relevant files,glassbell/bp-keeper,3,1,1,33.333333,33.333333,1.000000
Any retained class [broad detector-output density],Any retained class,all relevant files,glockyco/Teralizer,53,21,14,26.415094,39.622642,1.500000
Any retained class [broad detector-output density],Any retained class,all relevant files,gmoon92/toy,15,7,5,33.333333,46.666667,1.400000
Any retained class [broad detector-output density],Any retained class,all relevant files,gonzo1138/jOOQinSpring-basics,3,2,2,66.666667,66.666667,1.000000
Any retained class [broad detector-output density],Any retained class,all relevant files,gourmetgate/gourmetgate,19,5,2,10.526316,26.315789,2.500000
Any retained class [broad detector-output density],Any retained class,all relevant files,graphql-java/graphql-java-db-example,15,4,2,13.333333,26.666667,2.000000
Any retained class [broad detector-output density],Any retained class,all relevant files,h8/gradle-jooq-example,4,3,3,75.000000,75.000000,1.000000
Any retained class [broad detector-output density],Any retained class,all relevant files,hashgraph/hedera-hcs-erc721-sample,35,2,2,5.714286,5.714286,1.000000
Any retained class [broad detector-output density],Any retained class,all relevant files,haumacher/wizard-game,4,9,1,25.000000,225.000000,9.000000
Any retained class [broad detector-output density],Any retained class,all relevant files,hevan/agri-cloud,75,169,62,82.666667,225.333333,2.725806
Any retained class [broad detector-output density],Any retained class,all relevant files,hiddenswitch/Spellsource,258,104,83,32.170543,40.310078,1.253012
Any retained class [broad detector-output density],Any retained class,all relevant files,hieplp/recipe-platform,29,9,6,20.689655,31.034483,1.500000
Any retained class [broad detector-output density],Any retained class,all relevant files,hieplp/vinorsoft-hometest,17,10,4,23.529412,58.823529,2.500000
Any retained class [broad detector-output density],Any retained class,all relevant files,highloadmipt/expensewriter,3,2,1,33.333333,66.666667,2.000000
Any retained class [broad detector-output density],Any retained class,all relevant files,hpple/revolut-backend-test,8,6,3,37.500000,75.000000,2.000000
Any retained class [broad detector-output density],Any retained class,all relevant files,huruiyi/books-source,36,7,4,11.111111,19.444444,1.750000
Any retained class [broad detector-output density],Any retained class,all relevant files,hyt-sasaki/SpringBootMicroServiceTutorial,3,2,2,66.666667,66.666667,1.000000
Any retained class [broad detector-output density],Any retained class,all relevant files,icefery/demo.icefery.xyz,6,4,4,66.666667,66.666667,1.000000
Any retained class [broad detector-output density],Any retained class,all relevant files,itboy87/quarkus-ext-jooq,10,4,2,20.000000,40.000000,2.000000
Any retained class [broad detector-output density],Any retained class,all relevant files,iyunbo/stackoverflow,6,4,4,66.666667,66.666667,1.000000
Any retained class [broad detector-output density],Any retained class,all relevant files,jOOQ/demo,99,51,21,21.212121,51.515152,2.428571
Any retained class [broad detector-output density],Any retained class,all relevant files,jOOQ/jOOQ-mcve,14,14,14,100.000000,100.000000,1.000000
Any retained class [broad detector-output density],Any retained class,all relevant files,jackbergus/java_logicalconsistency,51,23,15,29.411765,45.098039,1.533333
Any retained class [broad detector-output density],Any retained class,all relevant files,jasondlee/quarkus-dev-service-full-example,5,3,3,60.000000,60.000000,1.000000
Any retained class [broad detector-output density],Any retained class,all relevant files,jasontran320/texera_compose,52,12,12,23.076923,23.076923,1.000000
Any retained class [broad detector-output density],Any retained class,all relevant files,jefberpe/restful-demo,9,1,1,11.111111,11.111111,1.000000
Any retained class [broad detector-output density],Any retained class,all relevant files,jehugaleahsa/javalin-mvc-starter,4,4,3,75.000000,100.000000,1.333333
Any retained class [broad detector-output density],Any retained class,all relevant files,jiangtj-lab/jooq-and-flyway,6,6,4,66.666667,100.000000,1.500000
Any retained class [broad detector-output density],Any retained class,all relevant files,jiangtj/jc-platform,15,16,11,73.333333,106.666667,1.454545
Any retained class [broad detector-output density],Any retained class,all relevant files,jiangtj/jmicro,30,10,6,20.000000,33.333333,1.666667
Any retained class [broad detector-output density],Any retained class,all relevant files,jkingster/Tickster,14,8,5,35.714286,57.142857,1.600000
Any retained class [broad detector-output density],Any retained class,all relevant files,jklingsporn/vertx-jooq,294,54,26,8.843537,18.367347,2.076923
Any retained class [broad detector-output density],Any retained class,all relevant files,jmingu/petcrown-backend,36,133,33,91.666667,369.444444,4.030303
Any retained class [broad detector-output density],Any retained class,all relevant files,joaoseidel/MussCraft,3,7,2,66.666667,233.333333,3.500000
Any retained class [broad detector-output density],Any retained class,all relevant files,joostvdg/cmg-analytics,2,5,2,100.000000,250.000000,2.500000
Any retained class [broad detector-output density],Any retained class,all relevant files,jordanamr/Divarena-old,14,11,9,64.285714,78.571429,1.222222
Any retained class [broad detector-output density],Any retained class,all relevant files,jsflzhong/cjSpringboot-demo,13,19,10,76.923077,146.153846,1.900000
Any retained class [broad detector-output density],Any retained class,all relevant files,juanhaugaard/H2-sakila,22,17,7,31.818182,77.272727,2.428571
Any retained class [broad detector-output density],Any retained class,all relevant files,jubicoy/easymapper,18,18,7,38.888889,100.000000,2.571429
Any retained class [broad detector-output density],Any retained class,all relevant files,justhecool/SmallWorlds-Forever,153,312,112,73.202614,203.921569,2.785714
Any retained class [broad detector-output density],Any retained class,all relevant files,justmasyan/vkhomeworks,24,18,14,58.333333,75.000000,1.285714
Any retained class [broad detector-output density],Any retained class,all relevant files,k0patych1/java-course-2023-s2,9,6,4,44.444444,66.666667,1.500000
Any retained class [broad detector-output density],Any retained class,all relevant files,k55k32/learn-jooq,112,102,50,44.642857,91.071429,2.040000
Any retained class [broad detector-output density],Any retained class,all relevant files,kaeru61/chat_app,7,15,7,100.000000,214.285714,2.142857
Any retained class [broad detector-output density],Any retained class,all relevant files,kamarkaka/app-updater,6,4,2,33.333333,66.666667,2.000000
Any retained class [broad detector-output density],Any retained class,all relevant files,kamil-sita/labelle,72,20,12,16.666667,27.777778,1.666667
Any retained class [broad detector-output density],Any retained class,all relevant files,kanki6315/racing-analysis,29,51,29,100.000000,175.862069,1.758621
Any retained class [broad detector-output density],Any retained class,all relevant files,kappsegla/databaseprojects,13,6,5,38.461538,46.153846,1.200000
Any retained class [broad detector-output density],Any retained class,all relevant files,keeleinstituut/ekilex,290,268,140,48.275862,92.413793,1.914286
Any retained class [broad detector-output density],Any retained class,all relevant files,kehuka11/graphql_sample,9,14,4,44.444444,155.555556,3.500000
Any retained class [broad detector-output density],Any retained class,all relevant files,khanactl/mcorpus,23,14,10,43.478261,60.869565,1.400000
Any retained class [broad detector-output density],Any retained class,all relevant files,khanhduy-14/pro-todolist-java,9,7,5,55.555556,77.777778,1.400000
Any retained class [broad detector-output density],Any retained class,all relevant files,killbill/killbill-stripe-plugin,9,6,3,33.333333,66.666667,2.000000
Any retained class [broad detector-output density],Any retained class,all relevant files,kkaravitis/pricing-api,5,3,2,40.000000,60.000000,1.500000
Any retained class [broad detector-output density],Any retained class,all relevant files,kmaximk/Link-tracker-bot,8,7,4,50.000000,87.500000,1.750000
Any retained class [broad detector-output density],Any retained class,all relevant files,kozakto/ContactManager,2,2,2,100.000000,100.000000,1.000000
Any retained class [broad detector-output density],Any retained class,all relevant files,krivonosovti/LinktrackerLast,9,4,3,33.333333,44.444444,1.333333
Any retained class [broad detector-output density],Any retained class,all relevant files,krupnoveo/Link-Tracker,9,3,2,22.222222,33.333333,1.500000
Any retained class [broad detector-output density],Any retained class,all relevant files,kryakobess/TinkoffBackendCourse,7,9,4,57.142857,128.571429,2.250000
Any retained class [broad detector-output density],Any retained class,all relevant files,ksamorodov/SpringAuth,2,1,1,50.000000,50.000000,1.000000
Any retained class [broad detector-output density],Any retained class,all relevant files,ksamorodov/corset,5,4,4,80.000000,80.000000,1.000000
Any retained class [broad detector-output density],Any retained class,all relevant files,kushtrimh/tomorr,19,15,7,36.842105,78.947368,2.142857
Any retained class [broad detector-output density],Any retained class,all relevant files,labinochka/semester-work-agona,8,3,1,12.500000,37.500000,3.000000
Any retained class [broad detector-output density],Any retained class,all relevant files,lahraye/farm-collector-task,6,5,5,83.333333,83.333333,1.000000
Any retained class [broad detector-output density],Any retained class,all relevant files,lamarios/mmath,17,44,13,76.470588,258.823529,3.384615
Any retained class [broad detector-output density],Any retained class,all relevant files,lelup24/blog,24,23,17,70.833333,95.833333,1.352941
Any retained class [broad detector-output density],Any retained class,all relevant files,lelup24/spring-boot-websocket,13,15,9,69.230769,115.384615,1.666667
Any retained class [broad detector-output density],Any retained class,all relevant files,leoiii12/csci3170-project,9,22,6,66.666667,244.444444,3.666667
Any retained class [broad detector-output density],Any retained class,all relevant files,leoleelwl/springboot_jooq_flyway,5,3,2,40.000000,60.000000,1.500000
Any retained class [broad detector-output density],Any retained class,all relevant files,lesam19092/Tinkoff_first_project,7,9,5,71.428571,128.571429,1.800000
Any retained class [broad detector-output density],Any retained class,all relevant files,letPeace/VK-homework-6,12,14,5,41.666667,116.666667,2.800000
Any retained class [broad detector-output density],Any retained class,all relevant files,lightningdevkit/vss-server,4,1,1,25.000000,25.000000,1.000000
Any retained class [broad detector-output density],Any retained class,all relevant files,liljarn/tinkoffCourseJava2024,11,3,1,9.090909,27.272727,3.000000
Any retained class [broad detector-output density],Any retained class,all relevant files,lin-mt/spring-boot,7,1,1,14.285714,14.285714,1.000000
Any retained class [broad detector-output density],Any retained class,all relevant files,linux-china/jooq-demo,13,9,6,46.153846,69.230769,1.500000
Any retained class [broad detector-output density],Any retained class,all relevant files,liuyueyi/spring-boot-demo,15,38,10,66.666667,253.333333,3.800000
Any retained class [broad detector-output density],Any retained class,all relevant files,liuzheming/merchant-feecal-mvp,36,34,13,36.111111,94.444444,2.615385
Any retained class [broad detector-output density],Any retained class,all relevant files,ljk0071/side-project-back,60,85,47,78.333333,141.666667,1.808511
Any retained class [broad detector-output density],Any retained class,all relevant files,lsfoster64/gymhelper,6,13,5,83.333333,216.666667,2.600000
Any retained class [broad detector-output density],Any retained class,all relevant files,lsn03/java-2023-backend-second-semester,13,10,7,53.846154,76.923077,1.428571
Any retained class [broad detector-output density],Any retained class,all relevant files,lwbeamer/tinkoff-course,8,9,4,50.000000,112.500000,2.250000
Any retained class [broad detector-output density],Any retained class,all relevant files,lzbkln/java-course-tinkoff-spring-2024,16,19,9,56.250000,118.750000,2.111111
Any retained class [broad detector-output density],Any retained class,all relevant files,lzj09/sw-jooq,4,3,1,25.000000,75.000000,3.000000
Any retained class [broad detector-output density],Any retained class,all relevant files,magicswissweed/MagicSwissWeed2.0,22,31,21,95.454545,140.909091,1.476190
Any retained class [broad detector-output density],Any retained class,all relevant files,makeitfine-org/mif,9,2,2,22.222222,22.222222,1.000000
Any retained class [broad detector-output density],Any retained class,all relevant files,maksmolchdmitr/tinkoffLinkUpdater,10,8,1,10.000000,80.000000,8.000000
Any retained class [broad detector-output density],Any retained class,all relevant files,marcato10/manaca-framework,9,10,7,77.777778,111.111111,1.428571
Any retained class [broad detector-output density],Any retained class,all relevant files,marijarin/tin_back_hws,9,2,2,22.222222,22.222222,1.000000
Any retained class [broad detector-output density],Any retained class,all relevant files,marlind89/kensa,7,4,3,42.857143,57.142857,1.333333
Any retained class [broad detector-output density],Any retained class,all relevant files,martynovvladislav/tinkoff-java-backend-course-2024,15,9,4,26.666667,60.000000,2.250000
Any retained class [broad detector-output density],Any retained class,all relevant files,matco/hotspot-api,16,16,8,50.000000,100.000000,2.000000
Any retained class [broad detector-output density],Any retained class,all relevant files,matuolis/financial-analysis-be,14,29,12,85.714286,207.142857,2.416667
Any retained class [broad detector-output density],Any retained class,all relevant files,matuolis/vehicle-marketplace-be,13,21,8,61.538462,161.538462,2.625000
Any retained class [broad detector-output density],Any retained class,all relevant files,maximister/LinkTrackerBot,8,9,4,50.000000,112.500000,2.250000
Any retained class [broad detector-output density],Any retained class,all relevant files,mbto/eatlog,39,18,13,33.333333,46.153846,1.384615
Any retained class [broad detector-output density],Any retained class,all relevant files,mbto/funnyranks,58,30,21,36.206897,51.724138,1.428571
Any retained class [broad detector-output density],Any retained class,all relevant files,mehdikeshani/MyFasten,76,35,15,19.736842,46.052632,2.333333
Any retained class [broad detector-output density],Any retained class,all relevant files,merlimmateus/vidsummize,2,4,2,100.000000,200.000000,2.000000
Any retained class [broad detector-output density],Any retained class,all relevant files,metaloom/loom,77,63,39,50.649351,81.818182,1.615385
Any retained class [broad detector-output density],Any retained class,all relevant files,migibert/embro,19,26,14,73.684211,136.842105,1.857143
Any retained class [broad detector-output density],Any retained class,all relevant files,miguelperezcolom/mateu-article-2,20,11,10,50.000000,55.000000,1.100000
Any retained class [broad detector-output density],Any retained class,all relevant files,mikerasch/dal,9,4,4,44.444444,44.444444,1.000000
Any retained class [broad detector-output density],Any retained class,all relevant files,mingtiangg/LTG,61,74,34,55.737705,121.311475,2.176471
Any retained class [broad detector-output density],Any retained class,all relevant files,mini-crm/mini-crm,10,4,2,20.000000,40.000000,2.000000
Any retained class [broad detector-output density],Any retained class,all relevant files,mistresssfilth/HM8,4,5,3,75.000000,125.000000,1.666667
Any retained class [broad detector-output density],Any retained class,all relevant files,mochegov/rock-paper-scissors,8,7,5,62.500000,87.500000,1.400000
Any retained class [broad detector-output density],Any retained class,all relevant files,modlix-india/nocode-saas,522,273,149,28.544061,52.298851,1.832215
Any retained class [broad detector-output density],Any retained class,all relevant files,mullerhai/mysql-modeldb,96,96,69,71.875000,100.000000,1.391304
Any retained class [broad detector-output density],Any retained class,all relevant files,murl-digital/squier,4,4,3,75.000000,100.000000,1.333333
Any retained class [broad detector-output density],Any retained class,all relevant files,mwilkins91/mythology-v2,10,7,6,60.000000,70.000000,1.166667
Any retained class [broad detector-output density],Any retained class,all relevant files,my1exp/YC_Pay,22,29,14,63.636364,131.818182,2.071429
Any retained class [broad detector-output density],Any retained class,all relevant files,mytakedotorg/mtdo,42,28,20,47.619048,66.666667,1.400000
Any retained class [broad detector-output density],Any retained class,all relevant files,nameishari/money-transfer-service,6,5,3,50.000000,83.333333,1.666667
Any retained class [broad detector-output density],Any retained class,all relevant files,navikt/veilarblest,6,6,3,50.000000,100.000000,2.000000
Any retained class [broad detector-output density],Any retained class,all relevant files,neptunejing/SkillUp-Ecom-Plat,16,13,11,68.750000,81.250000,1.181818
Any retained class [broad detector-output density],Any retained class,all relevant files,nianien/jooq-tutorial,23,23,5,21.739130,100.000000,4.600000
Any retained class [broad detector-output density],Any retained class,all relevant files,nianien/katana,24,17,4,16.666667,70.833333,4.250000
Any retained class [broad detector-output density],Any retained class,all relevant files,nikguscode/HackathonMax,28,22,10,35.714286,78.571429,2.200000
Any retained class [broad detector-output density],Any retained class,all relevant files,nikolay-klekto/FunScrutContactCenterBot,20,14,10,50.000000,70.000000,1.400000
Any retained class [broad detector-output density],Any retained class,all relevant files,niranjankhare/SeleniumPageModeller,11,7,4,36.363636,63.636364,1.750000
Any retained class [broad detector-output density],Any retained class,all relevant files,nocarend/Tinkoff-Edu-Backend-Java,7,7,4,57.142857,100.000000,1.750000
Any retained class [broad detector-output density],Any retained class,all relevant files,noir2k/speechear,34,17,8,23.529412,50.000000,2.125000
Any retained class [broad detector-output density],Any retained class,all relevant files,nortal/GovStack-IM-BB-PubSub-Component,42,31,20,47.619048,73.809524,1.550000
Any retained class [broad detector-output density],Any retained class,all relevant files,northcoder-repo/jooqSakilaDemo,50,53,14,28.000000,106.000000,3.785714
Any retained class [broad detector-output density],Any retained class,all relevant files,nuromirzak/tinkoff_academy,11,10,4,36.363636,90.909091,2.500000
Any retained class [broad detector-output density],Any retained class,all relevant files,nyh1030/rocketmart-pcweb,28,50,11,39.285714,178.571429,4.545455
Any retained class [broad detector-output density],Any retained class,all relevant files,ojhughes/concourse-http-lock-resource,11,8,6,54.545455,72.727273,1.333333
Any retained class [broad detector-output density],Any retained class,all relevant files,oneops/oneops,43,45,22,51.162791,104.651163,2.045455
Any retained class [broad detector-output density],Any retained class,all relevant files,oracle/graalvm-reachability-metadata,13,24,10,76.923077,184.615385,2.400000
Any retained class [broad detector-output density],Any retained class,all relevant files,otto15/ITMO-WEB-LAB3,2,6,2,100.000000,300.000000,3.000000
Any retained class [broad detector-output density],Any retained class,all relevant files,pawelWielkolinski/SDABetApp,20,16,5,25.000000,80.000000,3.200000
Any retained class [broad detector-output density],Any retained class,all relevant files,pedroafonsodias/springboot,6,3,2,33.333333,50.000000,1.500000
Any retained class [broad detector-output density],Any retained class,all relevant files,pedroermarinho/teach-sync,8,7,6,75.000000,87.500000,1.166667
Any retained class [broad detector-output density],Any retained class,all relevant files,philosopherstonerush/java-notes,5,5,5,100.000000,100.000000,1.000000
Any retained class [broad detector-output density],Any retained class,all relevant files,phpbae/JOOQ,5,5,3,60.000000,100.000000,1.666667
Any retained class [broad detector-output density],Any retained class,all relevant files,picodotdev/blog-ejemplos,38,15,10,26.315789,39.473684,1.500000
Any retained class [broad detector-output density],Any retained class,all relevant files,poemp/metadata-gather,22,24,7,31.818182,109.090909,3.428571
Any retained class [broad detector-output density],Any retained class,all relevant files,polytech-attendance/taskbot,7,6,3,42.857143,85.714286,2.000000
Any retained class [broad detector-output density],Any retained class,all relevant files,ppretki/mysql-spatial-data,4,1,1,25.000000,25.000000,1.000000
Any retained class [broad detector-output density],Any retained class,all relevant files,pratyush05/trade-app,13,5,3,23.076923,38.461538,1.666667
Any retained class [broad detector-output density],Any retained class,all relevant files,pro100bat9/tg_chat,10,8,3,30.000000,80.000000,2.666667
Any retained class [broad detector-output density],Any retained class,all relevant files,propan/tea-buddy,6,6,5,83.333333,100.000000,1.200000
Any retained class [broad detector-output density],Any retained class,all relevant files,puzink/Wallet,7,3,2,28.571429,42.857143,1.500000
Any retained class [broad detector-output density],Any retained class,all relevant files,pvkvetkin/trackcontent,9,7,3,33.333333,77.777778,2.333333
Any retained class [broad detector-output density],Any retained class,all relevant files,pvorb/npm-stat.com,9,0,0,0.000000,0.000000,
Any retained class [broad detector-output density],Any retained class,all relevant files,qiao-zhi/springboot-ssm,4,7,4,100.000000,175.000000,1.750000
Any retained class [broad detector-output density],Any retained class,all relevant files,qimok/sharding-jdbc-test,12,8,5,41.666667,66.666667,1.600000
Any retained class [broad detector-output density],Any retained class,all relevant files,quarkiverse/quarkus-jooq,14,8,4,28.571429,57.142857,2.000000
Any retained class [broad detector-output density],Any retained class,all relevant files,quickmsg/smqtt,5,2,1,20.000000,40.000000,2.000000
Any retained class [broad detector-output density],Any retained class,all relevant files,quinscape/automaton,61,13,12,19.672131,21.311475,1.083333
Any retained class [broad detector-output density],Any retained class,all relevant files,quinscape/domainql,61,28,22,36.065574,45.901639,1.272727
Any retained class [broad detector-output density],Any retained class,all relevant files,quinscape/domainqlstarter,13,8,6,46.153846,61.538462,1.333333
Any retained class [broad detector-output density],Any retained class,all relevant files,r0masaN/PurchaseTask,10,21,4,40.000000,210.000000,5.250000
Any retained class [broad detector-output density],Any retained class,all relevant files,raissabeccarelli/UniBite,17,1,1,5.882353,5.882353,1.000000
Any retained class [broad detector-output density],Any retained class,all relevant files,ralscha/attic,116,24,12,10.344828,20.689655,2.000000
Any retained class [broad detector-output density],Any retained class,all relevant files,ralscha/blog2019,20,14,7,35.000000,70.000000,2.000000
Any retained class [broad detector-output density],Any retained class,all relevant files,ralscha/blog2020,3,2,2,66.666667,66.666667,1.000000
Any retained class [broad detector-output density],Any retained class,all relevant files,ralscha/otodo,22,27,9,40.909091,122.727273,3.000000
Any retained class [broad detector-output density],Any retained class,all relevant files,ralscha/realworld-spring-boot-jooq,19,18,11,57.894737,94.736842,1.636364
Any retained class [broad detector-output density],Any retained class,all relevant files,ralscha/springsecuritytotp,5,2,2,40.000000,40.000000,1.000000
Any retained class [broad detector-output density],Any retained class,all relevant files,ralscha/webauthn-demo,6,2,2,33.333333,33.333333,1.000000
Any retained class [broad detector-output density],Any retained class,all relevant files,ramoncunha/rinha-backend,6,4,2,33.333333,66.666667,2.000000
Any retained class [broad detector-output density],Any retained class,all relevant files,rayokota/kcache,2,2,1,50.000000,100.000000,2.000000
Any retained class [broad detector-output density],Any retained class,all relevant files,renan-schmitt/spring-boot-jooq,3,3,2,66.666667,100.000000,1.500000
Any retained class [broad detector-output density],Any retained class,all relevant files,rench/scio,2,5,2,100.000000,250.000000,2.500000
Any retained class [broad detector-output density],Any retained class,all relevant files,reportportal/commons-dao,127,125,63,49.606299,98.425197,1.984127
Any retained class [broad detector-output density],Any retained class,all relevant files,revensif/Tinkoff_Course2024,12,12,6,50.000000,100.000000,2.000000
Any retained class [broad detector-output density],Any retained class,all relevant files,rockmanck/lifebook,23,27,14,60.869565,117.391304,1.928571
Any retained class [broad detector-output density],Any retained class,all relevant files,rodano/rodano,105,174,44,41.904762,165.714286,3.954545
Any retained class [broad detector-output density],Any retained class,all relevant files,rogoo/java-raiz,7,7,5,71.428571,100.000000,1.400000
Any retained class [broad detector-output density],Any retained class,all relevant files,romchellis/transactions,3,2,2,66.666667,66.666667,1.000000
Any retained class [broad detector-output density],Any retained class,all relevant files,rzenkov/perfplayground,12,5,4,33.333333,41.666667,1.250000
Any retained class [broad detector-output density],Any retained class,all relevant files,s3nkyh/Library,10,12,6,60.000000,120.000000,2.000000
Any retained class [broad detector-output density],Any retained class,all relevant files,saksonikEgor/java-course-2023-backend-template-master,9,8,3,33.333333,88.888889,2.666667
Any retained class [broad detector-output density],Any retained class,all relevant files,saltybots/secretsalty-backend-j,8,7,3,37.500000,87.500000,2.333333
Any retained class [broad detector-output density],Any retained class,all relevant files,sayseakleng/template,11,2,2,18.181818,18.181818,1.000000
Any retained class [broad detector-output density],Any retained class,all relevant files,sdumancic/quarkus-template,7,5,4,57.142857,71.428571,1.250000
Any retained class [broad detector-output density],Any retained class,all relevant files,sebastian-raubach/frickl-web-server,45,49,20,44.444444,108.888889,2.450000
Any retained class [broad detector-output density],Any retained class,all relevant files,self-xdsd/self-storage,40,43,25,62.500000,107.500000,1.720000
Any retained class [broad detector-output density],Any retained class,all relevant files,serdeliverance/turro-lingo-api,6,10,6,100.000000,166.666667,1.666667
Any retained class [broad detector-output density],Any retained class,all relevant files,serje3/BotDiscordBackend,18,21,14,77.777778,116.666667,1.500000
Any retained class [broad detector-output density],Any retained class,all relevant files,sfk25/annually_report,18,37,16,88.888889,205.555556,2.312500
Any retained class [broad detector-output density],Any retained class,all relevant files,sge93/jooq-testcontainers-demo,3,1,1,33.333333,33.333333,1.000000
Any retained class [broad detector-output density],Any retained class,all relevant files,shengquan-ni/reshape-on-amber,41,8,8,19.512195,19.512195,1.000000
Any retained class [broad detector-output density],Any retained class,all relevant files,shev-81/jooqtest,5,8,3,60.000000,160.000000,2.666667
Any retained class [broad detector-output density],Any retained class,all relevant files,shileishmily/spring-boot-jooq-demo,8,16,3,37.500000,200.000000,5.333333
Any retained class [broad detector-output density],Any retained class,all relevant files,shilohooo/learn-jooq,28,34,16,57.142857,121.428571,2.125000
Any retained class [broad detector-output density],Any retained class,all relevant files,sify21/testjooq,4,1,1,25.000000,25.000000,1.000000
Any retained class [broad detector-output density],Any retained class,all relevant files,sikt-no/graphitron,193,3,3,1.554404,1.554404,1.000000
Any retained class [broad detector-output density],Any retained class,all relevant files,sim1984/fbjavaex,20,10,8,40.000000,50.000000,1.250000
Any retained class [broad detector-output density],Any retained class,all relevant files,sjucker/mvu-platform,32,37,25,78.125000,115.625000,1.480000
Any retained class [broad detector-output density],Any retained class,all relevant files,sjucker/referee-coach-probasket,22,28,16,72.727273,127.272727,1.750000
Any retained class [broad detector-output density],Any retained class,all relevant files,sjucker/zkmf2024-server,79,100,46,58.227848,126.582278,2.173913
Any retained class [broad detector-output density],Any retained class,all relevant files,skapral/poetryclub,34,8,5,14.705882,23.529412,1.600000
Any retained class [broad detector-output density],Any retained class,all relevant files,skyleedevzero86/Spring_lee_Module,23,11,7,30.434783,47.826087,1.571429
Any retained class [broad detector-output density],Any retained class,all relevant files,smartywebdev0119/springsecurity-top,5,2,2,40.000000,40.000000,1.000000
Any retained class [broad detector-output density],Any retained class,all relevant files,smix22/kitaplan,2,6,2,100.000000,300.000000,3.000000
Any retained class [broad detector-output density],Any retained class,all relevant files,smockoro/spring-boot-java-jooq,3,4,3,100.000000,133.333333,1.333333
Any retained class [broad detector-output density],Any retained class,all relevant files,snhr-1019/task-app-example,5,7,5,100.000000,140.000000,1.400000
Any retained class [broad detector-output density],Any retained class,all relevant files,sogeking7/booking-hotel-app,64,51,22,34.375000,79.687500,2.318182
Any retained class [broad detector-output density],Any retained class,all relevant files,sogeking7/hacknu-25-zaman-bank-ai-app,35,36,15,42.857143,102.857143,2.400000
Any retained class [broad detector-output density],Any retained class,all relevant files,sokolovskayaa/tinkoff-project,11,10,5,45.454545,90.909091,2.000000
Any retained class [broad detector-output density],Any retained class,all relevant files,sooogle/micronaut-petclinic,24,6,6,25.000000,25.000000,1.000000
Any retained class [broad detector-output density],Any retained class,all relevant files,spacedragon/dgit,9,11,4,44.444444,122.222222,2.750000
Any retained class [broad detector-output density],Any retained class,all relevant files,spectuu/equipo-4-ings-202520,26,25,11,42.307692,96.153846,2.272727
Any retained class [broad detector-output density],Any retained class,all relevant files,ssydx/django_wesite,4,2,2,50.000000,50.000000,1.000000
Any retained class [broad detector-output density],Any retained class,all relevant files,streamarr/streamarr-server,15,21,12,80.000000,140.000000,1.750000
Any retained class [broad detector-output density],Any retained class,all relevant files,stukenvitalii/TinkoffBot,7,9,5,71.428571,128.571429,1.800000
Any retained class [broad detector-output density],Any retained class,all relevant files,sun-fintrack/fintrack-back,12,10,5,41.666667,83.333333,2.000000
Any retained class [broad detector-output density],Any retained class,all relevant files,svp8/java-course-2024,18,25,11,61.111111,138.888889,2.272727
Any retained class [broad detector-output density],Any retained class,all relevant files,sweatboys/open-discogs-api,37,7,7,18.918919,18.918919,1.000000
Any retained class [broad detector-output density],Any retained class,all relevant files,sylvan-tang/auro,4,1,1,25.000000,25.000000,1.000000
Any retained class [broad detector-output density],Any retained class,all relevant files,synonymdev/vss-server,4,1,1,25.000000,25.000000,1.000000
Any retained class [broad detector-output density],Any retained class,all relevant files,t3hw/mhn,3,3,2,66.666667,100.000000,1.500000
Any retained class [broad detector-output density],Any retained class,all relevant files,tanjezh/spring-demos,16,39,10,62.500000,243.750000,3.900000
Any retained class [broad detector-output density],Any retained class,all relevant files,tapis-project/tapis-apps,8,4,4,50.000000,50.000000,1.000000
Any retained class [broad detector-output density],Any retained class,all relevant files,tapis-project/tapis-files,6,7,2,33.333333,116.666667,3.500000
Any retained class [broad detector-output density],Any retained class,all relevant files,tapis-project/tapis-notifications,9,14,4,44.444444,155.555556,3.500000
Any retained class [broad detector-output density],Any retained class,all relevant files,tapis-project/tapis-systems,9,14,6,66.666667,155.555556,2.333333
Any retained class [broad detector-output density],Any retained class,all relevant files,tariqkb/justweighit,27,3,3,11.111111,11.111111,1.000000
Any retained class [broad detector-output density],Any retained class,all relevant files,teragrep/pth_06,62,15,12,19.354839,24.193548,1.250000
Any retained class [broad detector-output density],Any retained class,all relevant files,the-programmers-hangout/Mimic,15,14,7,46.666667,93.333333,2.000000
Any retained class [broad detector-output density],Any retained class,all relevant files,therepanic/hr-masters-service,6,9,6,100.000000,150.000000,1.500000
Any retained class [broad detector-output density],Any retained class,all relevant files,therepanic/lapayment-crypto-pay-system,10,22,8,80.000000,220.000000,2.750000
Any retained class [broad detector-output density],Any retained class,all relevant files,therepanic/lapayment-crypto-payment-system-microservices,32,73,24,75.000000,228.125000,3.041667
Any retained class [broad detector-output density],Any retained class,all relevant files,therepanic/trustwin-casino-project,61,119,48,78.688525,195.081967,2.479167
Any retained class [broad detector-output density],Any retained class,all relevant files,theronielanddaronpodcastshow/svja,29,12,9,31.034483,41.379310,1.333333
Any retained class [broad detector-output density],Any retained class,all relevant files,thomascherickal/hedera-stable-coin,56,18,18,32.142857,32.142857,1.000000
Any retained class [broad detector-output density],Any retained class,all relevant files,tmtsoftware/aps-procedure-read-benchmarking,4,3,3,75.000000,75.000000,1.000000
Any retained class [broad detector-output density],Any retained class,all relevant files,toannv6895/searchable,8,4,3,37.500000,50.000000,1.333333
Any retained class [broad detector-output density],Any retained class,all relevant files,truonghq99/adam-project,3,2,2,66.666667,66.666667,1.000000
Any retained class [broad detector-output density],Any retained class,all relevant files,tsemkaloalena-mirea/vk_education,29,14,11,37.931034,48.275862,1.272727
Any retained class [broad detector-output density],Any retained class,all relevant files,tsoyolv/transfer-money,7,8,2,28.571429,114.285714,4.000000
Any retained class [broad detector-output density],Any retained class,all relevant files,tw-bc-group/tw-wallet-backend,37,38,18,48.648649,102.702703,2.111111
Any retained class [broad detector-output density],Any retained class,all relevant files,tyomamatrosov/MatrosovAS,5,4,3,60.000000,80.000000,1.333333
Any retained class [broad detector-output density],Any retained class,all relevant files,uianz/webflux-jooq-r2dbc-starter,3,2,2,66.666667,66.666667,1.000000
Any retained class [broad detector-output density],Any retained class,all relevant files,ultrapotato69/genealogy-back,7,5,4,57.142857,71.428571,1.250000
Any retained class [broad detector-output density],Any retained class,all relevant files,unlessiamwrong/Tinkoff-Java-course-2,12,13,6,50.000000,108.333333,2.166667
Any retained class [broad detector-output density],Any retained class,all relevant files,uptosmth/chronos,18,6,6,33.333333,33.333333,1.000000
Any retained class [broad detector-output density],Any retained class,all relevant files,utfunderscore/buildformat,6,5,4,66.666667,83.333333,1.250000
Any retained class [broad detector-output density],Any retained class,all relevant files,uvuv-643/Service_Oriented_Architecture,22,32,16,72.727273,145.454545,2.000000
Any retained class [broad detector-output density],Any retained class,all relevant files,vbandurin7/update-listener-bot,9,8,5,55.555556,88.888889,1.600000
Any retained class [broad detector-output density],Any retained class,all relevant files,vendelieu/spring-template,2,1,1,50.000000,50.000000,1.000000
Any retained class [broad detector-output density],Any retained class,all relevant files,vinniec4/fantasy-football,6,6,3,50.000000,100.000000,2.000000
Any retained class [broad detector-output density],Any retained class,all relevant files,vkuzel/Quantum-Leap,66,12,12,18.181818,18.181818,1.000000
Any retained class [broad detector-output density],Any retained class,all relevant files,vladislav77777/java-backend-course,9,11,4,44.444444,122.222222,2.750000
Any retained class [broad detector-output density],Any retained class,all relevant files,voidframework/voidframework,8,5,3,37.500000,62.500000,1.666667
Any retained class [broad detector-output density],Any retained class,all relevant files,volvas/courses,11,5,4,36.363636,45.454545,1.250000
Any retained class [broad detector-output density],Any retained class,all relevant files,vran-dev/databasir,169,145,60,35.502959,85.798817,2.416667
Any retained class [broad detector-output density],Any retained class,all relevant files,warhog/fpvlaptracker,13,23,8,61.538462,176.923077,2.875000
Any retained class [broad detector-output density],Any retained class,all relevant files,waydxd/COMP3111-Project,17,30,12,70.588235,176.470588,2.500000
Any retained class [broad detector-output density],Any retained class,all relevant files,wbprime/java-mods,15,10,7,46.666667,66.666667,1.428571
Any retained class [broad detector-output density],Any retained class,all relevant files,web3brothers/aleo-network-info,5,3,2,40.000000,60.000000,1.500000
Any retained class [broad detector-output density],Any retained class,all relevant files,whizvox/wsite,10,14,5,50.000000,140.000000,2.800000
Any retained class [broad detector-output density],Any retained class,all relevant files,whxu215/jooq-springboot-example-junit,9,4,2,22.222222,44.444444,2.000000
Any retained class [broad detector-output density],Any retained class,all relevant files,wuda0112/foundation,68,109,56,82.352941,160.294118,1.946429
Any retained class [broad detector-output density],Any retained class,all relevant files,wuhunyu/jooq-transaction,4,3,2,50.000000,75.000000,1.500000
Any retained class [broad detector-output density],Any retained class,all relevant files,wujihulian/filesbox,100,200,58,58.000000,200.000000,3.448276
Any retained class [broad detector-output density],Any retained class,all relevant files,xGodness/service-oriented-architecture,12,10,5,41.666667,83.333333,2.000000
Any retained class [broad detector-output density],Any retained class,all relevant files,xJade00/TavernMaid,13,11,8,61.538462,84.615385,1.375000
Any retained class [broad detector-output density],Any retained class,all relevant files,xdnw/Diplocutus,72,76,35,48.611111,105.555556,2.171429
Any retained class [broad detector-output density],Any retained class,all relevant files,xdnw/locutus,89,134,44,49.438202,150.561798,3.045455
Any retained class [broad detector-output density],Any retained class,all relevant files,xinxiamu/mu-spring-boot-sample,21,6,4,19.047619,28.571429,1.500000
Any retained class [broad detector-output density],Any retained class,all relevant files,xnelo/filearch,12,15,5,41.666667,125.000000,3.000000
Any retained class [broad detector-output density],Any retained class,all relevant files,yangjinguang/i-share-server,67,102,28,41.791045,152.238806,3.642857
Any retained class [broad detector-output density],Any retained class,all relevant files,yaowei-u/kafka,14,12,9,64.285714,85.714286,1.333333
Any retained class [broad detector-output density],Any retained class,all relevant files,ydb-platform/ydb-java-dialects,191,31,10,5.235602,16.230366,3.100000
Any retained class [broad detector-output density],Any retained class,all relevant files,ydeng11/Minance,24,14,7,29.166667,58.333333,2.000000
Any retained class [broad detector-output density],Any retained class,all relevant files,yichunzhao/jooq-dao,3,2,2,66.666667,66.666667,1.000000
Any retained class [broad detector-output density],Any retained class,all relevant files,yihaozhong/BuyUp,9,10,7,77.777778,111.111111,1.428571
Any retained class [broad detector-output density],Any retained class,all relevant files,yilmazorhan/smallapps.tips,5,2,1,20.000000,40.000000,2.000000
Any retained class [broad detector-output density],Any retained class,all relevant files,yiminyangguang520/Java-Learning,25,2,2,8.000000,8.000000,1.000000
Any retained class [broad detector-output density],Any retained class,all relevant files,young0264/jungsuri,26,28,19,73.076923,107.692308,1.473684
Any retained class [broad detector-output density],Any retained class,all relevant files,youngzil/quickstart-database,8,7,3,37.500000,87.500000,2.333333
Any retained class [broad detector-output density],Any retained class,all relevant files,yuizho/spring-sandbox,3,2,2,66.666667,66.666667,1.000000
Any retained class [broad detector-output density],Any retained class,all relevant files,yuzhongyousida/zipkin,42,2,1,2.380952,4.761905,2.000000
Any retained class [broad detector-output density],Any retained class,all relevant files,zangzang/java-test,20,10,7,35.000000,50.000000,1.428571
Any retained class [broad detector-output density],Any retained class,all relevant files,zero-ws/zero-ecotope,727,457,266,36.588721,62.861073,1.718045
Any retained class [broad detector-output density],Any retained class,all relevant files,zhengqingya/java-workspace,11,1,1,9.090909,9.090909,1.000000
Any retained class [broad detector-output density],Any retained class,all relevant files,zhengzizhe/agent_demo,50,67,20,40.000000,134.000000,3.350000
Any retained class [broad detector-output density],Any retained class,all relevant files,zhouzhaodong/springboot,5,2,2,40.000000,40.000000,1.000000
Any retained class [broad detector-output density],Any retained class,all relevant files,zhuyb0614/graph-batis,15,6,3,20.000000,40.000000,2.000000
Any retained class [broad detector-output density],Any retained class,all relevant files,zigzag191/java-backend-course-2024,9,5,2,22.222222,55.555556,2.500000
Any retained class [broad detector-output density],Any retained class,all relevant files,zjxkenshine/codedemo,24,2,2,8.333333,8.333333,1.000000
Any retained class [broad detector-output density],Any retained class,all relevant files,zodac-personal/folding-stats,17,20,6,35.294118,117.647059,3.333333
