split,repository,relative_path,source_location,source_role,bytes,nonblank_loc,sha256
validation,APSfurizon/fz-backend,application/src/main/java/net/furizon/backend/feature/admin/mapper/HotelExportRowMapper.java,src,application/query source,6438,109,ed89a3e3252b0d0c91fbdd9a1791943e7f7a9ef2efb8320983b810b43e4e85be
validation,APSfurizon/fz-backend,application/src/main/java/net/furizon/backend/feature/admin/mapper/JooqRoomNotFullRowMapper.java,src,application/query source,651,16,94901ad23ab9dbbc24bd51b442f22276c4811df7f4efc2eb02a923c4689f3fe1
validation,APSfurizon/fz-backend,application/src/main/java/net/furizon/backend/feature/authentication/mapper/JooqAuthenticationMapper.java,src,application/query source,1063,20,7af371896914bb9e592562902715680c0dc1e93757803071aae2617a2edeae91
validation,APSfurizon/fz-backend,application/src/main/java/net/furizon/backend/feature/badge/action/updateUserBadge/JooqUpdateUserBadgeAction.java,src,application/query source,911,25,4f4f6bf5e73b862722f498186d3c42b5b31d5d6583a2ba39d2adab3db23852c5
validation,APSfurizon/fz-backend,application/src/main/java/net/furizon/backend/feature/badge/finder/JooqBadgeFinder.java,src,application/query source,11228,266,5d12d08dba56426dd91cfb90100fd6e7527bb4e7e51e750acb2e330572a9e8e4
validation,APSfurizon/fz-backend,application/src/main/java/net/furizon/backend/feature/badge/mapper/JooqBadgeToPrintMapper.java,src,application/query source,1856,39,8ee9feb5251e9a73cede0185aa501b561291003ea6a6dc8e0df31539e0146fc0
validation,APSfurizon/fz-backend,application/src/main/java/net/furizon/backend/feature/fursuits/action/bringFursuitToEvent/JooqUpdateBringFursuitToEventAction.java,src,application/query source,1657,42,1d4658d7f168794b9ca20b08b491f2dfa0a0fc90b42e19ee9a9676bee279a3ba
validation,APSfurizon/fz-backend,application/src/main/java/net/furizon/backend/feature/fursuits/action/createFursuit/JooqCreateFursuitAction.java,src,application/query source,1973,54,afe1f1832a7540ddc69d96f9c6403f6b6d7ff8ec2e2494bed0eb4735ef280af1
validation,APSfurizon/fz-backend,application/src/main/java/net/furizon/backend/feature/fursuits/action/deleteFursuit/JooqDeleteFursuitAction.java,src,application/query source,726,19,beccd26964c8046c3827af198368e2e21297550a8e6349ea7f28e01edee6c4c8
validation,APSfurizon/fz-backend,application/src/main/java/net/furizon/backend/feature/fursuits/action/setBadge/JooqSetFursuitBadgeAction.java,src,application/query source,974,25,18e0a4f7c7d40e0749797e97de27037d3ffea0a22bf8118f3f3301a858de4bf9
validation,APSfurizon/fz-backend,application/src/main/java/net/furizon/backend/feature/fursuits/action/updateFursuit/JooqUpdateFursuitAction.java,src,application/query source,1135,27,0510c6f4160b00cd2c0cc5837e16531088deb1b0dbd297803b7fdecaf06aa137
validation,APSfurizon/fz-backend,application/src/main/java/net/furizon/backend/feature/fursuits/finder/JooqFursuitFinder.java,src,application/query source,7817,189,4f3387c9b13e3678d140aa2ea38d8e534f90d9082d47257a6894632d9b333d31
validation,APSfurizon/fz-backend,application/src/main/java/net/furizon/backend/feature/fursuits/mapper/JooqFursuitDataMapper.java,src,application/query source,1134,26,8d0888d44311e0dbd44e04ca479709465ea2ea324ff94c659e419bbf46bc08f5
validation,APSfurizon/fz-backend,application/src/main/java/net/furizon/backend/feature/fursuits/mapper/JooqFursuitDisplayMapper.java,src,application/query source,2028,42,dc6b9544346161c1240be0edb5a029394ac15569a627000cf1b79f58c5669158
validation,APSfurizon/fz-backend,application/src/main/java/net/furizon/backend/feature/membership/action/addMembershipInfo/JooqAddMembershipInfoAction.java,src,application/query source,3782,75,e850fd9cd8500f8796eb3639b3393a5cd04de2ea199ebf52364b59db0eda284e
validation,APSfurizon/fz-backend,application/src/main/java/net/furizon/backend/feature/membership/action/createMembershipCard/JooqCreateMembershipCardAction.java,src,application/query source,2555,58,7143ad59c462f86167aec416235a16843744182d46c1cf0045131598418c9f41
validation,APSfurizon/fz-backend,application/src/main/java/net/furizon/backend/feature/membership/action/deleteMembershipCard/JooqDeleteMembershipCardAction.java,src,application/query source,3079,56,f631aba84ab5e859a46a8cc5bb5e9c5c50da0d3ef4bab4491e4d71865d3a0704
validation,APSfurizon/fz-backend,application/src/main/java/net/furizon/backend/feature/membership/action/markInfoAsUpdated/JooqMarkInfoAsUpdated.java,src,application/query source,956,22,05d0aec38b89bbbef7fa3cb787c4348e3f4a2118940194dd1bcec400be5e13ce
validation,APSfurizon/fz-backend,application/src/main/java/net/furizon/backend/feature/membership/action/setCardRegistrationStatus/JooqSetCardRegistrationStatus.java,src,application/query source,1106,26,c52b533586ed8536cb698ed1c742967760829b75cf320b6b133ad6d05ab609f9
validation,APSfurizon/fz-backend,application/src/main/java/net/furizon/backend/feature/membership/action/shiftEnumerationOfCards/JooqShiftEnumerationOfMembershipCardsAction.java,src,application/query source,1809,41,bc9b74b7e2ab21481ba81e7587aa067d3f97240aed0b532fefbeb1f0c6878f2c
validation,APSfurizon/fz-backend,application/src/main/java/net/furizon/backend/feature/membership/action/updateMembershipInfo/JooqUpdateMembershipInfoAction.java,src,application/query source,3337,46,8983e11306d2ccfd805074cff3b6063de2a3a2076e08e0ccef7f3e9096b3239c
validation,APSfurizon/fz-backend,application/src/main/java/net/furizon/backend/feature/membership/action/updateMembershipOwner/JooqUpdateCardOwner.java,src,application/query source,1033,25,16f648a8354056a70c59a3551089a0a56f945c5098c61dd14e77586d1dd0a7a1
validation,APSfurizon/fz-backend,application/src/main/java/net/furizon/backend/feature/membership/finder/JooqMembershipCardFinder.java,src,application/query source,9957,224,6c6387faf7de9498a1f42c5ac700d1116f6dcad1b6d5f5629ebb8f3e88589807
validation,APSfurizon/fz-backend,application/src/main/java/net/furizon/backend/feature/membership/finder/JooqPersonalInfoFinder.java,src,application/query source,3481,76,edf0fae16a2a0380d11873b1ef547604991172a1c648e025aa0e368f3a4f018d
validation,APSfurizon/fz-backend,application/src/main/java/net/furizon/backend/feature/membership/mapper/FullInfoMembershipMapper.java,src,application/query source,881,19,9c2ed4685a27b9cfb10657750a88a2dd5b1b2d3d70e1697574ae7db5c04e98cd
validation,APSfurizon/fz-backend,application/src/main/java/net/furizon/backend/feature/membership/mapper/MembershipCardMapper.java,src,application/query source,771,18,b45e57e4aa0f4adcfdf07e041fd5964b9318facc495119fcba7c2e097de206fd
validation,APSfurizon/fz-backend,application/src/main/java/net/furizon/backend/feature/membership/mapper/MembershipInfoMapper.java,src,application/query source,2328,38,25ce5f62e001d776c01fd6349a9b1cf015144153e3c04a4eec14e1296f620d3d
validation,APSfurizon/fz-backend,application/src/main/java/net/furizon/backend/feature/nosecount/finder/JooqCountFinder.java,src,application/query source,6982,176,9dd0840b3114e7dca72388e16ad62b623ee25591c34dbfd18a74236057bafe1c
validation,APSfurizon/fz-backend,application/src/main/java/net/furizon/backend/feature/nosecount/mapper/JooqAdmincountObjMapper.java,src,application/query source,690,15,bd301c8f9a1e16a98cab3a927a1e169d497049dc4db44ffec2fc55122fac2bdd
validation,APSfurizon/fz-backend,application/src/main/java/net/furizon/backend/feature/nosecount/mapper/JooqNosecountObjMapper.java,src,application/query source,1926,32,2236c6be32c785224a289443665a63191d976a709988da3f112e830413443c28
validation,APSfurizon/fz-backend,application/src/main/java/net/furizon/backend/feature/pretix/objects/event/action/insert/JooqInsertNewEventAction.java,src,application/query source,2113,52,b6c2dd1cf7ecd216ff1018f93a3aa10ef5331f70eff5a066623d2a75edcb5bc1
validation,APSfurizon/fz-backend,application/src/main/java/net/furizon/backend/feature/pretix/objects/event/action/update/JooqUpdateEventAction.java,src,application/query source,1743,37,632d2e0635f8f65303baa32852c796d87d44cec4a78a8ecc7dba792ec5541bc4
validation,APSfurizon/fz-backend,application/src/main/java/net/furizon/backend/feature/pretix/objects/event/finder/JooqEventFinder.java,src,application/query source,1944,53,3f7324bed0266c907735c9eb6e2f1b1cf7988125f48bbc123dc07830ad05a947
validation,APSfurizon/fz-backend,application/src/main/java/net/furizon/backend/feature/pretix/objects/event/mapper/JooqEventMapper.java,src,application/query source,2278,50,2263d6b940b015d9053750510cbf48bafc59e43d6c029e10bd0266ec4b634972
validation,APSfurizon/fz-backend,application/src/main/java/net/furizon/backend/feature/pretix/objects/order/action/deleteOrder/JooqDeleteOrderAction.java,src,application/query source,3357,88,e0d808e1a281cd6298a4076facae87f520867eb7463bde7a160e6f8e6cfc8254
validation,APSfurizon/fz-backend,application/src/main/java/net/furizon/backend/feature/pretix/objects/order/action/updateOrder/JooqUpdateOrderAction.java,src,application/query source,4087,72,a7ecf7a9d01babbd99b97cf1ddc42b1bc2b26a44e98f79cc2344a3792d78d2c2
validation,APSfurizon/fz-backend,application/src/main/java/net/furizon/backend/feature/pretix/objects/order/action/upsertOrder/JooqUpsertOrderAction.java,src,application/query source,8778,188,31a35b78b5ce849da480fe6beaf52425f7c43cfaab6d738d9b102245f4f8a37c
validation,APSfurizon/fz-backend,application/src/main/java/net/furizon/backend/feature/pretix/objects/order/finder/JooqOrderFinder.java,src,application/query source,13694,314,f974720ddc8737d93d365a0d4c0bd6f344bd9fa89f7a1ce9a4255e45606234aa
validation,APSfurizon/fz-backend,application/src/main/java/net/furizon/backend/feature/pretix/objects/order/mapper/JooqOrderMapper.java,src,application/query source,4860,84,04d8b1378ba081449bbef57015f5479c31abef45773a7f339fbabdf6439bf0e7
validation,APSfurizon/fz-backend,application/src/main/java/net/furizon/backend/feature/roles/action/addPermissoins/JooqAddPermissionAction.java,src,application/query source,1035,27,cd4e64264daec0d7a4acf82a75b1246ccd59eefa9db76a41222524a7d36e8424
validation,APSfurizon/fz-backend,application/src/main/java/net/furizon/backend/feature/roles/action/addUsers/JooqAddUsersToRoleAction.java,src,application/query source,1284,34,53f6dee6f51e6e02c066284fbe70f8490341e547e0400c70fb3e280b279c7fcd
validation,APSfurizon/fz-backend,application/src/main/java/net/furizon/backend/feature/roles/action/createRole/JooqCreateRoleAction.java,src,application/query source,911,25,ddd26307c61039ad44b7bab380920b07991db165ab8b7f0b8399f9a2c3afd068
validation,APSfurizon/fz-backend,application/src/main/java/net/furizon/backend/feature/roles/action/deletePermissions/JooqDeletePermissionsAction.java,src,application/query source,1101,27,d5d10bfce54a285cd845e1674ddfaf8d12acef9a26d45e1ab2a3801402a77566
validation,APSfurizon/fz-backend,application/src/main/java/net/furizon/backend/feature/roles/action/deleteRole/JooqDeleteRoleAction.java,src,application/query source,791,22,f0d4c1533e2be9a308b80176819eb3193efd4ccaa7ad0bdf9ab45146e56b1aa0
validation,APSfurizon/fz-backend,application/src/main/java/net/furizon/backend/feature/roles/action/removeUsers/JooqRemoveUsersFromRoleAction.java,src,application/query source,880,24,9c0490f78a5211d2ee4043c9e22afc8c492a50e9fb369cc2316580bc3ddabf8e
validation,APSfurizon/fz-backend,application/src/main/java/net/furizon/backend/feature/roles/action/updateRoleInfo/JooqUpdateRoleInfoAction.java,src,application/query source,1206,29,54e82eb309cbd29b0e8513be1c3e10c9e52103048512796a16f5aebfd6812827
validation,APSfurizon/fz-backend,application/src/main/java/net/furizon/backend/feature/roles/action/updateUserHasRole/JooqUpdateUsersHasRoleAction.java,src,application/query source,1800,43,88956831d65a4df20f6315a2616f3c7ff1484b0195709120c0f5a951eff844f0
validation,APSfurizon/fz-backend,application/src/main/java/net/furizon/backend/feature/roles/mapper/ListedRoleMapper.java,src,application/query source,1032,24,0f8893424f7b40eed14008836e5671759d94be844307b9e52452b3aa4c46728b
validation,APSfurizon/fz-backend,application/src/main/java/net/furizon/backend/feature/roles/mapper/UserHasRoleMapper.java,src,application/query source,549,13,d9c9199c976b48b4d56a2e0c5e00afda742e707e158c917feda10db12ab23967
validation,APSfurizon/fz-backend,application/src/main/java/net/furizon/backend/feature/room/action/confirmUserExchangeStatus/JooqConfirmUserExchangeStatusAction.java,src,application/query source,1121,25,38ada3f90f3ed73945fa01b399ac1ae85c072c2df5f5b724dad2008130399071
validation,APSfurizon/fz-backend,application/src/main/java/net/furizon/backend/feature/room/action/createExchangeConfirmationStatusObj/JooqCreateExchangeObjAction.java,src,application/query source,1869,38,aafa2103fb1f9cab97c99dd4df54c7b3c0ad8b39aef27ad5e8babfafe013ec4d
validation,APSfurizon/fz-backend,application/src/main/java/net/furizon/backend/feature/room/action/deleteExchangeStatusObjAction/JooqDeleteExchangeStatusObjAction.java,src,application/query source,835,19,d26c12ddbdda6d5cd33585e73ef9759e34ea921c8b0a16247bfde38b8faef9f3
validation,APSfurizon/fz-backend,application/src/main/java/net/furizon/backend/feature/room/action/deleteExpiredExchange/JooqDeleteExpiredExchangesAction.java,src,application/query source,826,19,2f9107e7e445af7f815b05a82467bbb21b823ef41c242b7a33f624b0bcb84beb
validation,APSfurizon/fz-backend,application/src/main/java/net/furizon/backend/feature/room/finder/JooqExchangeConfirmationFinder.java,src,application/query source,2925,63,3684ca4b56716be084ae143aec9e30e249fcf3253652b5d4ef0d2848cd95b92f
validation,APSfurizon/fz-backend,application/src/main/java/net/furizon/backend/feature/room/finder/JooqRoomFinder.java,src,application/query source,25136,643,d51ce9bddb9e503e48b8f5926dd894e7b9f90b45243f1fc2da23232f6ae6e311
validation,APSfurizon/fz-backend,application/src/main/java/net/furizon/backend/feature/room/logic/DefaultRoomLogic.java,src,application/query source,23740,518,725e8f7d7c06004aed518dba8e8f38d391c60c22fa849bc3047146362fad7d9b
validation,APSfurizon/fz-backend,application/src/main/java/net/furizon/backend/feature/room/mapper/ExchangeConfirmationStatusMapper.java,src,application/query source,1105,18,20ec713ae10752a2f54a2f6be9287e242e43d7f7a86433989bb059cd90929595
validation,APSfurizon/fz-backend,application/src/main/java/net/furizon/backend/feature/room/mapper/JooqRoomDataMapper.java,src,application/query source,815,19,12cab309d9a2378eb992c5e4b11cdbd6ccf408b98b41605d34006c59a3fa8da6
validation,APSfurizon/fz-backend,application/src/main/java/net/furizon/backend/feature/room/mapper/JooqRoomInfoMapper.java,src,application/query source,1839,35,b5995ca858d9509207c93a35ba6383364673afabf863fee7846eb9d478ab9853
validation,APSfurizon/fz-backend,application/src/main/java/net/furizon/backend/feature/room/mapper/RoomGuestMapper.java,src,application/query source,579,16,0e0c44bc6b3bb47a4998de81dc8aa5ace458d6308c1895f219004487d85c9391
validation,APSfurizon/fz-backend,application/src/main/java/net/furizon/backend/feature/room/mapper/RoomGuestResponseMapper.java,src,application/query source,720,16,cc5823e6a69713c7ddd2e4519ed83ac315a89e25110a40de7f479449f2449085
validation,APSfurizon/fz-backend,application/src/main/java/net/furizon/backend/feature/room/mapper/RoomInvitationResponseMapper.java,src,application/query source,1004,19,36fd3a847d0cd4ad080541f604fcbbb9088988997970ad73f3ef7c2ca3c585ad
validation,APSfurizon/fz-backend,application/src/main/java/net/furizon/backend/feature/user/action/createUser/JooqCreateUserAction.java,src,application/query source,1689,43,4a142428d4e472dbf8f7400c2c360357850989c8cf7a0b24dcb1ae2707ce3db7
validation,APSfurizon/fz-backend,application/src/main/java/net/furizon/backend/feature/user/action/setBadge/JooqSetUserBadgeAction.java,src,application/query source,933,24,64b699a3ed80f177fc0a4a9dca4fcff102f82865abf2fa189ce19209a7b6eb78
validation,APSfurizon/fz-backend,application/src/main/java/net/furizon/backend/feature/user/action/updateShowInNosecount/JooqUpdateShowInNosecountAction.java,src,application/query source,830,21,08580797f8ba322fa5206e8587b227e0027a2e0654f36e01dbc659c3adb25dfc
validation,APSfurizon/fz-backend,application/src/main/java/net/furizon/backend/feature/user/action/updateUserLanguage/JooqUpdateUserLanguageAction.java,src,application/query source,846,21,9d4c82b134eb157d5f2e05fa2d647a34f4bade533309760bd3656bfb3de38663
validation,APSfurizon/fz-backend,application/src/main/java/net/furizon/backend/feature/user/finder/JooqUserFinder.java,src,application/query source,12835,320,be3a522d29e68430040891801e867a3f905ce57fcb7d1fbf259558704a6176fc
validation,APSfurizon/fz-backend,application/src/main/java/net/furizon/backend/feature/user/finder/UserFinder.java,src,application/query source,1556,38,c0e9a8d55961634fb94659361cdc2c4aeb125051f933c11f8a1169831067c6b0
validation,APSfurizon/fz-backend,application/src/main/java/net/furizon/backend/feature/user/mapper/JooqSearchUserMapper.java,src,application/query source,626,16,2831f65fe6ee2a42a345b070a8aab7d0efd110d9343864fe59dd6ad4f1e3d6d8
validation,APSfurizon/fz-backend,application/src/main/java/net/furizon/backend/feature/user/mapper/JooqUserDisplayMapper.java,src,application/query source,2430,51,0d8826c413d0608bd8dbbc0711724865b87a3a6c822196e1e8f187688a8362eb
validation,APSfurizon/fz-backend,application/src/main/java/net/furizon/backend/feature/user/mapper/JooqUserEmailDataMapper.java,src,application/query source,711,16,a619f667b93c30494c39b5df40e5a2b22bdbae59b183fea353c5ae0776718d2c
validation,APSfurizon/fz-backend,application/src/main/java/net/furizon/backend/feature/user/mapper/JooqUserMapper.java,src,application/query source,844,20,d9496be2cc27aca2c80a081dc55f1d5c4e9935ee1e71dac6159e0ae80969aa84
validation,APSfurizon/fz-backend,application/src/main/java/net/furizon/backend/infrastructure/configuration/DatabaseConfiguration.java,src,application/query source,714,19,1a826aad4f9bd3653df7852d18b5adceb53afffeb6f072a8b8727e06a61fab9a
validation,APSfurizon/fz-backend,application/src/main/java/net/furizon/backend/infrastructure/jackson/JsonSerializer.java,src,application/query source,267,9,32830d64301a2f3ee4cd8afd0c0834734e4b978e2cfaa967e3b170907ca2f5cc
validation,APSfurizon/fz-backend,application/src/main/java/net/furizon/backend/infrastructure/jackson/SimpleJsonSerializer.java,src,application/query source,936,27,0da4e485e9be33ed4d6ff66c51921d356a76cee121afb6f008099a85d7d88194
validation,APSfurizon/fz-backend,application/src/main/java/net/furizon/backend/infrastructure/media/action/DeleteMediaActionImpl.java,src,application/query source,790,22,8616d36347e43dfef837a1662ddc116bbfe3738cb8618e5bef46d3bcd4700259
validation,APSfurizon/fz-backend,application/src/main/java/net/furizon/backend/infrastructure/media/action/JooqAddMediaAction.java,src,application/query source,1116,30,3c874aa5a9d9630934f32bdb965a1cccadd89ae8b3ee71aa4a6ac853259ae3a6
validation,APSfurizon/fz-backend,application/src/main/java/net/furizon/backend/infrastructure/media/finder/JooqMediaFinder.java,src,application/query source,2502,66,536924e28388d9c5f24889b9ded6385917466f0193a709e18320961a1a3c9d86
validation,APSfurizon/fz-backend,application/src/main/java/net/furizon/backend/infrastructure/media/finder/MediaFinder.java,src,application/query source,529,13,57c810a0d46d44a13b6635f758fc0fbfd3d5383ffd11ecdf7c94ec07c6136ec5
validation,APSfurizon/fz-backend,application/src/main/java/net/furizon/backend/infrastructure/media/mapper/JooqMediaMapper.java,src,application/query source,759,18,f94673c5982747ecf26f1b2424fb01c6142e77c22937347b548352b4956fc86b
validation,APSfurizon/fz-backend,application/src/main/java/net/furizon/backend/infrastructure/media/mapper/MediaResponseMapper.java,src,application/query source,1280,35,31cbeb37ee0bec780c17ea2e885df92e64e035464c3449b8937ee53646a05ca2
validation,APSfurizon/fz-backend,application/src/main/java/net/furizon/backend/infrastructure/security/SecurityUtils.java,src,application/query source,1112,27,670e1d06ddb4f3e39cc1e0181282700ccc886528efacd7c8a7f42c35c376ecff
validation,APSfurizon/fz-backend,application/src/main/java/net/furizon/backend/infrastructure/security/permissions/finder/JooqPermissionFinder.java,src,application/query source,12199,293,6fe5784f7608185f98ad6edd8635e212bda4f32a7dc8e514da96e15c7782c9e6
validation,APSfurizon/fz-backend,application/src/main/java/net/furizon/backend/infrastructure/security/permissions/mapper/JooqPermissionMapper.java,src,application/query source,975,23,524a53df42a1d89de84c4355505c29b8ebe9259884f8e598456aa4658ce7f78b
validation,APSfurizon/fz-backend,application/src/main/java/net/furizon/backend/infrastructure/security/permissions/mapper/JooqRoleMapper.java,src,application/query source,593,15,c9d36d5df2201827cb4c5e560bf1211ccb6faf90264b9f52d7998577d341ba45
validation,APSfurizon/fz-backend,application/src/main/java/net/furizon/backend/infrastructure/security/permissions/mapper/JooqUserHasRoleMapper.java,src,application/query source,551,13,fda5a1e1a5b40fe4249bd3de5672b1ad30c9270a5b2d474e7d2afbdddb26b5b0
validation,APSfurizon/fz-backend,application/src/main/java/net/furizon/backend/infrastructure/security/session/manager/CachedSessionAuthenticationManager.java,src,application/query source,19442,457,831613c0025adef925d59c4dbd172d434045c9add6d63328160435fb72e52148
validation,APSfurizon/fz-backend,application/src/main/java/net/furizon/backend/infrastructure/security/session/mapper/JooqSessionMapper.java,src,application/query source,870,19,777047f637dd4353b57bee3189dae2438ee37466cbff3c54ae6da2c7530a6db7
validation,APSfurizon/fz-backend,fz-jooq-utils/src/main/java/net/furizon/jooq/DeserializableJooqEnum.java,src,application/query source,471,10,8d057f1b4773e0731eedc66feaaed21c403ae40f4b7b72deb23b4215809976e3
validation,APSfurizon/fz-backend,fz-jooq-utils/src/main/java/net/furizon/jooq/strategies/FzGeneratorStrategy.java,src,application/query source,648,16,d65f4f41af128b9c31f7e571abe04607caccba4067197156fd8fed2b8ce61a93
validation,APSfurizon/fz-backend,fz-jooq-utils/src/main/java/net/furizon/jooq/strategies/utils/EnumTypeDeserializer.java,src,application/query source,1819,43,6cccfec721ee7b6e3670d44d6a1c329e51427a460580648f1ad91c4d45becf26
validation,APSfurizon/fz-backend,fz-jooq-utils/src/main/java/net/furizon/jooq/strategies/utils/EnumTypeSerializer.java,src,application/query source,699,18,cd1d6145b2ca7ddbd165465c738949ad7855958fedf1c6b6ceac44f67036d931
validation,APSfurizon/fz-backend,jooq-common/src/main/java/net/furizon/jooq/generated/tables/Authentications.java,src,generated schema,11753,317,83bd1da39c25949e6fe2511862bc477c1fa294c0b8c36e0a480d9b463aefa9ed
validation,APSfurizon/fz-backend,jooq-common/src/main/java/net/furizon/jooq/generated/tables/EmailConfirmationRequest.java,src,generated schema,8936,262,591211dd97e348dc4d3c856f5f8323bc3a16f20826cba7c22b54c30aa4dc3d6a
validation,APSfurizon/fz-backend,jooq-common/src/main/java/net/furizon/jooq/generated/tables/Events.java,src,generated schema,12943,354,aca273463948cd369f7cb8cf3bb864b60339ecd473337c89d0e7da5e6538deee
validation,APSfurizon/fz-backend,jooq-common/src/main/java/net/furizon/jooq/generated/tables/ExchangeConfirmationStatus.java,src,generated schema,12440,321,32ce8314ca2d8f213a8a64fed033a3435e31f87e53e6a339a82c12b64972e9ad
validation,APSfurizon/fz-backend,jooq-common/src/main/java/net/furizon/jooq/generated/tables/Fursuits.java,src,generated schema,10242,306,401b047ce9bb16345b32f7aa299d9318077f156c39431334c9cd328ea130aaf4
validation,APSfurizon/fz-backend,jooq-common/src/main/java/net/furizon/jooq/generated/tables/FursuitsOrders.java,src,generated schema,8498,262,4b8f34ab70544cf5235bb239a82343bd4da7e811c0dd566b5a3bf932cd42b1f7
validation,APSfurizon/fz-backend,jooq-common/src/main/java/net/furizon/jooq/generated/tables/Media.java,src,generated schema,8798,280,4751de00221e74e434928614936688c22ed8fd15f406da38c534ba1b28094d4c
validation,APSfurizon/fz-backend,jooq-common/src/main/java/net/furizon/jooq/generated/tables/MembershipCards.java,src,generated schema,9797,287,6cecddc3b846bee69329e272423b3d066bba0102cf06417b8c5752c62cd725df
validation,APSfurizon/fz-backend,jooq-common/src/main/java/net/furizon/jooq/generated/tables/MembershipInfo.java,src,generated schema,14928,374,84fc5aa335053d71c6b557926843ef1deb8193f0e3414d001459cd784bc415fe
validation,APSfurizon/fz-backend,jooq-common/src/main/java/net/furizon/jooq/generated/tables/Orders.java,src,generated schema,18326,447,377aa131c9d553b8411959aa4ff0fc84c333d20adc30ff8734a89366bcea052f
validation,APSfurizon/fz-backend,jooq-common/src/main/java/net/furizon/jooq/generated/tables/Permission.java,src,generated schema,7792,252,6af9155bd392a84d77338c71dffdaab228e2425d6fac704e8a9dff6931f1c9d8
validation,APSfurizon/fz-backend,jooq-common/src/main/java/net/furizon/jooq/generated/tables/ResetPasswordRequests.java,src,generated schema,9102,265,4c779b4a4323a2394ac58e6436c004858709d4b7d96476d86a9de87aee268d06
validation,APSfurizon/fz-backend,jooq-common/src/main/java/net/furizon/jooq/generated/tables/Roles.java,src,generated schema,9287,289,3ff01d5a72d14ad094f02d6c090f5744c901deea6f2dd32a941e0feb624efc02
validation,APSfurizon/fz-backend,jooq-common/src/main/java/net/furizon/jooq/generated/tables/RoomGuests.java,src,generated schema,8872,275,1abc87df278727816884f55e8eb537336238f28a67625b41f5f65f029492ab67
validation,APSfurizon/fz-backend,jooq-common/src/main/java/net/furizon/jooq/generated/tables/Rooms.java,src,generated schema,9056,284,a9d73727619cd5cf85a38d7916751fe005b824c237e365f98379b9895754e0a5
validation,APSfurizon/fz-backend,jooq-common/src/main/java/net/furizon/jooq/generated/tables/SchemaMigrations.java,src,generated schema,6046,199,a8a41914ac4b1168875f25975e2cc3be9165855f169980a8a7ae8102d945c1de
validation,APSfurizon/fz-backend,jooq-common/src/main/java/net/furizon/jooq/generated/tables/Sessions.java,src,generated schema,7488,233,60eda40f02e4e92d2132fce56ebbc3aaf12f07a66cdb470aeab6ce6b583fe57d
validation,APSfurizon/fz-backend,jooq-common/src/main/java/net/furizon/jooq/generated/tables/UserHasRole.java,src,generated schema,8906,276,76a7560b145145ae4c9dcd7977340a3e3112ec6f1d462cdb87f2ce7c0c6ab28b
validation,APSfurizon/fz-backend,jooq-common/src/main/java/net/furizon/jooq/generated/tables/Users.java,src,generated schema,14336,396,c644b4c2b488e1fdf5dfdf4824f1243eaaa477528d48e3c32bf80a57e1776f13
validation,APSfurizon/fz-backend,jooq-common/src/main/java/net/furizon/jooq/infrastructure/JooqOptional.java,src,application/query source,804,29,72a7c5183552388bf2a25cc95bf60cdeb4274ac0cf815e9f881f198e7a902687
validation,APSfurizon/fz-backend,jooq-common/src/main/java/net/furizon/jooq/infrastructure/command/JooqSqlCommand.java,src,application/query source,754,23,041faa711a2f45206cd2cd3e7feefc8587f4518b19fcf78266121b96353b5dd4
validation,APSfurizon/fz-backend,jooq-common/src/main/java/net/furizon/jooq/infrastructure/command/SqlCommand.java,src,application/query source,608,17,cf652d09d2b17fe49d542b986c79f4ed5c28cfda06ee84e5cc1333904894b59d
validation,APSfurizon/fz-backend,jooq-common/src/main/java/net/furizon/jooq/infrastructure/query/JooqSqlQuery.java,src,application/query source,1361,42,38d029a0824936e60756fb699eb59825d9f9d38fbbcdd2e145f0190e5f484b01
validation,APSfurizon/fz-backend,jooq-common/src/main/java/net/furizon/jooq/infrastructure/query/SqlQuery.java,src,application/query source,1215,29,4c1810c53a53c134225e76f847d05549bb046773737e080638bed0426a2bba08
test,Andrey582/NotificationBot,scrapper-jooq/src/main/java/edu/java/JooqCodeGenerator.java,src,application/query source,2000,47,2a5afb7b3d484a4027434015c93aa9fcd069450a48f3c4ecc65ff9c9af51bb57
test,Andrey582/NotificationBot,scrapper/src/main/java/edu/java/configuration/JooqCofig.java,src,application/query source,634,16,c9e5b319986a4918f1b4cfb24d0d1fe456e71387107aa09ba7c8ae2449dd784c
test,Andrey582/NotificationBot,scrapper/src/main/java/edu/java/database/jooq/repository/JooqChatRepository.java,src,application/query source,1209,40,1035775dc7b0d9dd6ca4629edd4d68da4745331cbcf2dd44377bc2dbd5177ba8
test,Andrey582/NotificationBot,scrapper/src/main/java/edu/java/database/jooq/repository/JooqChatToLinkRepository.java,src,application/query source,3127,83,72d9885145675faa66f562d3a4dc7f964a77b61c8e3984f68e86eae790cd5876
test,Andrey582/NotificationBot,scrapper/src/main/java/edu/java/database/jooq/repository/JooqLinkRepository.java,src,application/query source,2015,60,7cba4d49dcd0ff54a6185c8c5d56d23a90aba855e1bab997705667da8f946ed3
test,Andrey582/NotificationBot,scrapper/src/main/java/edu/java/database/jooq/tables/Chat.java,src,generated schema,4364,154,96dd420a51e2098270ae74656445b9fe61311ba25360ce8da209bd846cd7dc41
test,Andrey582/NotificationBot,scrapper/src/main/java/edu/java/database/jooq/tables/ChatToLink.java,src,generated schema,5912,187,08763218caeacd1c7b53140982a8fab3797cfafd4fc1b83b9a0b6d3abfe2f10b
test,Andrey582/NotificationBot,scrapper/src/main/java/edu/java/database/jooq/tables/Link.java,src,generated schema,5350,176,5759fd05f2fb887b927bb6509dc0439f71c2a994fc0d6a6b7f45c9c375dc9e38
test,Andrey582/NotificationBot,scrapper/src/main/java/edu/java/service/jooq/JooqLinkService.java,src,application/query source,4562,105,7375a1d5ecb4b6ff584300ea58c2549ea9814616e3f92937a3c849237c190aa1
test,Andrey582/NotificationBot,scrapper/src/main/java/edu/java/updater/JooqLinkUpdater.java,src,application/query source,2640,62,4b20e7095ea2e40d18e2bc54fc836b875616d6318987c905ed8368591b00b78c
test,Andrey582/NotificationBot,scrapper/src/test/java/edu/java/scrapper/repository/jooq/JooqChatToLinkRepositoryTest.java,src,application/query source,2979,74,f162b34caf3bd1c78af013021ce789aac3f0dea173beb4171e2aa7b7a0634f85
training,Blackdread/rest-filter,src/main/java/org/blackdread/lib/restfilter/jooq/JooqFilterUtil.java,src,application/query source,7505,159,d85998743a962828fd531d775811c2eeaa337ffb10473324669041f84f891e11
training,Blackdread/rest-filter,src/main/java/org/blackdread/lib/restfilter/spring/filter/JooqQueryService.java,src,application/query source,3081,62,30ed35b27b1e14a5cdf754d97f646c17cd6d0d6f0bad9bd137cf0ea3173eeff1
training,Blackdread/rest-filter,src/main/java/org/blackdread/lib/restfilter/spring/sort/JooqSort.java,src,application/query source,3805,67,a4513e079e65fe56e20897f122219de0dab14f6e7db3ce3363799f3aac8bd859
training,Blackdread/rest-filter,src/main/java/org/blackdread/lib/restfilter/spring/sort/JooqSortBuilder.java,src,application/query source,14231,303,24d9f5bf9b1bdff1ccb32739d54836ecc7f5fc8a48b01e0d2d23fbecffe61f00
training,Blackdread/rest-filter,src/main/java/org/blackdread/lib/restfilter/spring/sort/JooqSortImpl.java,src,application/query source,14982,293,da3a7d29a1471ccdff3bf9bcd86057da7f5b9568c368d910d43abc199feb164e
training,Blackdread/rest-filter,src/main/java/org/blackdread/lib/restfilter/spring/sort/JooqSortUtil.java,src,application/query source,5793,137,20aa0fd691cc00bc09f12bac1945b5b3ce0b53088b93f4bd1995ae0fc559e54a
training,Blackdread/rest-filter,src/test/java/org/blackdread/lib/restfilter/demo/JooqChildEntityQueryService.java,src,application/query source,7866,152,d9269f27bf41c1e1e4b41f7ff663dce319149017393047c7991653988d4991fc
training,Blackdread/rest-filter,src/test/java/org/blackdread/lib/restfilter/demo/JooqChildEntityQueryServiceTest.java,src,application/query source,25937,488,6e2dcee0304e048f3c8ccb8aae09ab6f1ded67072c471ecbf24a25aeab5d3a38
training,Blackdread/rest-filter,src/test/java/org/blackdread/lib/restfilter/demo/converter/InstantConverter.java,src,application/query source,1889,46,acd08df0b27a155d2a750254c9eecf1ae79372da28383f89b5128296f55b6bb7
training,Blackdread/rest-filter,src/test/java/org/blackdread/lib/restfilter/demo/jooq/tables/ChildEntity.java,src,generated schema,7430,202,49c3ff096efca344e63ffbbbe3e19f8c90e304901afb1ee590c199e955945ad9
training,Blackdread/rest-filter,src/test/java/org/blackdread/lib/restfilter/demo/jooq/tables/ParentEntity.java,src,generated schema,7273,198,59a63183af4e0cb767128015097622788eb8e680cd71bcdcf43d4b2df7561000
training,Blackdread/rest-filter,src/test/java/org/blackdread/lib/restfilter/jooq/JooqFilterUtilTest.java,src,application/query source,17527,391,aeaa26ae11d9be4363c019591b7441698c37b5b5466d09b7d6a97f72fc17bca7
training,Blackdread/rest-filter,src/test/java/org/blackdread/lib/restfilter/spring/filter/QueryServiceTest.java,src,application/query source,4933,150,8aa9f7935537e3fc98b86172838123e589d8443cac23da1480137718240f600c
training,Blackdread/rest-filter,src/test/java/org/blackdread/lib/restfilter/spring/sort/JooqSortBuilderTest.java,src,application/query source,9345,201,c592071a4fd205ec5ac588ababedd6e03e586d6c7b397079472e63f9e0d43463
training,Blackdread/rest-filter,src/test/java/org/blackdread/lib/restfilter/spring/sort/JooqSortTest.java,src,application/query source,18249,365,bfc9fe8d19151133e4bb5ec19b0c1bbd37173aacbc31d7aa2e4b559f6983eb5c
training,Blackdread/rest-filter,src/test/java/org/blackdread/lib/restfilter/spring/sort/JooqSortUtilTest.java,src,application/query source,6252,118,aa6cbd1094727b3e48cd68aaa3cfccc65a4fdc3908cdbbe331b032e1e982ecf5
validation,BluBluBlaBla/vidsummize,src/main/java/com/vidsummize/jooq/tables/Video.java,src,generated schema,6293,207,25e3e0e858ef9f3c5f460f93506bfcced3058e85513f27d1f859a7c76f0b1b6d
validation,BluBluBlaBla/vidsummize,src/main/java/com/vidsummize/repositories/VideoRepositoryImpl.java,src,application/query source,1745,49,ed8d58086aa72fb600c4fdf8a46e2b7c5943a6214117fb94294adb376f70e1a8
test,BuchnevDmitry/LinkTracker,scrapper-jooq/src/main/java/edu/java/JooqCodegen.java,src,application/query source,2009,48,80649f7fdde3158f2266f3ba7db4dadbdab81808bccf0a9485003d5b64d029bf
test,BuchnevDmitry/LinkTracker,scrapper/src/main/java/edu/java/scrapper/configuration/JooqCustomConfiguration.java,src,application/query source,656,16,852de0967dac59496a90d3f3af0896351c3e00d466ed3ead944a55324d07fe32
test,BuchnevDmitry/LinkTracker,scrapper/src/main/java/edu/java/scrapper/configuration/access/JooqAccessConfiguration.java,src,application/query source,906,21,d7fba47ff84357e6253ebcc1267f0c8bc2829425983a5aab4b3df591b59331c9
test,BuchnevDmitry/LinkTracker,scrapper/src/main/java/edu/java/scrapper/domain/jooq/impl/JooqChatRepository.java,src,application/query source,1558,47,85859eac5fcd9aa24be4de77e48071a289ea6ebdb10c1b2c96caf436710fcf6f
test,BuchnevDmitry/LinkTracker,scrapper/src/main/java/edu/java/scrapper/domain/jooq/impl/JooqLinkRepository.java,src,application/query source,3774,103,ed9144d12f4778eb7bcb8841f8e78339c034d39021ae9adefe59fc10e659253f
test,BuchnevDmitry/LinkTracker,scrapper/src/main/java/edu/java/scrapper/domain/jooq/tables/Chat.java,src,generated schema,4970,168,eb9542e0b40619f116213a088a2c532a3d2385249662f207e30b90d09b21f152
test,BuchnevDmitry/LinkTracker,scrapper/src/main/java/edu/java/scrapper/domain/jooq/tables/ChatLink.java,src,generated schema,5557,186,a12ff34a27ed84f1b88d5e0236fd00418c41e7e308f61d702c122c2166a83502
test,BuchnevDmitry/LinkTracker,scrapper/src/main/java/edu/java/scrapper/domain/jooq/tables/Link.java,src,generated schema,6151,196,ed58728ea76a4493608e8875fde2c6ad058da7539d22fd42daaf7965230e363b
training,Dankoy/jforwarder,telegram_chat_service/src/main/java/ru/dankoy/telegramchatservice/core/component/converter/UUIDConverterJooq.java,src,application/query source,903,31,a0fde5e85976f0d773b5fb878fe257d562dfd0d58d4e0a552c6fcd932e4bf2a3
training,Dankoy/jforwarder,telegram_chat_service/src/main/java/ru/dankoy/telegramchatservice/core/component/jooqfieldparser/JooqFieldParser.java,src,application/query source,404,10,00bde85b733ed68ff7274b7955cf599667555537279529c80aa6cbfa2792c609
training,Dankoy/jforwarder,telegram_chat_service/src/main/java/ru/dankoy/telegramchatservice/core/component/jooqfieldparser/JooqFieldParserImpl.java,src,application/query source,2141,55,76b5aeb8b6da78498143ade436a1d0d203bfe7305ef741dd39ead5fbe6800dd3
training,Dankoy/jforwarder,telegram_chat_service/src/main/java/ru/dankoy/telegramchatservice/core/domain/jooq/tables/Chats.java,src,generated schema,6966,184,79c4851965c2b65411bbe545d8b82f4dfcb4d10f9ab12d73a2eb82e5f3731a60
training,Dankoy/jforwarder,telegram_chat_service/src/main/java/ru/dankoy/telegramchatservice/core/mapper/ChatMapper.java,src,application/query source,1516,36,a1e550d42f54cbc67a4f583adf2bf1b108f6d8445d9fe3228ff3cf03a5fd4308
training,Dankoy/jforwarder,telegram_chat_service/src/main/java/ru/dankoy/telegramchatservice/core/repository/TelegramChatDaoJooq.java,src,application/query source,8095,194,936e99da8b3f3d8dd346816e47a87a7bac3f256a352b57582fdff64c1003838d
training,Dankoy/jforwarder,telegram_chat_service/src/main/java/ru/dankoy/telegramchatservice/core/repository/condition/RegexSearchQueryConditionConsumer.java,src,application/query source,2363,58,6fcb9515bc71968fe638c43dba9ee24504b7c8a26281b3f2788d18700aa7b455
training,Dankoy/jforwarder,telegram_chat_service/src/main/java/ru/dankoy/telegramchatservice/core/repository/conditionscreator/TelegramChatConditions.java,src,application/query source,1568,29,b231aadbec4d6534a71c7578a4cd1be3b87b61fab0f0190d66416e790c78b8ac
training,Dankoy/jforwarder,telegram_chat_service/src/test/java/ru/dankoy/telegramchatservice/core/repository/TelegramChatDaoJooqTest.java,src,application/query source,4486,96,7685d1bb490e61f35bfe425b20f8ba5adaec349c58228fce823957a25278aacd
validation,DiSSCo/dissco-core-annotation-processing-service,src/main/java/eu/dissco/annotationprocessingservice/database/jooq/tables/Annotation.java,src,generated schema,9160,253,4db75ae5dc62a9ff9c763325d36dedcf7d405cf073ae1f8fbc8811518874b964
validation,DiSSCo/dissco-core-annotation-processing-service,src/main/java/eu/dissco/annotationprocessingservice/database/jooq/tables/AnnotationBatchRecord.java,src,generated schema,7606,214,65a1725ae53542d87a7d819522b3cb71bf752fc3766ae52ced7cba6a4e01471c
validation,DiSSCo/dissco-core-annotation-processing-service,src/main/java/eu/dissco/annotationprocessingservice/database/jooq/tables/DigitalSpecimen.java,src,generated schema,9457,251,db9c7db89a847c584bb525429a0cb53a8bfd46b2cbe45b076e7fddfe188d7fcd
validation,DiSSCo/dissco-core-annotation-processing-service,src/main/java/eu/dissco/annotationprocessingservice/database/jooq/tables/MasJobRecord.java,src,generated schema,8741,238,364b71a256e40e6490587d3209fca17b256645c0cbe6b68b38d49f74470a73f6
validation,DiSSCo/dissco-core-annotation-processing-service,src/main/java/eu/dissco/annotationprocessingservice/exception/DataBaseException.java,src,application/query source,239,7,098d332a34033ab8b37d34ec1bf5426be73ca70c230a75f575fc3ff713511d03
validation,DiSSCo/dissco-core-annotation-processing-service,src/main/java/eu/dissco/annotationprocessingservice/repository/AnnotationBatchRecordRepository.java,src,application/query source,2310,49,30335d6bd1df77bebfb8ec4c66976e08450bb8b654742d8d71e700ba73e701c4
validation,DiSSCo/dissco-core-annotation-processing-service,src/main/java/eu/dissco/annotationprocessingservice/repository/AnnotationRepository.java,src,application/query source,8337,182,1952f91f47bff9d90a30eb165911b64a858baba3de31e6dd4ac4f1e22ea0790b
validation,DiSSCo/dissco-core-annotation-processing-service,src/main/java/eu/dissco/annotationprocessingservice/repository/DigitalSpecimenRepository.java,src,application/query source,2331,51,75d7dbdb9e4eb2f503e19796cdeb5995fa193522171e11e22bcf46dc83766560
validation,DiSSCo/dissco-core-annotation-processing-service,src/main/java/eu/dissco/annotationprocessingservice/repository/MasJobRecordRepository.java,src,application/query source,2550,58,347fc705a565a060a3e7a6319120ead47368df04d55371e406a41b848d3706c4
validation,DiSSCo/dissco-core-annotation-processing-service,src/main/java/eu/dissco/annotationprocessingservice/service/ProcessingAutoAcceptedService.java,src,application/query source,4671,86,8560e414fcdc7b6bf6c9546cf27a6a0f50abd4921ab5750ba9d8ed8e4a6fbaae
validation,DiSSCo/dissco-core-annotation-processing-service,src/main/java/eu/dissco/annotationprocessingservice/service/ProcessingMasService.java,src,application/query source,14471,274,da0c51321fe0c259abd2e9621db4bfd80978c1e954fba60a28006a41219bc47c
validation,DiSSCo/dissco-core-annotation-processing-service,src/main/java/eu/dissco/annotationprocessingservice/service/ProcessingWebService.java,src,application/query source,8189,153,e735a73ca709ccebf24ef7e6ed723fb881374fdf42250ae867152ebe7e7ce56d
validation,DiSSCo/dissco-core-annotation-processing-service,src/main/java/eu/dissco/annotationprocessingservice/service/RollbackService.java,src,application/query source,6475,150,635df976ffd842f53b573b8f683e730704b5e75151f014a672fe7bfa13b219b6
validation,DiSSCo/dissco-core-annotation-processing-service,src/test/java/eu/dissco/annotationprocessingservice/repository/AnnotationBatchRecordRepositoryIT.java,src,application/query source,4148,102,4740a242418161fc1fdeba0dca7e7d24441f2fb72499e54a0f233a3dfbc4e364
validation,DiSSCo/dissco-core-annotation-processing-service,src/test/java/eu/dissco/annotationprocessingservice/repository/AnnotationRepositoryIT.java,src,application/query source,8416,206,3aa3d82a4bb54f2447b1b8c21e754aee2b486e88d64013705efaabb6805d45e3
validation,DiSSCo/dissco-core-annotation-processing-service,src/test/java/eu/dissco/annotationprocessingservice/repository/BaseRepositoryIT.java,src,application/query source,2412,51,c9b983af227bd5ce99b6d6dd487bbba7e55ac29dba5e3073f38eb3fe2e7cb254
validation,DiSSCo/dissco-core-annotation-processing-service,src/test/java/eu/dissco/annotationprocessingservice/repository/DigitalSpecimenRepositoryIT.java,src,application/query source,3291,72,14bbc15ac6054e483d4bc9d5f36c06b17fb74825fe9236352764c31be47694ab
validation,DiSSCo/dissco-core-annotation-processing-service,src/test/java/eu/dissco/annotationprocessingservice/repository/MasJobRecordRepositoryIT.java,src,application/query source,3471,79,8002a1f43c9a2ee61a6d7fdde6624fea2e1b3927e3dbc2ae02f8023d637a3d6c
validation,DiSSCo/dissco-core-annotation-processing-service,src/test/java/eu/dissco/annotationprocessingservice/service/ProcessingAutoAcceptedServiceTest.java,src,application/query source,12187,244,e0030251fe715ce6e08a9eb1aa88711ffa79865e6c24d085d78477474a2de37c
validation,DiSSCo/dissco-core-annotation-processing-service,src/test/java/eu/dissco/annotationprocessingservice/service/ProcessingMasServiceTest.java,src,application/query source,47559,899,cfa44dd67b76b4f28e79a0ce7c787d54afaa26600ff5e43d6c19a9576e4288e3
validation,DiSSCo/dissco-core-annotation-processing-service,src/test/java/eu/dissco/annotationprocessingservice/service/ProcessingWebServiceTest.java,src,application/query source,18828,394,1d581d7febd1ab7a165c0951472328c7252bbc2282d40a62d1b181a57d7a05b8
validation,DiSSCo/dissco-core-annotation-processing-service,src/test/java/eu/dissco/annotationprocessingservice/service/RollbackServiceTest.java,src,application/query source,13589,300,a07548edc03d0e3929979265b2ae77ccf5055eed24ba215632482c0c596d15d4
training,DiamondArt/Java-jooq,src/main/java/com/eburtis/learnjooqs/domain/AuthorRepository.java,src,application/query source,1899,51,6eaa2d830fbfea8c61c50f69f9716c8dc8b6aaea5026e4bba3b7b27d4c1ca654
training,DiamondArt/Java-jooq,src/main/java/com/eburtis/learnjooqs/domain/generated/jooq/org/jooq/codegen/maven/example/tables/Author.java,src,generated schema,4781,147,0041c9d8b0c10d73d431e697a23a79af5dcaae788271ed737b434652d3324449
training,DiamondArt/Java-jooq,src/main/java/com/eburtis/learnjooqs/domain/generated/jooq/org/jooq/codegen/maven/example/tables/AuthorBook.java,src,generated schema,5331,162,6e997eed799831feb73aaa3ceb7be2b3e1bbaa5661293ce5a53b13d0e3cfc351
training,DiamondArt/Java-jooq,src/main/java/com/eburtis/learnjooqs/domain/generated/jooq/org/jooq/codegen/maven/example/tables/Book.java,src,generated schema,4431,143,6d59945f7e90b56ee1c06d152e965ea2fe5073e758c393068fc56c380d201650
training,DiamondArt/Java-jooq,src/main/java/com/eburtis/learnjooqs/domain/generated/jooq/tables/Author.java,src,generated schema,4837,147,d553969f9a0c4566d774ff957f4ce99f95ea9fc17a231fcb35c593a392543b99
training,DiamondArt/Java-jooq,src/main/java/com/eburtis/learnjooqs/domain/generated/jooq/tables/AuthorBook.java,src,generated schema,5387,162,2706dbb435a5c1fc2ab80eda676e390aa8b0cf00a6f069fc8b095c5ff6cd9fee
training,DiamondArt/Java-jooq,src/main/java/com/eburtis/learnjooqs/domain/generated/jooq/tables/Book.java,src,generated schema,4487,143,8075d4983381001b11a782c8881fb6ea72ed44e5ff074d328849892c0d7a1e83
training,DiamondArt/Java-jooq,src/main/java/com/eburtis/learnjooqs/infrastructure/AuhtorServiceImplementation.java,src,application/query source,1875,50,1ae8ab225fdba4fbf5f9f81a2912a7d831f72d881155a45276f4061e2a168c0d
training,DrBrother/notification-system,scrapper-jooq/src/main/java/ru/tinkoff/JooqCodegen.java,src,application/query source,4114,77,1957877317da71c1286ba3a21bf57d5183355f498a05dc2a7d1a1fb531ffffad
training,DrBrother/notification-system,scrapper/src/main/java/ru/tinkoff/edu/java/scrapper/dao/jooq/JooqChatDAOImpl.java,src,application/query source,1899,47,053bd6216c251f65ee26b6fa107ebfc762cf1369b942e1105fd128489c2e6f51
training,DrBrother/notification-system,scrapper/src/main/java/ru/tinkoff/edu/java/scrapper/dao/jooq/JooqLinkDAOImpl.java,src,application/query source,4040,91,9cdcd74937b2fb65dbe159c12e501bca48c80d0f2c1099cf064b6d65fbee60e4
training,DrBrother/notification-system,scrapper/src/main/java/ru/tinkoff/edu/java/scrapper/dao/jooq/JooqSubscriptionDAOImpl.java,src,application/query source,2127,45,3dde5a1c0e786213d14f34013fa5059250de79455413bb566478fc8979ed22d8
training,DrBrother/notification-system,scrapper/src/main/java/ru/tinkoff/edu/java/scrapper/entity/jooq/tables/Chat.java,src,generated schema,4390,153,a163ff388ec1c860e8b6826a8fe306d5fd83dcddf3fbe1dba64432eff027fc4a
training,DrBrother/notification-system,scrapper/src/main/java/ru/tinkoff/edu/java/scrapper/entity/jooq/tables/Link.java,src,generated schema,5710,179,b235d05f7ab2ff492203ba2c6d58296df4d6ddad46f54d1b714415c0f471fba3
training,DrBrother/notification-system,scrapper/src/main/java/ru/tinkoff/edu/java/scrapper/entity/jooq/tables/Subscription.java,src,generated schema,5836,182,8efa1365fdf8492d31c59c76f3a8bf4d1ab2c63e318c1ca22590105d5a8fd956
training,DrBrother/notification-system,scrapper/src/test/java/ru/tinkoff/edu/java/linkparser/db/IntegrationEnvironmentTest.java,src,application/query source,1394,35,b7323fd9d5506d70519d8d5b9602886c00bd4c49c259d3d4c07bbda44b71ef76
training,DrBrother/notification-system,scrapper/src/test/java/ru/tinkoff/edu/java/linkparser/db/dao/JooqDaoTest.java,src,application/query source,3896,91,a13477d309afd210a63b6d4ff6dee05f6f79739360a2f7374f5909e3eb593222
test,Efler/telegram-scrapper-bot,jooqcodegen/src/main/java/edu/eflerrr/jooqcodegen/JooqCodegen.java,src,application/query source,1962,45,ea8748cf002665dd2e60367ce491ca1e838e480e45888a6929324cb8b21703cd
test,Efler/telegram-scrapper-bot,jooqcodegen/src/main/java/edu/eflerrr/jooqcodegen/generated/tables/Branch.java,src,generated schema,9187,304,07d7b2bcd37fbc0474e4cb4bcc599339240f758fa44726dce1ce2fe7c0d95467
test,Efler/telegram-scrapper-bot,jooqcodegen/src/main/java/edu/eflerrr/jooqcodegen/generated/tables/Chat.java,src,generated schema,7912,277,87f142d38db78db8b83443aebb40f24ce442103e46620e29d3a29469604a4a68
test,Efler/telegram-scrapper-bot,jooqcodegen/src/main/java/edu/eflerrr/jooqcodegen/generated/tables/Link.java,src,generated schema,9250,312,19ae8f4cc30e49381cd46586a076466ed5e57e56e091e309a5e8f8bb2447d4ec
test,Efler/telegram-scrapper-bot,jooqcodegen/src/main/java/edu/eflerrr/jooqcodegen/generated/tables/Tracking.java,src,generated schema,8806,299,7b6d9a33ad65c68c1af43a97e6b6e586a7661210659b48761e74a2394ff13e6e
test,Efler/telegram-scrapper-bot,scrapper/src/main/java/edu/eflerrr/scrapper/configuration/dataaccess/JooqDataAccessConfiguration.java,src,application/query source,1734,46,759e83d2a8fbae3345f69bcb69eebaf00c15e5d97e432877b229922b5fba278f
test,Efler/telegram-scrapper-bot,scrapper/src/main/java/edu/eflerrr/scrapper/service/jooq/JooqLinkService.java,src,application/query source,4875,124,8422e3281556f155d59cb7f46738f70f31d31b9f8baa9d80e5d47b231b555bbb
test,Efler/telegram-scrapper-bot,scrapper/src/main/java/edu/eflerrr/scrapper/service/jooq/JooqLinkUpdateService.java,src,application/query source,10263,210,27a255662db8d26def7c3df902c3bdae92673575f78f06efed3a231da9353a77
test,Efler/telegram-scrapper-bot,scrapper/src/main/java/edu/eflerrr/scrapper/service/jooq/JooqTgChatService.java,src,application/query source,2328,58,3c01719796015cc41e4446c1690a8b4e114291f039d5a352508fddae08da5275
test,Efler/telegram-scrapper-bot,scrapper/src/test/java/edu/eflerrr/scrapper/MigrationTest.java,src,application/query source,1496,41,63b02dc846a1fa7b43b0d17092c2002bc464f882ee89f9cfffa33ba64531578b
training,Hellblazer/quantum-db,qdb-cli/src/main/java/io/quantumdb/cli/commands/Init.java,src,application/query source,3395,69,59e3e89c483c675e16a9c3d768e5dccf901b084dd7a6064e6143b9dfaeddaad5
training,Hellblazer/quantum-db,qdb-cli/src/main/java/io/quantumdb/cli/commands/Nuke.java,src,application/query source,1143,30,07a1900c8c36ce51832a086685bca433dca7bb934a1e833ad8a9ad1076357b6f
training,Hellblazer/quantum-db,qdb-core/src/main/java/com/apollo/qdb/quantumdbSchema/tables/ActiveVersions.java,src,generated schema,4003,118,bd4d43533f175b61ab7b730b783f2b2c6181b4a3cfdd7d956f3e185a0976007c
training,Hellblazer/quantum-db,qdb-core/src/main/java/com/apollo/qdb/quantumdbSchema/tables/Changelog.java,src,generated schema,4862,138,0ff4ecf35adac6bddf0c86dc493a9cfbbcd066cfd4d4436a96b8708986630ec8
training,Hellblazer/quantum-db,qdb-core/src/main/java/com/apollo/qdb/quantumdbSchema/tables/Changesets.java,src,generated schema,5188,139,4df9bb6c801b5e379d6e20facea39830615c58c29bdacf312ee87a3659af8c93
training,Hellblazer/quantum-db,qdb-core/src/main/java/com/apollo/qdb/quantumdbSchema/tables/ColumnMappings.java,src,generated schema,4956,134,c94c848125e3024f13fa49a415718f16f2d8e4ef0d62a0cdc0ff4440cc2eccdb
training,Hellblazer/quantum-db,qdb-core/src/main/java/com/apollo/qdb/quantumdbSchema/tables/Config.java,src,generated schema,3602,115,697a5cbae784aef9f13cd10c788d18206e9c203d7b629bf97fafe4cdc1bffab9
training,Hellblazer/quantum-db,qdb-core/src/main/java/com/apollo/qdb/quantumdbSchema/tables/RefVersions.java,src,generated schema,4503,129,599418401e400dbfa90dea5696130b64856471340fcf227c656ecf5a01e5763a
training,Hellblazer/quantum-db,qdb-core/src/main/java/com/apollo/qdb/quantumdbSchema/tables/Refs.java,src,generated schema,3294,111,45f4dfa5912c6e99c74810aaa127ab6b5a8d34d6e027e1aab40f8991a927c7cd
training,Hellblazer/quantum-db,qdb-core/src/main/java/com/apollo/qdb/quantumdbSchema/tables/SynchronizerColumns.java,src,generated schema,4893,130,3d2a753acda701878249f54cca4fc6a38b187f22aeaad6a9a46d3bafb1792fa8
training,Hellblazer/quantum-db,qdb-core/src/main/java/com/apollo/qdb/quantumdbSchema/tables/Synchronizers.java,src,generated schema,5465,142,7726242c0b512239da61b8cfe7bf5e1dd13a64ce4059a1c6a1e792d4e46fe07c
training,Hellblazer/quantum-db,qdb-core/src/main/java/com/apollo/qdb/quantumdbSchema/tables/TableColumns.java,src,generated schema,4596,131,7c706f1cd2e06993009c2334b657a5dd6f62571eca68fc409c47a1287a5f2f8f
training,Hellblazer/quantum-db,qdb-core/src/main/java/io/quantumdb/core/backends/planner/MigrationState.java,src,application/query source,2370,54,9d70169a7639fd242bc9c6fa1e6da741bfdd77158d0482583d75f0139bd90505
training,Hellblazer/quantum-db,qdb-core/src/main/java/io/quantumdb/core/backends/planner/Operation.java,src,application/query source,2461,69,2e318ebaebc883e40b39e61cb76d5a87beb2ef1aa6d645d13fa435018d6b8e3d
training,Hellblazer/quantum-db,qdb-core/src/main/java/io/quantumdb/core/backends/planner/Plan.java,src,application/query source,7493,172,0797215894b190ccef6201cc3ad471a38c790761abecbe383e1c38b4c17ff2d1
training,Hellblazer/quantum-db,qdb-core/src/main/java/io/quantumdb/core/backends/planner/PlanValidator.java,src,application/query source,9374,163,3cae582bc467e72a9f7723495e4b8794c52bcfa800269a52be69af7ba70a0532
training,Hellblazer/quantum-db,qdb-core/src/main/java/io/quantumdb/core/backends/planner/Step.java,src,application/query source,3463,92,0474383ed9e5b2e72f3b3819d6a8dcb56bf137a5108c34b17cd0b27c4645ff4c
training,Hellblazer/quantum-db,qdb-core/src/main/java/io/quantumdb/core/backends/planner/TableNode.java,src,application/query source,2107,56,ebdaf68455d606ee9b3cc6b1321b402c5448fd20db51acfb47bf4f7c1128c85b
training,Hellblazer/quantum-db,qdb-core/src/main/java/io/quantumdb/core/migration/operations/TransitiveTableMirrorer.java,src,application/query source,3341,62,4324a11da54f1b7056fe501e470494b5a59cd49cd77aeb027c2949213a73a0da
training,Hellblazer/quantum-db,qdb-core/src/main/java/io/quantumdb/core/schema/definitions/Catalog.java,src,application/query source,9876,212,c8ec0f7028d4993f3c8cbc97d3258bb3d7f6af3cc0ddb299858cbcd727610e3b
training,Hellblazer/quantum-db,qdb-core/src/main/java/io/quantumdb/core/schema/definitions/PrettyPrinter.java,src,application/query source,12463,126,61d8bf4535f47fb7d5b207453f2b1fe2029649395110732c0f61196f7f4d6560
training,Hellblazer/quantum-db,qdb-core/src/main/java/io/quantumdb/core/schema/definitions/Table.java,src,application/query source,11410,253,dbf8753d3c5bf47605723d2154f1cbe91bf03d107d67eae1f881951ca802d7e0
training,Hellblazer/quantum-db,qdb-core/src/main/java/io/quantumdb/core/schema/operations/DecomposeTable.java,src,application/query source,3170,69,9ca95e75380e308754c4247b33be68e19c200f338057ad1b9583dbc915c7f16d
training,Hellblazer/quantum-db,qdb-core/src/main/java/io/quantumdb/core/schema/operations/JoinTable.java,src,application/query source,5591,104,1f4db483b699f5a0ba8561b58f4be1c841f4ec5b718aafa8402a921073fe2b19
training,Hellblazer/quantum-db,qdb-core/src/main/java/io/quantumdb/core/versioning/QuantumTables.java,src,application/query source,15193,172,3c7f85d379c33af1f019ab157b5ceab6fff785748e12c7ec7b65dbd34f5e75c8
training,Hellblazer/quantum-db,qdb-core/src/main/java/io/quantumdb/core/versioning/RefLog.java,src,application/query source,42576,915,6d758b66291d0f1fbc167121aeee3dbee3db555d0b07380072109b7083a62a10
training,Hellblazer/quantum-db,qdb-core/src/test/java/io/quantumdb/core/migration/operations/AddColumnMigratorTest.java,src,application/query source,4984,76,c3e787abf0a34b432d591853475fb5d62921b8ca411756eb925fd844b96d3dfd
training,Hellblazer/quantum-db,qdb-core/src/test/java/io/quantumdb/core/migration/operations/DropTableMigratorTest.java,src,application/query source,2438,44,5b33bb974d3328397dcb6244a1f6154a3a9c3761cb8360321e21dd20d7956e89
training,Hellblazer/quantum-db,qdb-core/src/test/java/io/quantumdb/core/schema/definitions/CatalogTest.java,src,application/query source,8221,178,b8b953532f76ed0cbab5daf6eb4a5626d0942b2c2753b856fa3b8ef37e8c1030
training,Hellblazer/quantum-db,qdb-core/src/test/java/io/quantumdb/core/schema/operations/DecomposeTableTest.java,src,application/query source,2790,47,5a7dda14b5a8b7e5d5596614a7319102a97d49a62715ef400741d1da4b19e151
training,Hellblazer/quantum-db,qdb-core/src/test/java/io/quantumdb/core/schema/operations/JoinTableTest.java,src,application/query source,2357,41,220fef9210a98077bcf1b658f1487c52e133e9b51fca15c053e09a9ee78dceda
training,Hellblazer/quantum-db,qdb-core/src/test/java/io/quantumdb/core/versioning/GenerateSchema.java,src,application/query source,2141,36,e7b050a14342bd7c69eba704d820318b1a6fabed14de5210559cdebfa13b1a18
training,Hellblazer/quantum-db,qdb-driver/src/main/java/io/quantumdb/driver/ProxyDatabaseMetaData.java,src,application/query source,28167,740,e6297786c65556689f43eb05e0ac24f64d9fe96e114ded06ab537e55354180db
training,Hellblazer/quantum-db,qdb-postgres/src/main/java/io/quantumdb/core/planner/CatalogLoader.java,src,application/query source,14847,262,c5209a0f1d072dd930321fb4b35189437840b69de6d69ad9b0ec8c68cdbbc9d9
training,Hellblazer/quantum-db,qdb-postgres/src/main/java/io/quantumdb/core/planner/NullRecords.java,src,application/query source,9226,177,a285ad5d6703106236d962038abead6dfe7b419c291e4e3a17299a56fa8bf407
training,Hellblazer/quantum-db,qdb-postgres/src/main/java/io/quantumdb/core/planner/PostgresqlBackend.java,src,application/query source,3433,83,c73544ca7152e0fea4a41dd86b4278bbc130978a9d13837c1f04ba933e4de2bd
training,Hellblazer/quantum-db,qdb-postgres/src/main/java/io/quantumdb/core/planner/PostgresqlMigrationPlanner.java,src,application/query source,30335,494,e0c7d9f13b090c74ad9bcfa88cb6afa64ca8fe12dd05225b6da8a5a31602236e
training,Hellblazer/quantum-db,qdb-postgres/src/main/java/io/quantumdb/core/planner/PostgresqlMigrator.java,src,application/query source,24495,434,e503170e572ff4c4131ccb24f7fd30059d649967046f0e9ba7b2388402e93543
training,Hellblazer/quantum-db,qdb-postgres/src/main/java/io/quantumdb/core/planner/SyncProto.java,src,application/query source,4583,121,3de06b9cd9dc95a83e5a8e301a857c3c9ead18b82687f5890df22ebb11400681
training,Hellblazer/quantum-db,qdb-postgres/src/main/java/io/quantumdb/core/planner/TableCreator.java,src,application/query source,6832,144,4eca6407b8d0e624053300b51b9a5acd1f094e6c78d04e12d77354bf7c35f054
training,Hellblazer/quantum-db,qdb-postgres/src/test/java/io/quantumdb/core/backends/TransactionalityTest.java,src,application/query source,11769,203,7cd88e38b89a573f70c50707f27bc213c9ff90ddb1fdf365ef5a271b63a5c6ba
training,Hellblazer/quantum-db,qdb-postgres/src/test/java/io/quantumdb/core/backends/integration/videostores/AddColumnToCustomersTable.java,src,application/query source,21444,245,388a37b305bbd237840430a9dc0e0f6981934cfd3032e648853c0da78ffca664
training,Hellblazer/quantum-db,qdb-postgres/src/test/java/io/quantumdb/core/backends/integration/videostores/AddColumnToFilmsTable.java,src,application/query source,17757,210,958c1f917b5dc3d8fc23b41a0ff2b7fbe6c4e1b9299b84897195a65f830ef3ea
training,Hellblazer/quantum-db,qdb-postgres/src/test/java/io/quantumdb/core/backends/integration/videostores/AddColumnToPaymentsTable.java,src,application/query source,14730,180,03bb914d4b1f031a6ba6e583303ab36027af1d10b520ff678c8e0fe457386877
training,Hellblazer/quantum-db,qdb-postgres/src/test/java/io/quantumdb/core/backends/integration/videostores/AddForeignKeyToPaymentsTable.java,src,application/query source,14927,184,bc2bc8f70770edc16b680021fca3b64bbafaa4e04151b446717956256f4d6dc2
training,Hellblazer/quantum-db,qdb-postgres/src/test/java/io/quantumdb/core/backends/integration/videostores/CopyCustomersTable.java,src,application/query source,14235,177,a7d4647f2241665f24dae97fba1912df84a61de3b9bf7b156f8b08e6dc06e46c
training,Hellblazer/quantum-db,qdb-postgres/src/test/java/io/quantumdb/core/backends/integration/videostores/CreateCreditCardsTable.java,src,application/query source,13889,175,a45ee26e14ab87a7097e8c356b73684d1dc261def75b1646a7ab4c0ce39a4a3a
training,Hellblazer/quantum-db,qdb-postgres/src/test/java/io/quantumdb/core/backends/integration/videostores/DropColumnFromCustomersTable.java,src,application/query source,17052,203,a1fdd3e25aeb91cbec222e20863c286378707bacbd427a31f58a6eb1bf76b38c
training,Hellblazer/quantum-db,qdb-postgres/src/test/java/io/quantumdb/core/backends/integration/videostores/DropForeignKeyFromCustomersTable.java,src,application/query source,17482,208,6fc8a6d72486c72e6ff21e127cf322189aca75b2e5ed70ec274c965965550b80
training,Hellblazer/quantum-db,qdb-postgres/src/test/java/io/quantumdb/core/backends/integration/videostores/DropPaymentsTable.java,src,application/query source,12309,157,1c6188caad0afe5da141feef805e192ee1d17efe14647233110ea945230963db
training,Hellblazer/quantum-db,qdb-postgres/src/test/java/io/quantumdb/core/backends/integration/videostores/MakeStoreFieldInStaffTableNullable.java,src,application/query source,20881,240,efa0b86e76b87858100b3889cfd9dd2cc2fd86774c557a253525fd70e597792b
training,Hellblazer/quantum-db,qdb-postgres/src/test/java/io/quantumdb/core/backends/integration/videostores/ModifyTypeInPaymentsTable.java,src,application/query source,14438,179,1a36be2bf58d486e23f98327a69894f34884b43101afb003295f32f8d59f3135
training,Hellblazer/quantum-db,qdb-postgres/src/test/java/io/quantumdb/core/backends/integration/videostores/PostgresqlBaseScenario.java,src,application/query source,12392,211,4e446441d94f5f2249aac3095e08d84ec3cc5a0f2169ae498e8ee2338c1102db
training,Hellblazer/quantum-db,qdb-postgres/src/test/java/io/quantumdb/core/backends/integration/videostores/RenameCustomersTable.java,src,application/query source,14133,179,d4bb7f61b5e4d88127af15c8e590653c377122c809642f9ceffad33d92eb0193
training,Hellblazer/quantum-db,qdb-postgres/src/test/java/io/quantumdb/core/backends/planner/GreedyMigrationPlannerTest.java,src,application/query source,155281,1707,33173f4492fbaa5a9e24d01611b215d006f1f888cf6088d4c3e6c67e67ca513b
training,Hellblazer/quantum-db,qdb-postgres/src/test/java/io/quantumdb/core/versioning/BackendTest.java,src,application/query source,4814,83,d296403acb5a089d6521741c170c3b76b4f8bb1355457e23681e6285fd23ef0d
training,Hixon10/spring-boot-security,src/generated/jooq/ru/hixon/microservice/tables/Users.java,src,generated schema,4116,146,5b13541bfc9cff912db84a2fbe879b8ba6118645ee02e7e83a09335651c321b2
training,Hixon10/spring-boot-security,src/main/java/ru/hixon/microservice/repository/UserRepository.java,src,application/query source,1762,47,0ea1e06ebe95f141a35fe20fd434b1787a90666ef8dbaabfa85df2fe138784e7
validation,Macbeth-Klm/Tinkoff-java-course-2024,scrapper-jooq/src/main/java/edu/java/JooqCodegen.java,src,application/query source,1995,46,6856660eed1330bdd9f3e5a11f92ca1eddb3135974340741f2a754d8963e3fb6
validation,Macbeth-Klm/Tinkoff-java-course-2024,scrapper/src/main/java/edu/java/api/domain/jooq/tables/Chat.java,src,generated schema,4375,154,7875f64e738933156ca4d8fa0c66350cc47294717369dd329ecdcc7c32cdbe03
validation,Macbeth-Klm/Tinkoff-java-course-2024,scrapper/src/main/java/edu/java/api/domain/jooq/tables/ChatLink.java,src,generated schema,5543,183,e642c8d5649f452e0773416ef4b80210e3473466b4530013a04a6b29b34e74ae
validation,Macbeth-Klm/Tinkoff-java-course-2024,scrapper/src/main/java/edu/java/api/domain/jooq/tables/Link.java,src,generated schema,5623,180,de068cc3dd0f1beb1da3049cad48633378e78c682beabd4f92bd9a2e6e166b60
validation,Macbeth-Klm/Tinkoff-java-course-2024,scrapper/src/main/java/edu/java/api/domain/repository/jooq/JooqChatLinkRepository.java,src,application/query source,2229,61,c3a1551f93b384e9301b824739718ea216e97821c9b4ab654c59c7957d52d2cf
validation,Macbeth-Klm/Tinkoff-java-course-2024,scrapper/src/main/java/edu/java/api/domain/repository/jooq/JooqChatRepository.java,src,application/query source,1385,41,bdbe98d5bd1fc31c90d92858ef3599e968cb50818f2b775c26264d72982d3a57
validation,Macbeth-Klm/Tinkoff-java-course-2024,scrapper/src/main/java/edu/java/api/domain/repository/jooq/JooqLinkRepository.java,src,application/query source,3120,87,6d2144cfedfbc5a03f9254e0a403d57a147c3f334a4d636aad74a43a39389dd7
validation,Macbeth-Klm/Tinkoff-java-course-2024,scrapper/src/main/java/edu/java/configuration/jooq/JooqConfig.java,src,application/query source,793,19,27b12a585d3f6fdd3bd52b6d68ccc3adb25aafa46aa2bf90846e70645210925e
validation,Macbeth-Klm/Tinkoff-java-course-2024,scrapper/src/test/java/edu/java/scrapper/InitDatabaseTest.java,src,application/query source,1914,47,29b12357e06749f2600673ed42c23923f45655984c0af2b260d71dca9e4313ff
validation,MahjongRepository/YagiMotel,src/main/java/org/yagi/motel/kernel/model/dsl/tables/State.java,src,generated schema,5383,189,21c9c557e13fc6ec23c2800bf5b1c53b9bddb121b5678bbf9156d88477138b2f
validation,MahjongRepository/YagiMotel,src/main/java/org/yagi/motel/kernel/repository/StateRepository.java,src,application/query source,2360,54,2ac7c756e0df86afab7db62fb3e669598544d2dc0c19dbce8b99d719343089b9
training,Ne1loff/OnboardingPlatform,src/main/java/com/example/onboardingservice/config/DatabaseConfiguration.java,src,application/query source,1250,30,2fc4d8c8a76200f62bd1dd62733c9bf5e2cb5cff16b0259fd820dcb6cb2c1152
training,Ne1loff/OnboardingPlatform,src/main/java/com/example/onboardingservice/config/ExceptionTranslator.java,src,application/query source,722,14,f29b8e8b9ffe5981b5e32ecd5eff9ae5d8a379d2da3d62901cc0b0cc14ef09c1
training,Ne1loff/OnboardingPlatform,src/main/java/com/example/onboardingservice/config/JooqTransactionProvider.java,src,application/query source,1449,35,6d4c9e1f8144880f6b96fd22badd96bdb34c22e532c9dca29698f0d2ff21b5b0
training,Ne1loff/OnboardingPlatform,src/main/java/com/example/onboardingservice/jooq/tables/OnboardingDocuments.java,src,generated schema,5884,180,4fdb986eb57c6b43a2d7045f21b2f088d854771804cf2d5be41984f5eceeabf9
training,Ne1loff/OnboardingPlatform,src/main/java/com/example/onboardingservice/jooq/tables/OnboardingHrs.java,src,generated schema,6002,185,89e24b2149da9838c4bb40bdbaa948f910a157890b6d5284f7a53a3d9c759692
training,Ne1loff/OnboardingPlatform,src/main/java/com/example/onboardingservice/jooq/tables/OnboardingProperties.java,src,generated schema,6160,183,d121dbf0ec033d7e0634d1e1d291f4422b7f11fa64f6ded434b7a8fbb6df6971
training,Ne1loff/OnboardingPlatform,src/main/java/com/example/onboardingservice/jooq/tables/Scenario.java,src,generated schema,6738,202,ae6d8e6d99bcdff0962c7efb25a0e12d990a99847f8f3cce7a02ccf8f92b242c
training,Ne1loff/OnboardingPlatform,src/main/java/com/example/onboardingservice/jooq/tables/ScenarioNotification.java,src,generated schema,7201,201,8f63e499ada1511e6e2db409b1b8ef2bb00ba69e678c63b094d73b4b9235e3b3
training,Ne1loff/OnboardingPlatform,src/main/java/com/example/onboardingservice/jooq/tables/ScenarioRouteDefinition.java,src,generated schema,7201,196,b16fb2f83180766b98e3fa215676c1b17201a0ae0ec132a90a3e52a630f167f4
training,Ne1loff/OnboardingPlatform,src/main/java/com/example/onboardingservice/scenaries/service/ScenariosManagerImpl.java,src,application/query source,4567,85,ce7f902b7fd58878ab8864b83f50e031e5323889e3dc28e600fed9dfa556db9e
training,Ne1loff/OnboardingPlatform,src/main/java/com/example/onboardingservice/scenaries/service/ScenariosServiceImpl.java,src,application/query source,8677,166,cce2f675b18b3cdd0ba76fdeb036da4578a7199ea80ccb521f0fbd12880eb0a3
training,Ne1loff/OnboardingPlatform,src/main/java/com/example/onboardingservice/schedulers/NotificationScheduler.java,src,application/query source,2465,44,3693ff8987614479f8848923e889214a7e9308300123d8193b5aa2ec43fd0df1
training,Ne1loff/OnboardingPlatform,src/main/java/com/example/onboardingservice/service/DocumentsServiceImpl.java,src,application/query source,7557,151,7b11e5837344617d4f798a74af20bd713247f03dac6133bfbadf227ff5469d94
training,Ne1loff/OnboardingPlatform,src/main/java/com/example/onboardingservice/service/HrsServiceImpl.java,src,application/query source,989,27,33b0c7904fe49f4201db38947fe16530643a43d4d98757ccb0afd3e37c80ee48
training,Ne1loff/OnboardingPlatform,src/main/java/com/example/onboardingservice/service/NotificationNotifier.java,src,application/query source,222,5,2b4e42a4b541f5f5ddd92043f35faccb0011d940a98f451996da3daaab67d49e
training,Ne1loff/OnboardingPlatform,src/main/java/com/example/onboardingservice/service/NotificationsService.java,src,application/query source,919,17,73f094bd51b2d2d72ea85c1a81097aae4a9fcbf045b6d25d73878ad4e1876944
training,Ne1loff/OnboardingPlatform,src/main/java/com/example/onboardingservice/service/NotificationsServiceImpl.java,src,application/query source,4035,82,f23db1d02d07c313f07e9a9ddb6fb326cd3efeb6ebaa62b767f59058aaf017f2
training,Ne1loff/OnboardingPlatform,src/main/java/com/example/onboardingservice/service/TelegramNotifier.java,src,application/query source,1313,30,4e4f127c5c30c04a0817201136ca99ac741dd1069533f7f87da8a3757c7867d5
training,Ne1loff/OnboardingPlatform,src/main/java/com/example/onboardingservice/utils/JooqUtils.java,src,application/query source,816,22,bf0f877cafb369d22a6d291f6c81178e9af532f2afd4f36814c4445fe3586cff
training,Ne1loff/OnboardingPlatform,src/test/java/com/example/onboardingservice/jooq/CodeGenTest.java,src,application/query source,2184,48,ef1276a1676f29ce60c98ce076b2ca56c3058f8ade4c445f3cb28e8de134ad37
training,NevinTure/java-course-2024,scrapper-jooq/src/main/java/edu/java/jooq/JooqCodegen.java,src,application/query source,1991,47,d6cbc9ace8c8a3139cccf905fb530b334c6f2d34e2c57a1636de527adc5fab9a
training,NevinTure/java-course-2024,scrapper/src/main/java/edu/java/scrapper/configuration/JooqConfig.java,src,application/query source,3964,99,cebd10c6e0edc71039413afa29431455a022cc73eaa7e8e0ef9d0305fd8214d1
training,NevinTure/java-course-2024,scrapper/src/main/java/edu/java/scrapper/model/jooq/tables/GitRepository.java,src,generated schema,5572,175,cd01491716ee3732f63c97e57301c64c21b9262b7ffdc12dd1dc72dd340d17c9
training,NevinTure/java-course-2024,scrapper/src/main/java/edu/java/scrapper/model/jooq/tables/Link.java,src,generated schema,3898,144,a51b08b97a2facc73c3365ff0cf7304f61e2d44d1e102aa4ddd82ccf514ed958
training,NevinTure/java-course-2024,scrapper/src/main/java/edu/java/scrapper/model/jooq/tables/StackoverflowQuestion.java,src,generated schema,5864,175,863fb2a0950d689fd73f2fa9eef1c74282316abc9c20e21747b21cf741077d03
training,NevinTure/java-course-2024,scrapper/src/main/java/edu/java/scrapper/model/jooq/tables/TgChat.java,src,generated schema,3758,132,8c0096c9f85a8ad8367ada2729750f4977cae23c9e068c3a815089eab4ec5609
training,NevinTure/java-course-2024,scrapper/src/main/java/edu/java/scrapper/model/jooq/tables/TgChatLink.java,src,generated schema,4513,156,5b751ac48bc9a4410228f0970ebee64253139e67a496a730027d5f109645db34
training,NevinTure/java-course-2024,scrapper/src/main/java/edu/java/scrapper/repositories/jooq/JooqChatLinkRepository.java,src,application/query source,1907,50,d7d1fc81dbb91db047d59203c74a8ecae1a0c01997e2d5577794c473c981201d
training,NevinTure/java-course-2024,scrapper/src/main/java/edu/java/scrapper/repositories/jooq/JooqChatRepository.java,src,application/query source,2016,56,78df3b52ca293e9664fdabb8de6ff14409e1c45d4ba581dfcba2a9e9a69b20ba
training,NevinTure/java-course-2024,scrapper/src/main/java/edu/java/scrapper/repositories/jooq/JooqGitRepoRepository.java,src,application/query source,4219,106,2f6f4c65292370efdbb05d0d0e43018e8138ca87b5d1d626bc6adaa2502457ad
training,NevinTure/java-course-2024,scrapper/src/main/java/edu/java/scrapper/repositories/jooq/JooqLinkRepository.java,src,application/query source,2222,63,1c17dce555c56fad7b3633cd899a989e95459dfbb380c04b7c8fb92f935fe870
training,NevinTure/java-course-2024,scrapper/src/main/java/edu/java/scrapper/repositories/jooq/JooqStackOverFlowQuestionRepository.java,src,application/query source,4435,98,6a292ee764c3d35af531ef037f22e61e7c9b6c1cf7b2ccf8fb063491e08214b1
training,NevinTure/java-course-2024,scrapper/src/test/java/edu/java/scrapper/services/JooqChatLinkServiceTest.java,src,application/query source,10262,291,a264320cbbb072b7a735cb5d27daff2b982862ab65d249ba17860b5d0c9fea9b
training,NevinTure/java-course-2024,scrapper/src/test/java/edu/java/scrapper/services/JooqGitRepositoryServiceTest.java,src,application/query source,4151,100,3925ff906756cded95d382944be1158c0478afce80e62ca593d5679d737caaac
training,NevinTure/java-course-2024,scrapper/src/test/java/edu/java/scrapper/services/JooqStackOverFlowQuestionServiceTest.java,src,application/query source,4238,100,cf4b9cc38c740ab631e5f4cb0e5fb969e5fbbe7a23a54b2ada1f261b8935dc2c
test,NurtilekMamashakirov/Bot-Link-Tracker,scrapper-jooq/src/main/java/edu/java/JooqCodegen.java,src,application/query source,2330,54,9e6dcb15f16a3a39015ee702d5d991c13dc8243aabdb0bca795af931cd3a7d6c
test,NurtilekMamashakirov/Bot-Link-Tracker,scrapper/src/main/java/edu/java/configuration/ApplicationConfig.java,src,application/query source,3111,96,5212a2ceb70d3d6f1634fbd320a44d481480a6b30afc622ecf077b23673df9be
test,NurtilekMamashakirov/Bot-Link-Tracker,scrapper/src/main/java/edu/java/repository/jooq/impls/JooqLinkRepository.java,src,application/query source,3917,113,f5eae295862d216aef49b22d2a3f22340d4102a332022c291c859f8ea19fc497
test,NurtilekMamashakirov/Bot-Link-Tracker,scrapper/src/main/java/edu/java/repository/jooq/impls/JooqTgChatRepository.java,src,application/query source,1661,53,b8727d9a33e482b1257147883794baeea34834d398f8f3308177fc1f48695817
test,NurtilekMamashakirov/Bot-Link-Tracker,scrapper/src/main/java/edu/java/repository/jooq/tables/Chat.java,src,generated schema,4897,170,e001c8371bd16ce92c66ab98d680c28f9db294cf874f74655b345893cd437791
test,NurtilekMamashakirov/Bot-Link-Tracker,scrapper/src/main/java/edu/java/repository/jooq/tables/ChatAndLink.java,src,generated schema,5929,192,d7c3f6b916bbeed70932852d184a7ece1fed759c243cf32632f75dc95b051760
test,NurtilekMamashakirov/Bot-Link-Tracker,scrapper/src/main/java/edu/java/repository/jooq/tables/Link.java,src,generated schema,5797,188,67bfcce2b5ccb7c38cd9a51f58a658fb370b3b28d371279657777193868226cc
training,ProstaOlga/prostaBot,src/main/java/com/inventory/prosta/bot/jooq/tables/Account.java,src,generated schema,4011,123,b30f45a4f367406b06aec4b70db51e5387a96574121826284a0ac68e17281a68
training,ProstaOlga/prostaBot,src/main/java/com/inventory/prosta/bot/jooq/tables/AccountChat.java,src,generated schema,4756,143,aea20b709ed29ad0da9fd8fe9df2c251910dab10ffa9b0fb27402ed8f227c78f
training,ProstaOlga/prostaBot,src/main/java/com/inventory/prosta/bot/jooq/tables/ChatDb.java,src,generated schema,4214,126,b2d2ac24cbc9b324c000cb47a85f09a085d726eb46c458f42007fcc40801d249
training,ProstaOlga/prostaBot,src/main/java/com/inventory/prosta/bot/jooq/tables/Media.java,src,generated schema,3720,119,f73db61106e6f42919b57ecf2902f19961ba18c4ee5a7d1a9d15d12837e0648a
training,ProstaOlga/prostaBot,src/main/java/com/inventory/prosta/bot/jooq/tables/MediaChat.java,src,generated schema,4527,140,52a8a56f7e011a5d4a052918c772a3d59ee6be8469e850f63a605590e577f2c5
training,ProstaOlga/prostaBot,src/main/java/com/inventory/prosta/bot/mapper/AccountMapper.java,src,application/query source,809,20,3821ce935bdf2960f293efdae5bc5604cf6ec0c7e41d75a5662a0add1825e66f
training,ProstaOlga/prostaBot,src/main/java/com/inventory/prosta/bot/mapper/ChatMapper.java,src,application/query source,1496,32,3249c2173f103ca4b1769aef4ced8ccf320828ac55e708e751fbd8acb14b2929
training,ProstaOlga/prostaBot,src/main/java/com/inventory/prosta/bot/model/answer/AnswerEvent.java,src,application/query source,418,16,4b9cb555076ba0e4d626e77821ad5330462679e8e1934847bea58a5afb706e94
training,ProstaOlga/prostaBot,src/main/java/com/inventory/prosta/bot/model/answer/BirthdayAnswerEvent.java,src,application/query source,562,20,edab1c87d1ba6a86ac18d63e4b42781521e6d9fdc979f7d8ff9712c383511a68
training,ProstaOlga/prostaBot,src/main/java/com/inventory/prosta/bot/model/answer/MediaAnswerEvent.java,src,application/query source,483,19,38a778968fc51b325f5a955405bcc6d4bd55f02fac72c2ba9a0ac9fa67125aa7
training,ProstaOlga/prostaBot,src/main/java/com/inventory/prosta/bot/repository/AccountRepo.java,src,application/query source,2888,79,f52b0299e21ad614d9179c53e4855c50c2d0065476a2a286e37bbb0ab9ea0e4b
training,ProstaOlga/prostaBot,src/main/java/com/inventory/prosta/bot/repository/ChatRepo.java,src,application/query source,2093,59,0828f49d649e7d788ff143c84950b15f528c95d466446ebfb48aa53d04855c93
training,ProstaOlga/prostaBot,src/main/java/com/inventory/prosta/bot/repository/MediaRepo.java,src,application/query source,3068,84,142bd7881935aae624a2a96a1eb45d5fd2c9bbe8c007c9c5649ec1110986c097
training,ProstaOlga/prostaBot,src/main/java/com/inventory/prosta/bot/service/api/AccountService.java,src,application/query source,2543,51,57d95ff3d86b95ccf6b4bf5fc76ddbba2586caa82472df78ad6579a9d9e0820c
training,ProstaOlga/prostaBot,src/main/java/com/inventory/prosta/bot/service/api/CatImageService.java,src,application/query source,460,9,a83348322e3b54a316a2b012b9c0c1fb1bac5f1dd128e86fc0c8b9836d2e5862
training,ProstaOlga/prostaBot,src/main/java/com/inventory/prosta/bot/service/api/ChatService.java,src,application/query source,1990,56,8783543483b1061bcd7d81177bb76971d851988217442562cbef7e7d91ecb126
training,ProstaOlga/prostaBot,src/main/java/com/inventory/prosta/bot/service/api/HolidayService.java,src,application/query source,1672,27,d1e31370e4bcf52e8ebe27b7503bbbbf682d8d54b3bf80a08aa5d76233b6e6af
training,ProstaOlga/prostaBot,src/main/java/com/inventory/prosta/bot/service/api/MediaService.java,src,application/query source,3671,56,0695b181b34fc5878dc6c567a61b54e741d763cc5a680b95551a131b9ccc9779
training,ProstaOlga/prostaBot,src/main/java/com/inventory/prosta/bot/service/api/MessageService.java,src,application/query source,1704,33,a8a0c5b738815ccbd25016e92c5f9ad316bc3e1a2dc77d084fb40c2c4db7cc84
training,ProstaOlga/prostaBot,src/main/java/com/inventory/prosta/bot/service/aspect/UpdateAccountAspect.java,src,application/query source,1579,41,38f3938dac126395b7f433261e44e5d5f05925b88ac7e03522d917e9a857c832
training,ProstaOlga/prostaBot,src/main/java/com/inventory/prosta/bot/service/comands/EnterBirthDateCommand.java,src,application/query source,3420,62,b1720d1d29f7a87e0e7e42bf87f09f1c224fbcba06a0700e90d5bf6935f78662
training,ProstaOlga/prostaBot,src/main/java/com/inventory/prosta/bot/service/comands/adminCommands/UploadMediaCommand.java,src,application/query source,3599,69,2280dc722f578a1f4414a4c70637df86d1bf89a4ce0f1888aa03df8a0f762dc5
training,ProstaOlga/prostaBot,src/main/java/com/inventory/prosta/bot/service/impl/AccountServiceImpl.java,src,application/query source,2058,54,b4f011f8b64ebc2a5c444e3f542324ea57c5b4cac783c2eae9b5cfe7d6a4a46b
training,ProstaOlga/prostaBot,src/main/java/com/inventory/prosta/bot/service/impl/BirthdayAnswerService.java,src,application/query source,5977,122,be48c89b5a437d3d21f9a4d0e047899bc0316a02c902abeb89146bc33deb332e
training,ProstaOlga/prostaBot,src/main/java/com/inventory/prosta/bot/service/impl/CatImageServiceImpl.java,src,application/query source,2983,78,76a45557900ec8c98fcc82f54393af4b2ff86c35bcde4a12f9675fc7390b26c7
training,ProstaOlga/prostaBot,src/main/java/com/inventory/prosta/bot/service/impl/ChatServiceImpl.java,src,application/query source,3635,105,ea8e801b3c28ea3f318b075c09b87fd8365a993640734eb1254f3fba1ef7c53b
training,ProstaOlga/prostaBot,src/main/java/com/inventory/prosta/bot/service/impl/DailyGreetingServiceImpl.java,src,application/query source,1714,36,fae2c373c00b788ddaa379f29afb69006fd840151eb42e912cc792c0457e7e04
training,ProstaOlga/prostaBot,src/main/java/com/inventory/prosta/bot/service/impl/HolidayServiceImpl.java,src,application/query source,3517,64,19e66a87ef9c0d30b6886b091177fc68388844a40b96c90f4d5fb4020a0b6089
training,ProstaOlga/prostaBot,src/main/java/com/inventory/prosta/bot/service/impl/MediaAnswerService.java,src,application/query source,4271,103,e65ec25629063bc36488084a18ae9deac5ec3675ac10490836d200cd95322c05
training,ProstaOlga/prostaBot,src/main/java/com/inventory/prosta/bot/service/impl/MediaServiceImpl.java,src,application/query source,2342,58,d9a4c091abe98bbcdf3eb38914cd37643b54d7bacacdbda437162fe90e71bace
training,ProstaOlga/prostaBot,src/main/java/com/inventory/prosta/bot/service/impl/MessageServiceImpl.java,src,application/query source,3574,87,32734ffc11378f728a0fb11c362ba5c337c2114e202f3163e40af2b3a7555cae
training,ProstaOlga/prostaBot,src/main/java/com/inventory/prosta/bot/service/impl/SchedulerServiceImpl.java,src,application/query source,3523,84,3febbc1d1c94eca27b8fd019fe8de3a32ebd71c42d3be9f1b0560700fc5a5b44
training,ProstaOlga/prostaBot,src/main/java/com/inventory/prosta/bot/telegram/keyboard/InlineKeyboardBuilder.java,src,application/query source,6968,143,bce25f00806e0e25dc740fe77b51ee89cd869def395cde18eb5a5a705f58cb59
training,ProstaOlga/prostaBot,src/main/java/com/inventory/prosta/bot/util/AccountUtils.java,src,application/query source,1522,37,5c6d7d792bd8682fcf7ebd200f2db56bffd097bc3e0df4566a063eaac05795cf
training,ProstaOlga/prostaBot,src/test/java/com/inventory/prosta/bot/service/api/HolidayServiceTest.java,src,application/query source,10121,173,0b8a9ba53c9dcf7e564a6681a788beea5bd410fe3f160a8b6461a7c9649c0652
training,ProstaOlga/prostaBot,src/test/java/com/inventory/prosta/bot/service/api/MessageServiceTest.java,src,application/query source,7976,156,77926dfddf76d1a464141f3c7da49c0a0dabde935f380ef13ebcd203a83274a1
training,ProstaOlga/prostaBot,src/test/java/com/inventory/prosta/bot/util/AccountDataSource.java,src,application/query source,1271,33,0f9f895587097466510747557a6ca7d0f4dfdc47cb9d86771403c224177a7d96
training,ProstaOlga/prostaBot,src/test/java/com/inventory/prosta/bot/util/ChatDataSource.java,src,application/query source,1336,36,a8aa5b17d314e6398120ac4c0d5757580b3727abecbc406f2cdbf2ec002e626f
training,ProstaOlga/prostaBot,src/test/java/com/inventory/prosta/bot/util/MediaDataSource.java,src,application/query source,1866,51,4d735baa13d1f81c1d6e2d71bf22b506288c85671214aab99cc55e3013da254c
validation,SleepwalkerPasha/egorov_pa_project,scrapper-jooq/src/main/java/ru/tinkoff/edu/JooqCodegen.java,src,application/query source,4424,83,9233760a5e989f5b85539d4ad337c2dfb740635ea127ed557e9b604303f47a13
validation,SleepwalkerPasha/egorov_pa_project,scrapper/src/main/java/ru/tinkoff/edu/java/scrapper/configuration/database/access/config/JooqAccessConfiguration.java,src,application/query source,1685,36,d9cf7644d005cc20d3bbf6ff0a719db0792dd4ce320683e2f756a535ce4b7fc5
validation,SleepwalkerPasha/egorov_pa_project,scrapper/src/main/java/ru/tinkoff/edu/java/scrapper/domain/jooq/tables/Chat.java,src,generated schema,4345,150,e98f114e72c2b082c9fd1e0fe5c3616b934d444f533f5cfe36253edd117093e6
validation,SleepwalkerPasha/egorov_pa_project,scrapper/src/main/java/ru/tinkoff/edu/java/scrapper/domain/jooq/tables/Link.java,src,generated schema,7118,208,3af9826f9f6dfb5aa61438a9d1fee148e302367af70b1b854369fd4069cd02c1
validation,SleepwalkerPasha/egorov_pa_project,scrapper/src/main/java/ru/tinkoff/edu/java/scrapper/repository/jooq/JooqLinkRepository.java,src,application/query source,4511,123,0baa8cbfa5e39905701187d9bf9e003b2c8b214160a87b1d9ff544a133a6a75c
validation,SleepwalkerPasha/egorov_pa_project,scrapper/src/main/java/ru/tinkoff/edu/java/scrapper/repository/jooq/JooqTgChatRepository.java,src,application/query source,2716,74,0f85d272a4ba2bb05dbd07e3c510b5c56e276a57c3dc30d17c510c5020682a12
validation,SleepwalkerPasha/egorov_pa_project,scrapper/src/test/java/ru/tinkoff/edu/DatabaseIntegrationTest.java,src,application/query source,2325,57,0b62c58fe9fba77daded2b936e493edf211b9f97944dcac4c036c6aab1901c05
test,Subtelny/DGCraft,Core-Plugin/core-api/src/main/java/pl/subtelny/core/api/database/ConnectionProvider.java,src,application/query source,150,5,b4363ea37c06d294805b20de853c694ece20d8664cacc8bb342c5a0af90973e5
test,Subtelny/DGCraft,Core-Plugin/core-api/src/main/java/pl/subtelny/core/api/database/DatabaseConnection.java,src,application/query source,215,7,0cbe77d2a1fe350bd720b20eaea31fe3dc3143f3627a4a894af585b7c306a643
test,Subtelny/DGCraft,Core-Plugin/core-api/src/main/java/pl/subtelny/core/api/database/TransactionProvider.java,src,application/query source,505,12,11606dd79e7db87c50cb2d7c9f6b7e41f8dfcd03ec89087c117296315c9a500b
test,Subtelny/DGCraft,Core-Plugin/core-api/src/main/java/pl/subtelny/core/api/database/TransactionalCallable.java,src,application/query source,170,6,46584ab70c800d72a19cd41d2a74fb0eb2de8ef66a84430254838f1a2ee0cca8
test,Subtelny/DGCraft,Core-Plugin/core-api/src/main/java/pl/subtelny/core/api/database/TransactionalCallbackable.java,src,application/query source,174,6,05142c1f9e02f24cfb982ce76f33acaa83fce6ca7df7fd32b73708ca5497a433
test,Subtelny/DGCraft,Core-Plugin/core-core/src/main/java/pl/subtelny/core/account/repository/loader/AccountAnemiaLoadAction.java,src,application/query source,2200,53,c9890ff4cbfd22240d45d3a919fdaea5d0fcca1878f298f2c757f2680abdbec6
test,Subtelny/DGCraft,Core-Plugin/core-core/src/main/java/pl/subtelny/core/account/repository/loader/AccountAnemiaLoaderRequest.java,src,application/query source,1778,49,ce3f0ec6340640826de1a48922717e4e0b2ded9f343eb202607738ab55cf2996
test,Subtelny/DGCraft,Core-Plugin/core-core/src/main/java/pl/subtelny/core/account/repository/loader/AccountLoader.java,src,application/query source,1454,34,522ff86e2f00b9f1866c67df16bba9a18be7c3a01480cd348e3f09f641d56594
test,Subtelny/DGCraft,Core-Plugin/core-core/src/main/java/pl/subtelny/core/account/repository/updater/AccountAnemiaUpdateAction.java,src,application/query source,1825,41,c9bc62ac3df0967196d254e445c469fb330ac7923261dae0889e03098c61be57
test,Subtelny/DGCraft,Core-Plugin/core-core/src/main/java/pl/subtelny/core/account/repository/updater/AccountUpdater.java,src,application/query source,969,21,e1eae128b9077a156046761e60409b32798217655317c2123e645024ad62ee49
test,Subtelny/DGCraft,Core-Plugin/core-core/src/main/java/pl/subtelny/core/account/repository/upgrade/v1/AccountDBUpgradeV1.java,src,application/query source,1615,37,ab65913607bd2472ad520b38cbe5d092eed42dcd87158f8eb9e9481c8b77f93d
test,Subtelny/DGCraft,Core-Plugin/core-core/src/main/java/pl/subtelny/core/database/ConnectionConfigurationProviderImpl.java,src,application/query source,1167,27,9377cb485fdc8a1e080b0698b90ef867dceb8173bb5fcfaa5ed6097dc109bd1a
test,Subtelny/DGCraft,Core-Plugin/core-core/src/main/java/pl/subtelny/core/database/CoreDatabaseConnection.java,src,application/query source,1830,51,7e8885f8c0965cd3bd6a402f651afb942fe3c651aad2df2f17e917591e0b2372
test,Subtelny/DGCraft,Core-Plugin/core-core/src/main/java/pl/subtelny/core/database/TransactionProviderImpl.java,src,application/query source,2587,64,968bfd5fb713f06f650d04f01d8cc6eb7fad3ea09b0945370632eaa2e637746c
test,Subtelny/DGCraft,Core-Plugin/core-core/src/test/java/pl/subtelny/core/account/AccountRepositoryImplTest.java,src,application/query source,2050,45,815917312f9e408640276e90b9133b1cb3d05abb17a044e97fd762226765ef68
test,Subtelny/DGCraft,Core-Plugin/core-core/src/test/java/pl/subtelny/core/account/DatabaseConnectionImplTest.java,src,application/query source,2022,49,6e8ac57e108c85ddb4663cead2c4b6cb694d7da41c2a432026f5e5b82a78701f
test,Subtelny/DGCraft,Generated/generated-tables/src/main/java/pl/subtelny/generated/tables/tables/Accounts.java,src,generated schema,4884,142,1a5482d55d68caf08ba709e382e66cc1a3f11c42ae39a94d6af7772b80f6b972
test,Subtelny/DGCraft,Generated/generated-tables/src/main/java/pl/subtelny/generated/tables/tables/IslandConfigurations.java,src,generated schema,5152,141,1cd08ce9b76430768cbb6f77fd626c1995a40e94a217b139be7db214db75d71a
test,Subtelny/DGCraft,Generated/generated-tables/src/main/java/pl/subtelny/generated/tables/tables/IslandMemberships.java,src,generated schema,4668,132,5db0cb0aab04d0118bea3f31be71f9135b4824541dc36b91bd2a3e3f41e8a73e
test,Subtelny/DGCraft,Generated/generated-tables/src/main/java/pl/subtelny/generated/tables/tables/Islanders.java,src,generated schema,4087,132,30b412c95cca8582bf3d8efd251c8426f0a883f4e02310ecf70bbfe39f4d9231
test,Subtelny/DGCraft,Generated/generated-tables/src/main/java/pl/subtelny/generated/tables/tables/Islands.java,src,generated schema,5089,146,52a4e4067d3b548b9b4113897171c9c9b3be56fbc7568869d22cd307713a6309
test,Subtelny/DGCraft,Generated/generated-tables/src/main/java/pl/subtelny/generated/tables/tables/SkyblockIslands.java,src,generated schema,5553,148,54cdcf3207f82087dc9bf8bef06805fa142181eead3a3beadfb8e85131665d4e
test,Subtelny/DGCraft,Islands-Plugin/islands-core/src/main/java/pl/subtelny/islands/api/membership/repository/IslandMembershipAnemia.java,src,application/query source,3067,70,bd163618f6ddbcf6cd0e584261aca11bb27d711e71d31cdea6e9411efae68e7f
test,Subtelny/DGCraft,Islands-Plugin/islands-core/src/main/java/pl/subtelny/islands/api/membership/repository/IslandMembershipRepository.java,src,application/query source,2836,58,4a0c9241c337500c5f3ee664dcf3468cb7ec9b049703bf31e9f0082faace297f
test,Subtelny/DGCraft,Islands-Plugin/islands-core/src/main/java/pl/subtelny/islands/api/membership/repository/upgrade/IslandMembershipDBUpgradeV1.java,src,application/query source,1488,35,6bcec34f4feba09ef7e54a694ca552391c061b3804f266af499f88ae0ece7449
test,Subtelny/DGCraft,Islands-Plugin/islands-core/src/main/java/pl/subtelny/islands/api/repository/IslandAnemiaLoadAction.java,src,application/query source,1362,40,d9dca159068b404b70bac1c26f71b6f093e058d0bc5b0f3903728da15ad8b315
test,Subtelny/DGCraft,Islands-Plugin/islands-core/src/main/java/pl/subtelny/islands/api/repository/IslandConfigurationRepository.java,src,application/query source,3166,70,6c2ca96b656b467640ad4b3d5ccfc7bbced7b80d6ec55a2b5464bc119479c3ce
test,Subtelny/DGCraft,Islands-Plugin/islands-core/src/main/java/pl/subtelny/islands/api/repository/anemia/IslandAnemia.java,src,application/query source,3212,90,b814562df736c94aef8936f46e8c580c0e210145f535c50b38c67400f510a453
test,Subtelny/DGCraft,Islands-Plugin/islands-core/src/main/java/pl/subtelny/islands/api/repository/dbupgrade/IslandConfigurationDBUpgradeV1.java,src,application/query source,1471,35,3d0bc8e41cb90086823c1ee0fb0a203daa5f40b058af04db8e1ef052c4b88749
test,Subtelny/DGCraft,Islands-Plugin/islands-core/src/main/java/pl/subtelny/islands/api/repository/dbupgrade/IslandDBUpgradeV1.java,src,application/query source,1531,35,8a18017dbcb5776f3b9395757cb5f6dcd8eb7b51b43396956958f73b02c2be72
test,Subtelny/DGCraft,Islands-Plugin/islands-core/src/main/java/pl/subtelny/islands/islander/repository/loader/IslanderAnemiaLoadAction.java,src,application/query source,1942,48,25ff0982d18d37da1e81113b15ea99908021cf5641b9ab26982d12451270c5b2
test,Subtelny/DGCraft,Islands-Plugin/islands-core/src/main/java/pl/subtelny/islands/islander/repository/storage/IslanderCacheLoader.java,src,application/query source,3605,67,ff70874565906fd1f876d645ba49b1158eb441ce7d204323519ba3081ad2d487
test,Subtelny/DGCraft,Islands-Plugin/islands-core/src/main/java/pl/subtelny/islands/islander/repository/updater/IslanderAnemiaUpdateAction.java,src,application/query source,1952,41,b4737779504135443846839b621b2e67120827591920fe7c2010dd7110579537
test,Subtelny/DGCraft,Islands-Plugin/islands-core/src/main/java/pl/subtelny/islands/islander/repository/updater/IslanderUpdater.java,src,application/query source,1196,25,b37e29a4ca0c898ca6365c429f26f262937f6d1f7d97934a8ba9a96f083b7eee
test,Subtelny/DGCraft,Islands-Plugin/islands-core/src/main/java/pl/subtelny/islands/islander/repository/upgrade/IslanderDBUpgradeV1.java,src,application/query source,1330,34,d19ac2a1d68bcad334d3fa647491572b6f1013ef059a4c9ca1971960c4d484a4
test,Subtelny/DGCraft,Islands-Plugin/islands-module/islands-module-skyblock/src/main/java/pl/subtelny/islands/module/skyblock/organizer/SkyblockIslandCoordinates.java,src,application/query source,2143,42,031a98c3e1e00f50d29d15a5f5cc40b89d74a365a8758044ab52989a7ea5d5dc
test,Subtelny/DGCraft,Islands-Plugin/islands-module/islands-module-skyblock/src/main/java/pl/subtelny/islands/module/skyblock/repository/SkyblockIslandCoordinatesLoadAction.java,src,application/query source,1979,40,199fe0b3cc903d99c7fe88847d8930931766ff2b02cf9fdfa44c473d99e8c6c2
test,Subtelny/DGCraft,Islands-Plugin/islands-module/islands-module-skyblock/src/main/java/pl/subtelny/islands/module/skyblock/repository/SkyblockIslandRepository.java,src,application/query source,5647,99,4e91a8104eca40bad0c932d4027577c4f9d700a2cef594f08caf7143b4b01269
test,Subtelny/DGCraft,Islands-Plugin/islands-module/islands-module-skyblock/src/main/java/pl/subtelny/islands/module/skyblock/repository/anemia/SkyblockIslandAnemia.java,src,application/query source,2772,63,1b3fc710be6f0f1de2d0a16c9522f37221c35a1c68ef7121d3de304c701d2e21
test,Subtelny/DGCraft,Islands-Plugin/islands-module/islands-module-skyblock/src/main/java/pl/subtelny/islands/module/skyblock/repository/dbupgrade/SkyblockIslandDBUpgradeV1.java,src,application/query source,1819,41,fe13379476b044fcfed5e6ff8583f33c82a74d24840889437c8054fd50aa3b5e
test,Subtelny/DGCraft,Islands-Plugin/islands-module/islands-module-skyblock/src/main/java/pl/subtelny/islands/module/skyblock/repository/load/SkyblockIslandAnemiaLoadAction.java,src,application/query source,3203,59,281115c3fec6fa9ed357fe6c82c80eee4636461ea3217d9a92e5d0291c49cbcb
test,Subtelny/DGCraft,Islands-Plugin/islands-module/islands-module-skyblock/src/main/java/pl/subtelny/islands/module/skyblock/repository/load/SkyblockIslandLoader.java,src,application/query source,4897,95,6a871aca56942bc6eef90e38e4d2497d2ea1f9bb0e4af793c239a85dc721158e
training,alexxiuccia/TrackMe,codice/TM_db/src-generated/it/trackme/jooq/generated/tables/Alimento.java,other,generated schema,5566,159,b2e5e1b91a77b4b72a9edfd2bb48fc78f0cc29334a0a67d83622fa78511b8081
training,alexxiuccia/TrackMe,codice/TM_db/src-generated/it/trackme/jooq/generated/tables/Composizionericetta.java,other,generated schema,5170,142,ed5bfdc9793ff71264e2be7b75b316ca5164f023ff11c3f5e1b631ceed09ce7c
training,alexxiuccia/TrackMe,codice/TM_db/src-generated/it/trackme/jooq/generated/tables/Creazionepasto.java,other,generated schema,4946,142,0fe61abfbde8dbbfaf4a7b0d14e4fdfc066003349597087637ef19609e93ff92
training,alexxiuccia/TrackMe,codice/TM_db/src-generated/it/trackme/jooq/generated/tables/Pasto.java,other,generated schema,5300,162,d53b56914765c9f53b058e6241478a7b430ce733b39ab453d1b6527db0b97c5c
training,alexxiuccia/TrackMe,codice/TM_db/src-generated/it/trackme/jooq/generated/tables/Ricetta.java,other,generated schema,4801,147,9163c6ad1bdf5ccb74fc2d37b624a7270576ec94702660bda6e20bf038768659
training,alexxiuccia/TrackMe,codice/TM_db/src-generated/it/trackme/jooq/generated/tables/User.java,other,generated schema,6839,184,561317087ecc30eda8692d2ef77d9c788e75417fbcbca418e09c8b24295a94ec
training,alexxiuccia/TrackMe,codice/TM_db/src-generated/it/trackme/jooq/generated/tables/Workout.java,other,generated schema,4814,147,7ae61752e1cf2144597b1653adbe67440f6724978b03163229a33be22c59221e
training,alexxiuccia/TrackMe,codice/TM_db/src/main/java/it/trackme/TM_db/App.java,src,application/query source,533,21,3b44be86705cd190b6e976acd0b4d01b48ea595d1dbfca948c0717ce8b0da6db
training,alexxiuccia/TrackMe,codice/TM_db/src/main/java/it/trackme/TM_db/Generation.java,src,application/query source,881,25,dd27b224652763ccd5ecb643d5a5826e9b7cbe5514688083425d14535a5c8868
training,alexxiuccia/TrackMe,codice/TM_fxml/src/main/java/it/trackme/TM_fxml/App.java,src,application/query source,1367,43,329583f19acf9ac26fc4771bc4e3d99881f5518499f010fd05e755f92fd211b2
training,alexxiuccia/TrackMe,codice/TM_logic/src/main/java/it/trackme/TM_logic/GestisciAlimento.java,src,application/query source,1584,42,a470e7d2cdf93a41b7ded371640e88c0d6a0e6f6f718b9ba9990b495361a9781
training,alexxiuccia/TrackMe,codice/TM_logic/src/main/java/it/trackme/TM_logic/GestisciComposizioneRicetta.java,src,application/query source,794,17,eaea7fe89748a515fe6cb2c1ab31285968ce0f4670dd7f9cdc9bdf8f900d9b86
training,alexxiuccia/TrackMe,codice/TM_logic/src/main/java/it/trackme/TM_logic/GestisciCreazionePasto.java,src,application/query source,744,17,b784f9bd053bc0c94467b9c060381d287e63634dc6a51569fe10339c8ef4dbc5
training,alexxiuccia/TrackMe,codice/TM_logic/src/main/java/it/trackme/TM_logic/GestisciPasto.java,src,application/query source,859,23,1f2ab81c25bae188a9e4bee98a41798d645d2b290d64e03ade92a58ed4f5271b
training,alexxiuccia/TrackMe,codice/TM_logic/src/main/java/it/trackme/TM_logic/GestisciPianoAlimentare.java,src,application/query source,3620,76,29c105ed24d31c5622818cef6655e7189bffd9e18f1532ca16ccc72cdd8711f6
training,alexxiuccia/TrackMe,codice/TM_logic/src/main/java/it/trackme/TM_logic/GestisciRicetta.java,src,application/query source,796,20,c2cf82f49a51a900e8a29d8d401dc06ea03b93ed139ed760ef0a884f9b1b54d8
training,alexxiuccia/TrackMe,codice/TM_logic/src/main/java/it/trackme/TM_logic/GestisciUtente.java,src,application/query source,2139,55,658c53d5e095042345667b3f0172bcb0483ffece1419f8d1a530e0366025a0e1
training,alexxiuccia/TrackMe,codice/TM_logic/src/main/java/it/trackme/TM_logic/GestisciWorkout.java,src,application/query source,607,17,fc6c0eaff5c8d65f23b3e3ad42257b29b02a2aecd1c2ebc2256e0c9b01fd30bd
training,alexxiuccia/TrackMe,codice/TM_logic/src/test/java/it/trackme/TM_logic/GestisciUtenteTest.java,src,application/query source,1227,31,92db37e6fbf83f2384b79de2f62bd4721fb82e746d3b427801e0ad49250e3bab
training,alvin-qh/study-java,springboot/datasource/dynamic/src/test/java/alvin/study/springboot/ds/IntegrationTest.java,src,application/query source,7387,189,8d673cf55be3519413d925f33c94c1b6fbf6b9cc2d788d43c0ad92fc662542fd
training,alvin-qh/study-java,springboot/datasource/dynamic/src/test/java/alvin/study/springboot/ds/core/TableCleaner.java,src,application/query source,2953,80,dbce647a582226a11e1d1a4eae41e67259df31f5739d77c72e1b3958bab85878
training,alvin-qh/study-java,springboot/datasource/multiple/src/test/java/alvin/study/springboot/ds/IntegrationTest.java,src,application/query source,3076,86,5e87c7544b2c3afecbf5c0e9cb72ee74037de6850ad0fed7f54e8ee4ba78a58b
training,alvin-qh/study-java,springboot/datasource/multiple/src/test/java/alvin/study/springboot/ds/core/TableCleaner.java,src,application/query source,2953,80,dbce647a582226a11e1d1a4eae41e67259df31f5739d77c72e1b3958bab85878
training,alvin-qh/study-java,springboot/graphql/src/test/java/alvin/study/springboot/graphql/IntegrationTest.java,src,application/query source,6140,168,3d341a30f4416d711b735fddbbd372117282de293a104db2efc309468cf2d60e
training,alvin-qh/study-java,springboot/graphql/src/test/java/alvin/study/springboot/graphql/core/TableCleaner.java,src,application/query source,4603,123,d4960d7a647a7084de08eda73fccbe7cc5b361402e92248f8b25e730b3eb1cbe
training,alvin-qh/study-java,springboot/jooq/src/jooq/java/alvin/study/springboot/jooq/infra/model/public_/tables/Department.java,src,generated schema,7926,229,2f4f954038b1f509f7d97eab9d41dfbe491cc0e7846cae9dccb901abd4471604
training,alvin-qh/study-java,springboot/jooq/src/jooq/java/alvin/study/springboot/jooq/infra/model/public_/tables/DepartmentEmployee.java,src,generated schema,8775,235,f66eab1432b021cb17e1cd3f74d22e3e9d2aefb2fed5f8367f244bce5141d0e0
training,alvin-qh/study-java,springboot/jooq/src/jooq/java/alvin/study/springboot/jooq/infra/model/public_/tables/Employee.java,src,generated schema,8481,239,5822ae745038222860f1f1b124f1091e1592fa74a173584d6def25c24a9ed754
training,alvin-qh/study-java,springboot/jooq/src/jooq/java/alvin/study/springboot/jooq/infra/model/public_/tables/Org.java,src,generated schema,6642,213,6bf5fdd8b1c5f2bcb9a1d23a59ab8fbedbb05a8ed67d32afec373793922c8ee2
training,alvin-qh/study-java,springboot/jooq/src/jooq/java/alvin/study/springboot/jooq/infra/model/public_/tables/User.java,src,generated schema,7910,235,77793cd4611ee54157ad2ce8b7c42450449df402a4da1915c4b75e7c4401d754
training,alvin-qh/study-java,springboot/jooq/src/main/java/alvin/study/springboot/jooq/conf/JooqConfig.java,src,application/query source,4628,124,c993a3bfd506260be772da0c9c94d612051432456bb63c55054a7e5b91f9395a
training,alvin-qh/study-java,springboot/jooq/src/main/java/alvin/study/springboot/jooq/core/jooq/dsl/JdbcDSLContextManager.java,src,application/query source,4933,140,d986a9cd87bcb24b7e0d7a14558d84f8ca73af813641f1f63718c5c64dc0747b
training,alvin-qh/study-java,springboot/jooq/src/main/java/alvin/study/springboot/jooq/core/jooq/listener/AuditAndTentedRecordListener.java,src,application/query source,6394,162,6e783fbc9f2055b57df2195c3801f162e13a3bd090cc8af32f40a17782f371ec
training,alvin-qh/study-java,springboot/jooq/src/main/java/alvin/study/springboot/jooq/core/jooq/listener/TentedVisitListener.java,src,application/query source,7049,181,206872ce8673e0aec329dd930fef0a9f52b6eca6557da6602b8152dc8a0f2bff
training,alvin-qh/study-java,springboot/jooq/src/main/java/alvin/study/springboot/jooq/infra/converter/common/JacksonConverter.java,src,application/query source,1409,46,84887c9410d4ba5ae4056b2d414924034c5d911127c97edf7f82fd72366c3715
training,alvin-qh/study-java,springboot/jooq/src/main/java/alvin/study/springboot/jooq/infra/repository/DepartmentEmployeeRepository.java,src,application/query source,737,17,27a33bfa1defd43cf0d2464f608fa9fa66fe0f3bb3baf56874f82625e895e43a
training,alvin-qh/study-java,springboot/jooq/src/main/java/alvin/study/springboot/jooq/infra/repository/DepartmentRepository.java,src,application/query source,4228,102,cab24e31b9fdfdc63e13615cd9bfdaae495cc6eb821f729ec31dcb2f5a1973ff
training,alvin-qh/study-java,springboot/jooq/src/main/java/alvin/study/springboot/jooq/infra/repository/EmployeeRepository.java,src,application/query source,2633,67,9fee4738e4122e885a670db0d23fcfa2d8546789ba7139eb524e413442a178ab
training,alvin-qh/study-java,springboot/jooq/src/main/java/alvin/study/springboot/jooq/infra/repository/OrgRepository.java,src,application/query source,5307,136,25c598f66ec9a4c4ae557e8a05281f58cb9cbe98d6fedcd7e1fcd166a92c7eab
training,alvin-qh/study-java,springboot/jooq/src/main/java/alvin/study/springboot/jooq/infra/repository/UserRepository.java,src,application/query source,1775,52,3aeebef507d312e1d2022b1feff3225c1a7be147b9f5fa1e205ab5fddc63a966
training,alvin-qh/study-java,springboot/jooq/src/main/java/alvin/study/springboot/jooq/infra/repository/common/BaseRepository.java,src,application/query source,2632,89,27b2756da3cd6b302bd1963c66e9fa9f068f6ab25cffc0443536a7feda820f70
training,alvin-qh/study-java,springboot/jooq/src/main/java/alvin/study/springboot/jooq/infra/repository/common/JdbcBaseRepository.java,src,application/query source,2299,69,dd5a59729d5a0f0d62790b69f6027426191892349ef6674c8c117dfb188a8be5
training,alvin-qh/study-java,springboot/jooq/src/test/java/alvin/study/springboot/jooq/IntegrationTest.java,src,application/query source,3353,87,265181792a21773d02d3e03e51da4db5532f387dba2d1daf515e118f15f06c0b
training,alvin-qh/study-java,springboot/jooq/src/test/java/alvin/study/springboot/jooq/conf/TestConfig.java,src,application/query source,1348,38,cbc20ac0049f6dd5243331912797d80b2f776bddc50cf9d0ac6695f0b3f356f7
training,alvin-qh/study-java,springboot/jooq/src/test/java/alvin/study/springboot/jooq/conf/TestContextInitializer.java,src,application/query source,1967,44,b3d08f90521456b98fb2fc9e932519d15883e298d83ba87fecb5e2b75a9f3d34
training,alvin-qh/study-java,springboot/jooq/src/test/java/alvin/study/springboot/jooq/core/TableCleaner.java,src,application/query source,3785,92,714dc20f1f0ccffae9f73e8d315e577f37ec536e7eb5176362a4c5fec6ef806b
training,alvin-qh/study-java,springboot/jooq/src/test/java/alvin/study/springboot/jooq/infra/repository/DepartmentRepositoryTest.java,src,application/query source,8291,189,6507eb12a17e3df8bd894ea90c389eb7914cd65da9f0e595bbc26d8a771d8618
training,alvin-qh/study-java,springboot/jooq/src/test/java/alvin/study/springboot/jooq/infra/repository/EmployeeRepositoryTest.java,src,application/query source,7691,178,b56c5b94407f9c82bd42f26f379025f2d0689158e575ec29807f0f2ee75343ef
training,alvin-qh/study-java,springboot/jooq/src/test/java/alvin/study/springboot/jooq/infra/repository/OrgRepositoryTest.java,src,application/query source,4676,115,f63c6c72c8f4b7e9472cf8a057ced0ae477292b4d468b5dc2175cac5f05325fa
training,alvin-qh/study-java,springboot/jooq/src/test/java/alvin/study/springboot/jooq/infra/repository/UserRepositoryTest.java,src,application/query source,4752,122,53a3656165bd6dbbce67dccdc09531fd0ea18c68d5d64ef5bb812c8702027190
training,alvin-qh/study-java,springboot/jpa/src/test/java/alvin/study/springboot/jpa/IntegrationTest.java,src,application/query source,9474,253,7d876206e3b4827d8539120fa3bf90387a0ec404610987e5712471cd86760038
training,alvin-qh/study-java,springboot/jpa/src/test/java/alvin/study/springboot/jpa/common/TableCleaner.java,src,application/query source,3499,91,efebc744b493a2606ba96a146ff07641c48c28178fe49146d5ef3dec3c437f8c
training,alvin-qh/study-java,springboot/mybatis/src/test/java/alvin/study/springboot/mybatis/IntegrationTest.java,src,application/query source,7974,215,ff45479f30a7fd02a87d2f598ea628650b75a42303f197f6efb8d2dd5599a861
training,alvin-qh/study-java,springboot/mybatis/src/test/java/alvin/study/springboot/mybatis/core/TableCleaner.java,src,application/query source,4603,123,f11854fb150c8d28bff154adb83f34c647874f3bce5626dc6ada8e6c3d16ab8f
training,alvin-qh/study-java,springboot/security/src/test/java/alvin/study/springboot/security/IntegrationTest.java,src,application/query source,15158,397,c213d0c1d8f0a0aaaa9e02842605e56f199a85bcb7d273edde195fefa0264312
training,alvin-qh/study-java,springboot/security/src/test/java/alvin/study/springboot/security/conf/TableCleaner.java,src,application/query source,4298,115,d264c75fcd36c9f377f142700190c82e4f79e4f54bd932bbc123fc0d568fc611
training,alvin-qh/study-java,springboot/shiro/src/test/java/alvin/study/springboot/shiro/IntegrationTest.java,src,application/query source,15553,412,c43ac2447af0c36b7e3761583f63d7be18852f849906b843ad6c112030506abb
training,alvin-qh/study-java,springboot/shiro/src/test/java/alvin/study/springboot/shiro/core/TableCleaner.java,src,application/query source,4311,115,ae6e487c985bcdb883b147a4caa87174097fe5d3841c0adbb2de72fafdd47ac5
training,anyamilichenko/soa,build/generated-src/jooq/main/com/soa_service_a/jooq/tables/Coordinates.java,other,generated schema,8256,251,d594f2aa956a801e0deb7c681a6f092d4cee215a0f297aad05055ead210a2cf0
training,anyamilichenko/soa,build/generated-src/jooq/main/com/soa_service_a/jooq/tables/Dragon.java,other,generated schema,9917,289,2be7abcbd355306f39b8a8767c6803a023a4bd58991ab73ec827557e335bdd43
training,anyamilichenko/soa,build/generated-src/jooq/main/com/soa_service_a/jooq/tables/DragonHead.java,other,generated schema,7578,236,a30b5f4983c4e5bea5e2c17ef2f55f56af7a8dc2d50ceb98e2fd1ae400e8d48f
training,anyamilichenko/soa,build/generated/sources/annotationProcessor/java/main/mapstruct/CoordinatesMapperImpl.java,other,application/query source,2644,84,63338fb93916f3bbecfc8780b12fe60bcd84a4c98e09da4229328899afcc4d53
training,anyamilichenko/soa,build/generated/sources/annotationProcessor/java/main/mapstruct/DragonHeadMapperImpl.java,other,application/query source,2316,68,ebf1a51726c5ea44ea08ac78ee0ebc8fe01c1004a17adcd48a161647787be2f6
training,anyamilichenko/soa,build/generated/sources/annotationProcessor/java/main/mapstruct/DragonMapperImpl.java,other,application/query source,6255,168,50964c4a1b0501acd24296b304ca184287f0e3f2d48a6d10463ef9de7865f18b
training,anyamilichenko/soa,src/main/generated/com/soa_service_a/jooq/tables/Coordinates.java,src,generated schema,8256,251,d594f2aa956a801e0deb7c681a6f092d4cee215a0f297aad05055ead210a2cf0
training,anyamilichenko/soa,src/main/generated/com/soa_service_a/jooq/tables/Dragon.java,src,generated schema,9917,289,2be7abcbd355306f39b8a8767c6803a023a4bd58991ab73ec827557e335bdd43
training,anyamilichenko/soa,src/main/generated/com/soa_service_a/jooq/tables/DragonHead.java,src,generated schema,7578,236,a30b5f4983c4e5bea5e2c17ef2f55f56af7a8dc2d50ceb98e2fd1ae400e8d48f
training,anyamilichenko/soa,src/main/java/coordinates/adapter/jdbc/CoordinatesDAO.java,src,application/query source,1601,37,dc2e1b57ef733e4b519b99a7e61cfa4b002dbb702a994f165840837457ce9530
training,anyamilichenko/soa,src/main/java/dragon/adapter/jdbc/DragonDAO.java,src,application/query source,12157,273,1b0642b5a8c23919bc8296f05d49989c6873d441222b233b99a593c9507e8e46
training,anyamilichenko/soa,src/main/java/dragonHead/adapter/jdbc/DragonHeadDAO.java,src,application/query source,1726,40,c069a709bb98b7589e8cf0ff3a255ad5a96597d5c9dbd7d3f2253aa0998e62f3
training,anyamilichenko/soa,src/main/java/mapstruct/CoordinatesMapper.java,src,application/query source,529,13,15c4775a6dc0953bfce45922607a2f2adca466ee0841344f8db84191c262849a
training,anyamilichenko/soa,src/main/java/mapstruct/DragonHeadMapper.java,src,application/query source,514,13,85138988cd851e54bc55e6d08b3a86d920d42f597480bb603b07183b8588f3ee
training,anyamilichenko/soa,src/main/java/mapstruct/DragonMapper.java,src,application/query source,2370,67,ba2f26456d29d78086f432bb8e4ea06cf4735dcbf2f5eaffcd36b008c854f2e9
training,auliardana/Java-orm-jooq,src/main/java/org/example/Main.java,src,application/query source,2842,66,54c1e8696af93415e1c21dbcfe8b95d44618a7cd6d71ce9cbb86b6806670de1e
training,auliardana/Java-orm-jooq,src/main/java/org/example/db.java,src,application/query source,1060,30,4dd8ab0b0dc953a4cab0ba106e5985fd5fbdb25eeebff69122d145aafb4de7d0
training,auliardana/Java-orm-jooq,src/main/java/org/example/generated_sources/tables/Mahasiswa.java,src,generated schema,4854,147,3f95c0fb60f5900437b3dc3e834e9d746d4090b9e8f6eec8fb9f4fcf5cfddc6c
training,aytdm/study,005_springboot-jooq/src/main/java/com/aytdm/springbootjooq/domain/db/world/tables/City.java,src,generated schema,5192,168,6737d2bfbd8bbf62e853bf792d6c2d4208e03eb66597b5f0218bc7461a265ee0
training,aytdm/study,005_springboot-jooq/src/main/java/com/aytdm/springbootjooq/domain/db/world/tables/Country.java,src,generated schema,7518,191,b0493da866d87a3c3b3df5cbef56fc180419e65f80916ba2abf848c671e996ff
training,aytdm/study,005_springboot-jooq/src/main/java/com/aytdm/springbootjooq/domain/db/world/tables/Countrylanguage.java,src,generated schema,5592,157,db4ea31c2069044ed91e6ceb5b9535c9ccf1127df5d4708d137db74e392db47d
training,aytdm/study,005_springboot-jooq/src/main/java/com/aytdm/springbootjooq/domain/repository/CityRepository.java,src,application/query source,1114,32,4b8da0e5031fb1aae2a0c44aa26b9d36f8975aafeeca3ee62a94bce2c4462b59
training,aytdm/study,005_springboot-jooq/src/main/java/com/aytdm/springbootjooq/domain/repository/CountryRepository.java,src,application/query source,660,18,c7bdc269e1918edbb772651674c710b926e0f7d83ce7e11aa0473f9c03b4c8fd
test,balazskrizsan/stackjudge_aws_java,src/main/java/com/kbalazsworks/stackjudge_aws/common/repositories/AbstractRepository.java,src,application/query source,723,24,53e4920efa3b87d10c228077951f48ede6809f5afb2e7c0f102505c9b0d0b578
test,balazskrizsan/stackjudge_aws_java,src/main/java/com/kbalazsworks/stackjudge_aws/common/services/JooqService.java,src,application/query source,561,18,ab19c9c056efcac03bd19232762eb6bdde0a04f8ca729bcd594fba8feaa2aa8a
test,balazskrizsan/stackjudge_aws_java,src/main/java/com/kbalazsworks/stackjudge_aws/db/tables/RemoteFiles.java,src,generated schema,5192,145,7cd58ed474601aabb015d44060677843532ca527672289c7e8e4742e5a9beaeb
test,balazskrizsan/stackjudge_aws_java,src/main/java/com/kbalazsworks/stackjudge_aws/s3/repositories/RemoteFileRepository.java,src,application/query source,1624,41,48db2e1beddc04515ce401054079f7d0a292650ece31a46df62fed00930f9a6c
validation,boogiespook/waltz-test,waltz-common/src/test/java/com/khartec/waltz/common/FunctionUtilitiesTest.java,src,application/query source,1214,29,f3fbbe1bf854ab578e1af509fb6489e80785041b996703633179eac5744d39dc
validation,boogiespook/waltz-test,waltz-data/src/main/java/com/khartec/waltz/data/EntityIdSelectorFactory.java,src,application/query source,5381,110,6ab5bb429d49ee73bf037d94824aa389fccbcff6a5f7f4ea28940f6865c6c0cc
validation,boogiespook/waltz-test,waltz-data/src/main/java/com/khartec/waltz/data/EntityReferenceNameResolver.java,src,application/query source,3111,73,5a31a06df003cfcb29ba48688d73085f8ec1248cb6135a2a43c25d48787e3168
validation,boogiespook/waltz-test,waltz-data/src/main/java/com/khartec/waltz/data/FindEntityReferencesByIdSelector.java,src,application/query source,1232,31,8ab28591d96e5fc66e6604873827b1450afe37a15e0d1c23d4d0664e7e805eb5
validation,boogiespook/waltz-test,waltz-data/src/main/java/com/khartec/waltz/data/FullTextSearch.java,src,application/query source,1076,25,11df6a2853684cd4d4e53b7e22168f8b6a4b4d2c3dd6d68181b87275793c1b1a
validation,boogiespook/waltz-test,waltz-data/src/main/java/com/khartec/waltz/data/IdSelectorFactory.java,src,application/query source,1387,32,6b04b0bc494f7e56225295afef5fd817a4ebafb1960de8e2d0458940556bc5a0
validation,boogiespook/waltz-test,waltz-data/src/main/java/com/khartec/waltz/data/InlineSelectFieldFactory.java,src,application/query source,13253,223,336022c8e19514e4186f4c680c0f32764837fa9485b31a446e201e5e44ee8045
validation,boogiespook/waltz-test,waltz-data/src/main/java/com/khartec/waltz/data/JooqUtilities.java,src,application/query source,7695,183,19096e654f4988596434e8a45e3435ee4ca7635ae4e87ac9b670ef88727835bf
validation,boogiespook/waltz-test,waltz-data/src/main/java/com/khartec/waltz/data/UnsupportedSearcher.java,src,application/query source,1608,38,8716b325a96d2df41ed70cc37e883e72b7bc962bb71f22a4e5ae10a883c6a461
validation,boogiespook/waltz-test,waltz-data/src/main/java/com/khartec/waltz/data/access_log/AccessLogDao.java,src,application/query source,3907,89,2f6fce625e821a3882771d76b021803bd2924dfd52e1c0241a6e63652750e7ce
validation,boogiespook/waltz-test,waltz-data/src/main/java/com/khartec/waltz/data/actor/ActorDao.java,src,application/query source,5329,118,c54767b44eb36185879a563980628e3ce2622083c60aa7255d6911ac6bb2de52
validation,boogiespook/waltz-test,waltz-data/src/main/java/com/khartec/waltz/data/actor/ActorSearchDao.java,src,application/query source,2565,61,03e4aa1712da5d7b30d304f0e41f26ded5616f994375236fd83689034a7db0ef
validation,boogiespook/waltz-test,waltz-data/src/main/java/com/khartec/waltz/data/app_group/AppGroupDao.java,src,application/query source,10201,199,3c745e903b57516c5643eb556754d6de42cccb0665b463174211f988be33e98c
validation,boogiespook/waltz-test,waltz-data/src/main/java/com/khartec/waltz/data/app_group/AppGroupEntryDao.java,src,application/query source,3932,86,a5673e702f42f17e8f82d16fd624ffe0c870a7f25a427051ac147df61f7104e2
validation,boogiespook/waltz-test,waltz-data/src/main/java/com/khartec/waltz/data/app_group/AppGroupMemberDao.java,src,application/query source,3859,83,b7ea5b5f846b21ed47cb963f8dd0289fd2eac87b1053f8b23d023fa5ab60f881
validation,boogiespook/waltz-test,waltz-data/src/main/java/com/khartec/waltz/data/application/ApplicationDao.java,src,application/query source,9377,189,739b10e6cfce1dbc483ecb3192656505f4639a25278bf8aed9ad33733d0abf4a
validation,boogiespook/waltz-test,waltz-data/src/main/java/com/khartec/waltz/data/application/ApplicationIdSelectorFactory.java,src,application/query source,15506,274,24ba2a9ce6e74bd43ab7586b1dae45baa82704eb420ecba6a9273b41d3cea45b
validation,boogiespook/waltz-test,waltz-data/src/main/java/com/khartec/waltz/data/application/search/ApplicationSearchDao.java,src,application/query source,2456,60,51bbea5668946d6afb121f7f4da92df566a51f0995823d309c7831edd8e2cd2a
validation,boogiespook/waltz-test,waltz-data/src/main/java/com/khartec/waltz/data/application/search/MariaAppSearch.java,src,application/query source,2772,54,5f2699256015b95529608e5d63bdb88bb3b4fb2ab38968bab93f401653b9dc8c
validation,boogiespook/waltz-test,waltz-data/src/main/java/com/khartec/waltz/data/application/search/PostgresAppSearch.java,src,application/query source,2475,51,9ef30e18530ac8e94e2f41fbb849c821ac83d157412bc10a56a7c65941ed3e8c
validation,boogiespook/waltz-test,waltz-data/src/main/java/com/khartec/waltz/data/application/search/SqlServerAppSearch.java,src,application/query source,4703,94,123dc1aa87ea9c409322511cc8de21375ceaa2eaf6fd8dc388c9c35b1ad2212c
validation,boogiespook/waltz-test,waltz-data/src/main/java/com/khartec/waltz/data/assessment_definition/AssessmentDefinitionDao.java,src,application/query source,3566,75,f862b009cbf8362a318fdb9cab0fcba91e898872fc9f14f524588b8a0f1924df
validation,boogiespook/waltz-test,waltz-data/src/main/java/com/khartec/waltz/data/assessment_rating/AssessmentRatingDao.java,src,application/query source,4865,95,756fe420f6b98012965db7560c1fa06f1120b611f0bd8cf32c91708751b63065
validation,boogiespook/waltz-test,waltz-data/src/main/java/com/khartec/waltz/data/asset_cost/AssetCostDao.java,src,application/query source,7001,153,821e8cac06b003f313cbfc1df1b27d49f1cf337a0111ef60452a20cadf2efef5
validation,boogiespook/waltz-test,waltz-data/src/main/java/com/khartec/waltz/data/asset_cost/AssetCostStatsDao.java,src,application/query source,2248,52,e6bbe0a39f78955916d0ada86f51167b925d50e8c4c1e7ed63a14851e405b2c0
validation,boogiespook/waltz-test,waltz-data/src/main/java/com/khartec/waltz/data/attestation/AttestationInstanceDao.java,src,application/query source,8695,162,d74632602038c1046b2ec88e0b60f39c42cb2c0ea3954ca4a4b35572d267fa39
validation,boogiespook/waltz-test,waltz-data/src/main/java/com/khartec/waltz/data/attestation/AttestationInstanceRecipientDao.java,src,application/query source,2314,50,4e8865def7fd1460a653c2cd0e064c21f892d05f944d2b148c3d64f2e0546894
validation,boogiespook/waltz-test,waltz-data/src/main/java/com/khartec/waltz/data/attestation/AttestationRunDao.java,src,application/query source,9277,178,5703b65974d1059a62c71ed60bba05c87fd06c2a56ca01935fa156c0924e07b7
validation,boogiespook/waltz-test,waltz-data/src/main/java/com/khartec/waltz/data/authoritative_source/AuthoritativeSourceDao.java,src,application/query source,17446,324,af11b645161b67863fd31268264c127323cee8c7ad62aef6edc12dc8388306d1
validation,boogiespook/waltz-test,waltz-data/src/main/java/com/khartec/waltz/data/bookmark/BookmarkDao.java,src,application/query source,6049,133,289591aaed11a97e828bfdbf16d13d5fa7b93268149c85106e5d4fc7f6984b43
validation,boogiespook/waltz-test,waltz-data/src/main/java/com/khartec/waltz/data/change_initiative/ChangeInitiativeDao.java,src,application/query source,4537,91,be03ec08f6321b0e8421641d62802ed05dbe24ae247a3a3f4b7a37de47af7b87
validation,boogiespook/waltz-test,waltz-data/src/main/java/com/khartec/waltz/data/change_initiative/ChangeInitiativeIdSelectorFactory.java,src,application/query source,6039,119,b115d6b6f02a3d602d5859483e9c94ad79e394baf10356ada85d1a194f82beab
validation,boogiespook/waltz-test,waltz-data/src/main/java/com/khartec/waltz/data/change_initiative/search/ChangeInitiativeSearchDao.java,src,application/query source,2418,58,b1bba270fa74ca70f7f5239dcb6b74d02dd580579cbf93ce9194db6cf2cf3582
validation,boogiespook/waltz-test,waltz-data/src/main/java/com/khartec/waltz/data/change_initiative/search/MariaChangeInitiativeSearch.java,src,application/query source,1875,41,78c469e7c3bdbb812499f971ce5888fc385b2cead3a05809ee97ba59ae6ed132
validation,boogiespook/waltz-test,waltz-data/src/main/java/com/khartec/waltz/data/change_initiative/search/PostgresChangeInitiativeSearch.java,src,application/query source,2367,49,d6201c76711aa1ce9cc4f4fd1a8359d4f6d40d72512fddd5d775b3ae4759f393
validation,boogiespook/waltz-test,waltz-data/src/main/java/com/khartec/waltz/data/change_initiative/search/SqlServerChangeInitiativeSearch.java,src,application/query source,2957,61,156a28e56190b966858e92e656fe356a522b5d218ae203560b82a33b9678a73b
validation,boogiespook/waltz-test,waltz-data/src/main/java/com/khartec/waltz/data/changelog/ChangeLogDao.java,src,application/query source,7226,147,f26f5d825f215e55869b74c4fce3e52dd903e8a4232bc320915f3182f763b67f
validation,boogiespook/waltz-test,waltz-data/src/main/java/com/khartec/waltz/data/complexity/ComplexityScoreDao.java,src,application/query source,4614,103,ba667e10c316428671bae82a53be5e387cace674371afb0974f465ebe4ef1aab
validation,boogiespook/waltz-test,waltz-data/src/main/java/com/khartec/waltz/data/complexity/ConnectionComplexityDao.java,src,application/query source,5200,104,5dfeca02e711f5b16d683159968b66bb7ffb500e20e25a820da6b282880f8bad
validation,boogiespook/waltz-test,waltz-data/src/main/java/com/khartec/waltz/data/complexity/MeasurableComplexityDao.java,src,application/query source,3174,71,49df59b74931ce2720e0f2db58c018ce69ec522db6f610f2c8b9b5cfecbf5b57
validation,boogiespook/waltz-test,waltz-data/src/main/java/com/khartec/waltz/data/complexity/ServerComplexityDao.java,src,application/query source,3697,80,5873928e96d0674968c499062df9811cfecc5eaf2915524aae2722e7d9e7ba05
validation,boogiespook/waltz-test,waltz-data/src/main/java/com/khartec/waltz/data/data_flow_decorator/LogicalFlowDecoratorDao.java,src,application/query source,13200,247,6af696c51a01a530b9500dd36b0688fe6e54995f27b43ddeb65a81677c0cd676
validation,boogiespook/waltz-test,waltz-data/src/main/java/com/khartec/waltz/data/data_type/DataTypeDao.java,src,application/query source,3562,84,019618914f494e3448113c93a7f95a4fb62bf7e04fd5bcdd1a88fa7265112554
validation,boogiespook/waltz-test,waltz-data/src/main/java/com/khartec/waltz/data/data_type/DataTypeIdSelectorFactory.java,src,application/query source,1658,39,a74c4fb9f7383b85faf6e24f2de4e6ff859fbf4b256470f5a765e8143d3595ae
validation,boogiespook/waltz-test,waltz-data/src/main/java/com/khartec/waltz/data/data_type_usage/DataTypeUsageDao.java,src,application/query source,19963,392,3c6dfcedada46ee0100af622e8f04fd3c7a2fd477477872156f510da31b415d9
validation,boogiespook/waltz-test,waltz-data/src/main/java/com/khartec/waltz/data/database_information/DatabaseInformationDao.java,src,application/query source,6079,116,a35512514043484b8aad4e9c2a0cb0acd7b44559c2080dfa1e2a8247d910b3ed
validation,boogiespook/waltz-test,waltz-data/src/main/java/com/khartec/waltz/data/drill_grid/DrillGridDefinitionDao.java,src,application/query source,4479,100,18dbf67f728d9d66c67bdb420dfed9968dc6508902b552d68ae002a534ae06f4
validation,boogiespook/waltz-test,waltz-data/src/main/java/com/khartec/waltz/data/end_user_app/EndUserAppDao.java,src,application/query source,3523,75,ef395154f7a4ddb2c76a7a98f5d1a394f1823f98cfa195547f494c35752fcde7
validation,boogiespook/waltz-test,waltz-data/src/main/java/com/khartec/waltz/data/end_user_app/EndUserAppIdSelectorFactory.java,src,application/query source,2975,61,1d0b82c6d1f5a64e42fa41d4704129c6aeba288aa3f9e510b3de542984f22010
validation,boogiespook/waltz-test,waltz-data/src/main/java/com/khartec/waltz/data/entity_alias/EntityAliasDao.java,src,application/query source,2662,62,be72ef391063ea2b416c6ef201aa155fafb7c2412832a62e886e70d638b1ad03
validation,boogiespook/waltz-test,waltz-data/src/main/java/com/khartec/waltz/data/entity_enum/EntityEnumDefinitionDao.java,src,application/query source,1727,38,227c476962439dcd389d9cc2b82645c1d39e00090073c3713dc0ab379f9e2f95
validation,boogiespook/waltz-test,waltz-data/src/main/java/com/khartec/waltz/data/entity_enum/EntityEnumValueDao.java,src,application/query source,1835,39,163dd27a406315229c4e4f021470ce3bbaf584308673f9a51b315bca639c6a3c
validation,boogiespook/waltz-test,waltz-data/src/main/java/com/khartec/waltz/data/entity_hierarchy/AbstractIdSelectorFactory.java,src,application/query source,3032,69,22a526575fca73b6b144b72019f76662683d5d0c8166f5a8ec23b703be1c1332
validation,boogiespook/waltz-test,waltz-data/src/main/java/com/khartec/waltz/data/entity_hierarchy/EntityHierarchyDao.java,src,application/query source,3592,78,b643e8ebedc860201efc1f39dedf903d37b478078e2e24ce9e49082bfb6bcd75
validation,boogiespook/waltz-test,waltz-data/src/main/java/com/khartec/waltz/data/entity_hierarchy/EntityRootsSelectorFactory.java,src,application/query source,1990,47,52809c914a4f63a0311cc2ca855df6fd8a9555f5744d2e10fb10e66975a3a3eb
validation,boogiespook/waltz-test,waltz-data/src/main/java/com/khartec/waltz/data/entity_named_note/EntityNamedNoteDao.java,src,application/query source,4369,95,185240f93e2ffc7e4a52446e75442444ad7a738155d81ba576983ccb6ac064ca
validation,boogiespook/waltz-test,waltz-data/src/main/java/com/khartec/waltz/data/entity_named_note/EntityNamedNoteTypeDao.java,src,application/query source,5543,123,e66e90f2c7d46abc9ac3e87335985e251051c1869957b6e4d4f0c8bff7958f69
validation,boogiespook/waltz-test,waltz-data/src/main/java/com/khartec/waltz/data/entity_relationship/EntityRelationshipDao.java,src,application/query source,8807,182,db1fec737ff88ed455495d3758d7ba2eda23ebc24d7b36a4ef58a8ffa1a445d4
validation,boogiespook/waltz-test,waltz-data/src/main/java/com/khartec/waltz/data/entity_statistic/EntityStatisticDao.java,src,application/query source,3795,75,9bf8dd24e3ab54f3e608cd6ed859e7bbbe3d759b6b7d3d6765c0f30d03fa5d39
validation,boogiespook/waltz-test,waltz-data/src/main/java/com/khartec/waltz/data/entity_statistic/EntityStatisticDefinitionDao.java,src,application/query source,5733,121,1460b3d799af1ef84a4f7fd78e861546d71a7314ddcc15e5ecaeca3c1da1e3a8
validation,boogiespook/waltz-test,waltz-data/src/main/java/com/khartec/waltz/data/entity_statistic/EntityStatisticSummaryDao.java,src,application/query source,16443,294,9c2b10b5d646925f4fa564e608f39990722c2919d9308c978d6e708dd7cc70ac
validation,boogiespook/waltz-test,waltz-data/src/main/java/com/khartec/waltz/data/entity_statistic/EntityStatisticValueDao.java,src,application/query source,6614,127,a9b5281ae7907d7fa3823cb9bc1b1c6c18c3f836fb79fffabecffb9edc765ef8
validation,boogiespook/waltz-test,waltz-data/src/main/java/com/khartec/waltz/data/entity_svg_diagram/EntitySvgDiagramDao.java,src,application/query source,2385,52,fbfa2b9d1d42f234f8b295c698395969be89e3fd7d44bbf9ab9ef80af61a52c8
validation,boogiespook/waltz-test,waltz-data/src/main/java/com/khartec/waltz/data/entity_tag/EntityTagDao.java,src,application/query source,4401,98,cdb71a8fe305c4e6e6a4366860b2c636d41580e7421ffbb12ba1ff260c1ca74a
validation,boogiespook/waltz-test,waltz-data/src/main/java/com/khartec/waltz/data/entity_workflow/EntityWorkflowDefinitionDao.java,src,application/query source,1302,29,04a4c9e40ef0acf4d8108ea7512c06a64480d127812a092e1b33927574f4f584
validation,boogiespook/waltz-test,waltz-data/src/main/java/com/khartec/waltz/data/entity_workflow/EntityWorkflowStateDao.java,src,application/query source,2186,43,94374933e37a185c4c4b14caf0d953134f403ee856732811fe6ddaea1c2cb0f4
validation,boogiespook/waltz-test,waltz-data/src/main/java/com/khartec/waltz/data/entity_workflow/EntityWorkflowTransitionDao.java,src,application/query source,2333,45,0d9a02598cca21ff11e90e0f824ec37e74f7278682b8287ea67911a5f0cec751
validation,boogiespook/waltz-test,waltz-data/src/main/java/com/khartec/waltz/data/enum_value/EnumValueDao.java,src,application/query source,2127,53,1150f040999dcec117bc832b73f9eb2061b2df52d2d43b3f400e2ca0ab503a7e
validation,boogiespook/waltz-test,waltz-data/src/main/java/com/khartec/waltz/data/flow_diagram/FlowDiagramAnnotationDao.java,src,application/query source,4230,91,81b449f95fddfea167d2cde14ea8c19c4dfcc6881570e00c173e49dca6a3bf1b
validation,boogiespook/waltz-test,waltz-data/src/main/java/com/khartec/waltz/data/flow_diagram/FlowDiagramDao.java,src,application/query source,5992,142,609b2eab21f943115866ea64f8fa1fba1d4ee2583a56e3d7028d0b6b6e68d27d
validation,boogiespook/waltz-test,waltz-data/src/main/java/com/khartec/waltz/data/flow_diagram/FlowDiagramEntityDao.java,src,application/query source,6116,129,524738e40c045288d75e620113d779b20c79ba5cd72b437040b4a5dd1eca55b7
validation,boogiespook/waltz-test,waltz-data/src/main/java/com/khartec/waltz/data/flow_diagram/FlowDiagramIdSelectorFactory.java,src,application/query source,3174,69,8840794a71aa7512864891938f448e05cff3bbfc6f554f890bb4c05550b0cfef
validation,boogiespook/waltz-test,waltz-data/src/main/java/com/khartec/waltz/data/involvement/InvolvementDao.java,src,application/query source,9358,194,5cd063c0749c381f90f693bf17e607f72775e20cd6894735cc49189b9ffee4e4
validation,boogiespook/waltz-test,waltz-data/src/main/java/com/khartec/waltz/data/involvement_kind/InvolvementKindDao.java,src,application/query source,5491,113,c135057447f7bd95864ef9008975f677fbd77c6f085147af9e3d4e5acb892377
validation,boogiespook/waltz-test,waltz-data/src/main/java/com/khartec/waltz/data/logical_data_element/LogicalDataElementDao.java,src,application/query source,2677,60,c40ceb58de3a18e36274a047926557f31c170160e68faca4568b506a6a3e9c4a
validation,boogiespook/waltz-test,waltz-data/src/main/java/com/khartec/waltz/data/logical_data_element/LogicalDataElementIdSelectorFactory.java,src,application/query source,2870,57,db3ffb8b1391ef12b46225834a9981eac9b1f82123335e0b15efb6a690730879
validation,boogiespook/waltz-test,waltz-data/src/main/java/com/khartec/waltz/data/logical_data_element/search/LogicalDataElementSearchDao.java,src,application/query source,2802,58,05020af4d0c9cc50d6d08da084837c6130f1681759ee969582c5936e492a5a34
validation,boogiespook/waltz-test,waltz-data/src/main/java/com/khartec/waltz/data/logical_flow/LogicalFlowDao.java,src,application/query source,16132,326,a6b6f542e5ae87679c9a109f0e304383ad0137fde239584cffdf8cdec71e75a3
validation,boogiespook/waltz-test,waltz-data/src/main/java/com/khartec/waltz/data/logical_flow/LogicalFlowIdSelectorFactory.java,src,application/query source,6438,121,1f1e5f127452a6f7aa415dec97d705e9ebf98ad8e02c297dba16ece343c04b5f
validation,boogiespook/waltz-test,waltz-data/src/main/java/com/khartec/waltz/data/logical_flow/LogicalFlowStatsDao.java,src,application/query source,10198,197,54ee705d184957af2de6dc67307c3cd3db3ce42dc5c4db7bc04166afb6b63459
validation,boogiespook/waltz-test,waltz-data/src/main/java/com/khartec/waltz/data/measurable/MeasurableDao.java,src,application/query source,5258,116,f45150ddbf5cd756f7d7d1db7c1a49199e60ece84884b03615da70ffa3fca0bb
validation,boogiespook/waltz-test,waltz-data/src/main/java/com/khartec/waltz/data/measurable/MeasurableIdSelectorFactory.java,src,application/query source,8668,169,3663c1dc2a2b75424aadc6490f30991f78e98af60962bd729b57f57bf5ecc329
validation,boogiespook/waltz-test,waltz-data/src/main/java/com/khartec/waltz/data/measurable/search/MariaMeasurableSearch.java,src,application/query source,1811,41,0bf298e85c21a6dbd3e4aa0e2492fcf151bbeb940952d52a19d192bbf208e305
validation,boogiespook/waltz-test,waltz-data/src/main/java/com/khartec/waltz/data/measurable/search/MeasurableSearchDao.java,src,application/query source,2350,58,ba9e63111177952c2757f3594d9d14f8afa8ddde5bb8379b9f6f41b4e171a3e2
validation,boogiespook/waltz-test,waltz-data/src/main/java/com/khartec/waltz/data/measurable/search/PostgresMeasurableSearch.java,src,application/query source,2302,49,7bf1db157874fe0aa07a7a35d85e6ce1b8208e468bebc48e6945d76f4e2671b9
validation,boogiespook/waltz-test,waltz-data/src/main/java/com/khartec/waltz/data/measurable/search/SqlServerMeasurableSearch.java,src,application/query source,3468,72,077295a7d4a4c1c6ae667d17e085b1dcb33e41309d0285c0289af8b4bdd0e047
validation,boogiespook/waltz-test,waltz-data/src/main/java/com/khartec/waltz/data/measurable_category/MeasurableCategoryDao.java,src,application/query source,2639,61,9c927dfdcdbc75d3913e0a1e703d2066c47d78e19a9a53a3cc6fcfb254f20542
validation,boogiespook/waltz-test,waltz-data/src/main/java/com/khartec/waltz/data/measurable_rating/MeasurableRatingDao.java,src,application/query source,11317,222,c1e1ebc40ee38f06ea0e9116d881178650c9febfbb144b47c305b4441de46cc6
validation,boogiespook/waltz-test,waltz-data/src/main/java/com/khartec/waltz/data/notification/NotificationDao.java,src,application/query source,3399,69,85c2a9333f3abb5e11850169961d7573fad304e998edbb2b3dd5fa5b6581077d
validation,boogiespook/waltz-test,waltz-data/src/main/java/com/khartec/waltz/data/orgunit/OrganisationalUnitDao.java,src,application/query source,8598,177,288e70abd3213f8fa2d247776ff8f4d3a94731b181bcacab08a6ed01a1b3f89c
validation,boogiespook/waltz-test,waltz-data/src/main/java/com/khartec/waltz/data/orgunit/OrganisationalUnitIdSelectorFactory.java,src,application/query source,1656,38,6a6a0accae7eab21e23f7fef098f35184e374c17ddd6919e77a7ca9663c52e97
validation,boogiespook/waltz-test,waltz-data/src/main/java/com/khartec/waltz/data/orgunit/search/MariaOrganisationalUnitSearch.java,src,application/query source,1893,44,380c1c5d9b7f9ce39f8dbddeaafeefa70936055b6c1391ff422521d398eb2b72
validation,boogiespook/waltz-test,waltz-data/src/main/java/com/khartec/waltz/data/orgunit/search/OrganisationalUnitSearchDao.java,src,application/query source,2477,59,f8b2f1a8beeb3f05d28e3d842381e9532e078ffb8b1b6aa2a829c603a85d530d
validation,boogiespook/waltz-test,waltz-data/src/main/java/com/khartec/waltz/data/orgunit/search/PostgresOrganisationalUnitSearch.java,src,application/query source,2216,48,92b7326baa45c13bd646eea78856ffdf0c1af723de0148432f51b8568ef96366
validation,boogiespook/waltz-test,waltz-data/src/main/java/com/khartec/waltz/data/orgunit/search/SqlServerOrganisationalUnitSearch.java,src,application/query source,2985,61,92b75bffa8cbb72cc60b38f2be984b2724a40a3458bffc1c3525be76cb57e7f8
validation,boogiespook/waltz-test,waltz-data/src/main/java/com/khartec/waltz/data/orphan/OrphanDao.java,src,application/query source,11683,213,66d9f3fdb2c02d9b990664a2f473f39dce9ad456697f0bb8dde3767d6b294c5e
validation,boogiespook/waltz-test,waltz-data/src/main/java/com/khartec/waltz/data/person/PersonDao.java,src,application/query source,7840,169,e4a925f77594ad4868e51a70db75c08b62af9258cf1b8e55654210a3b01be358
validation,boogiespook/waltz-test,waltz-data/src/main/java/com/khartec/waltz/data/person/search/MariaPersonSearch.java,src,application/query source,1776,41,0441359b1f58690395d799bcc568d7c8b430b11f999a3b4cca3c9f0d31b98b0c
validation,boogiespook/waltz-test,waltz-data/src/main/java/com/khartec/waltz/data/person/search/PersonSearchDao.java,src,application/query source,2305,58,04d7bd3248b33fe4b1f49eab2990abab0dc660beae828773720588500279baeb
validation,boogiespook/waltz-test,waltz-data/src/main/java/com/khartec/waltz/data/person/search/PostgresPersonSearch.java,src,application/query source,2186,48,37b34196e3f05fdef849934a5fd1296b21177580983d3e62cb7ec9f940409bb3
validation,boogiespook/waltz-test,waltz-data/src/main/java/com/khartec/waltz/data/person/search/SqlServerPersonSearch.java,src,application/query source,2387,55,7bebdbeb09263753ea0f3dd1397b224a56c1bfff00264f18b98fd6c4565ad3ef
validation,boogiespook/waltz-test,waltz-data/src/main/java/com/khartec/waltz/data/perspective_definition/PerspectiveDefinitionDao.java,src,application/query source,3608,79,200808a9c6a3b1277e33335890d3fd1dfe657df089beebdae843a0fc762853b4
validation,boogiespook/waltz-test,waltz-data/src/main/java/com/khartec/waltz/data/perspective_rating/PerspectiveRatingDao.java,src,application/query source,6640,140,44af604d8609cea80c2bce78ed785731f29d09ada79faf98e696e33042f76ce3
validation,boogiespook/waltz-test,waltz-data/src/main/java/com/khartec/waltz/data/physical_flow/PhysicalFlowDao.java,src,application/query source,16264,307,9e98e76df84b4b42a91b272087675d8dd0b0569c2d4b156f846d8b7b53ade9ee
validation,boogiespook/waltz-test,waltz-data/src/main/java/com/khartec/waltz/data/physical_flow/PhysicalFlowIdSelectorFactory.java,src,application/query source,3334,73,38f7dbcbd751bcf5e2a8d40f8c8c18748fdeea89bec3993bb384947cf6de0338
validation,boogiespook/waltz-test,waltz-data/src/main/java/com/khartec/waltz/data/physical_flow/PhysicalFlowSearchDao.java,src,application/query source,3670,86,2fcc08df56ae6be1bbdea5e795df12131b2899aa9f00b883aca6d5816d5dbeac
validation,boogiespook/waltz-test,waltz-data/src/main/java/com/khartec/waltz/data/physical_specification/PhysicalSpecificationDao.java,src,application/query source,8169,158,33ea080e2b4226d5b1eb521fa7ad48f3ac20f4415f9da06ff8f547e4ef6f300f
validation,boogiespook/waltz-test,waltz-data/src/main/java/com/khartec/waltz/data/physical_specification/PhysicalSpecificationIdSelectorFactory.java,src,application/query source,5115,99,8cec45de37e692278eb8403abed36583978e57065f905c10e816783faf54db12
validation,boogiespook/waltz-test,waltz-data/src/main/java/com/khartec/waltz/data/physical_specification/search/PhysicalSpecificationSearchDao.java,src,application/query source,3915,82,fb29c6fa5a1d8a8d47b24e4be776340140b20a1adc9340e189dadf878cb5fb6a
validation,boogiespook/waltz-test,waltz-data/src/main/java/com/khartec/waltz/data/physical_specification_data_type/PhysicalSpecDataTypeDao.java,src,application/query source,6393,119,3335892b31e1823021b93c416c7a8d7196e0d903c6159dcec49ce5750011eb98
validation,boogiespook/waltz-test,waltz-data/src/main/java/com/khartec/waltz/data/physical_specification_definition/PhysicalSpecDefinitionDao.java,src,application/query source,6055,119,3387d0698162fc95e02b888fadcf9bcf70e1e3b0fbfe8b86ecb7a74dbed40f3a
validation,boogiespook/waltz-test,waltz-data/src/main/java/com/khartec/waltz/data/physical_specification_definition/PhysicalSpecDefinitionFieldDao.java,src,application/query source,5365,108,9476a0e14a1c511fa519afe6450eb5e6251e711c28580ad7fc7f6e1ee3492e76
validation,boogiespook/waltz-test,waltz-data/src/main/java/com/khartec/waltz/data/physical_specification_definition/PhysicalSpecDefinitionSampleFileDao.java,src,application/query source,3914,80,0dbab827a946059f4a63cf793bb134862bf62b5bf6c6c65365fd4d0cec83822d
validation,boogiespook/waltz-test,waltz-data/src/main/java/com/khartec/waltz/data/physical_specification_definition/PhysicalSpecDefnFieldIdSelectorFactory.java,src,application/query source,2792,60,0438756dfcf824550e5dbcd02f4a7a222f165ff822cb3b7ffb5799081a7d775d
validation,boogiespook/waltz-test,waltz-data/src/main/java/com/khartec/waltz/data/physical_specification_definition/PhysicalSpecDefnIdSelectorFactory.java,src,application/query source,2798,59,d81f8dd589819aaf7aa4f6f8ddcf178989fb00f5a336acf1e110a7d0b6bd3cc0
validation,boogiespook/waltz-test,waltz-data/src/main/java/com/khartec/waltz/data/rating_scheme/RatingSchemeDAO.java,src,application/query source,4235,98,a48926f245c221ad9d936ec04c15414b8a4f86ba718371574e729a001abd837c
validation,boogiespook/waltz-test,waltz-data/src/main/java/com/khartec/waltz/data/roadmap/RoadmapDao.java,src,application/query source,10033,214,27441206352b6c6ef13288449e8244b8a13b9b8f3c0616fc9b0633da9a8e267f
validation,boogiespook/waltz-test,waltz-data/src/main/java/com/khartec/waltz/data/roadmap/RoadmapIdSelectorFactory.java,src,application/query source,2094,50,f5d2e07ff557c8086350fb106864c94fdf71fe732b3d07ba6c06a6153a9ea3f9
validation,boogiespook/waltz-test,waltz-data/src/main/java/com/khartec/waltz/data/scenario/ScenarioAxisItemDao.java,src,application/query source,5923,122,89266d20f30c61d5b3acb59ac148b1fda6f6ce996a556b52555901944afea40d
validation,boogiespook/waltz-test,waltz-data/src/main/java/com/khartec/waltz/data/scenario/ScenarioDao.java,src,application/query source,8244,186,8871c3ba3192cb56ac8eb5450aff4db77291c82bbee5167f80e7877c22318fb8
validation,boogiespook/waltz-test,waltz-data/src/main/java/com/khartec/waltz/data/scenario/ScenarioRatingItemDao.java,src,application/query source,7155,137,eaf8a30d82bb5a7a043b66e0a9a44574ebaf6785c817884440bf8cff3b960d8d
validation,boogiespook/waltz-test,waltz-data/src/main/java/com/khartec/waltz/data/scheduled_job/ScheduledJobDao.java,src,application/query source,2389,57,411190d6574a80051fd5370fd56f3645801ab4f7201648cd4001d19b76e6d384
validation,boogiespook/waltz-test,waltz-data/src/main/java/com/khartec/waltz/data/server_information/ServerInformationDao.java,src,application/query source,8555,153,b903cae936de2a7ffb02bf86cd58247cc73b6fa06fb0224dd5b1276b57475688
validation,boogiespook/waltz-test,waltz-data/src/main/java/com/khartec/waltz/data/settings/SettingsDao.java,src,application/query source,2244,58,a47a277d5c4060ae16142133eef7f3a020a2b1cf7da7fb6c85d2ab57d18f0202
validation,boogiespook/waltz-test,waltz-data/src/main/java/com/khartec/waltz/data/shared_preference/SharedPreferenceDao.java,src,application/query source,3072,66,5cecc1ef8c6ecf031a94170e29c8cfed350eb9ff4faac1a2c91e95560c41c597
validation,boogiespook/waltz-test,waltz-data/src/main/java/com/khartec/waltz/data/software_catalog/SoftwarePackageDao.java,src,application/query source,4497,101,794fa85f55638cf30de02be7831648ccb234a427f9c16a8a6b0301bd9219fb2e
validation,boogiespook/waltz-test,waltz-data/src/main/java/com/khartec/waltz/data/software_catalog/SoftwareUsageDao.java,src,application/query source,2723,64,0fe11d036e09f61ad8f3762d58eb252eee8efad6b571c90877d4e36875b75002
validation,boogiespook/waltz-test,waltz-data/src/main/java/com/khartec/waltz/data/source_data_rating/SourceDataRatingDao.java,src,application/query source,2810,62,0a3b21638ce7b7b55fa62b6aa6be5b882c30b3c3bcce2dbec4f29cd5f718c751
validation,boogiespook/waltz-test,waltz-data/src/main/java/com/khartec/waltz/data/static_panel/StaticPanelDao.java,src,application/query source,3549,88,f0de016a497dfa6ec3e08b87848e3f9316801c9110931a428793784597ac27ba
validation,boogiespook/waltz-test,waltz-data/src/main/java/com/khartec/waltz/data/survey/SurveyInstanceDao.java,src,application/query source,11981,237,4dfa6da92082bd3e7d65d46c9b7df4e3eb737198a60e776e4da76a08414d13bb
validation,boogiespook/waltz-test,waltz-data/src/main/java/com/khartec/waltz/data/survey/SurveyInstanceRecipientDao.java,src,application/query source,4877,93,4f528300530885b0358f41f81a06c03fb30cc2146171027be7cff5cba059db21
validation,boogiespook/waltz-test,waltz-data/src/main/java/com/khartec/waltz/data/survey/SurveyQuestionDao.java,src,application/query source,5506,115,c76268ffc35af23b20409b012d5a17a36753fc6a4ce744adb0c506e25051596a
validation,boogiespook/waltz-test,waltz-data/src/main/java/com/khartec/waltz/data/survey/SurveyQuestionDropdownEntryDao.java,src,application/query source,3761,80,7e262933fcd1985195990843fa47dfab89353f4595f46e7f882c953d7b88edc5
validation,boogiespook/waltz-test,waltz-data/src/main/java/com/khartec/waltz/data/survey/SurveyQuestionResponseDao.java,src,application/query source,8126,146,1ec3fdaacc4fbffeb2df4bbf9e376fb5aa68592a80171a2d09652011aa2451d5
validation,boogiespook/waltz-test,waltz-data/src/main/java/com/khartec/waltz/data/survey/SurveyRunDao.java,src,application/query source,7861,156,669f5bf6216db8b154a14eb8cfbee729e5ac6385cce6019b4ecd14f08b5bb191
validation,boogiespook/waltz-test,waltz-data/src/main/java/com/khartec/waltz/data/survey/SurveyTemplateDao.java,src,application/query source,5139,111,f506d320693056be52d89eebfccc0b6072f6cc454fd06997e861ddab9cd90445
validation,boogiespook/waltz-test,waltz-data/src/main/java/com/khartec/waltz/data/svg/SvgDiagramDao.java,src,application/query source,2478,59,61fda1f4ad82a82076f9141186a0f3be8051a3c763e5ec6c95a22ae7fa793a28
validation,boogiespook/waltz-test,waltz-data/src/main/java/com/khartec/waltz/data/system/job_log/JobLogDao.java,src,application/query source,2770,68,0f1ba01a8d9fc5db8851c49102c690e2a0ae800b60c105540fc277b53a2b576c
validation,boogiespook/waltz-test,waltz-data/src/main/java/com/khartec/waltz/data/tour/TourDao.java,src,application/query source,2159,55,b7eb2636092d14d2fef1642413227c62f734010f4af3767c4142bb054b6f1af6
validation,boogiespook/waltz-test,waltz-data/src/main/java/com/khartec/waltz/data/user/UserDao.java,src,application/query source,3000,78,a0a0d619874aa9c806bdddedc5321ee4d3adb8501c462cb99de52174354fca77
validation,boogiespook/waltz-test,waltz-data/src/main/java/com/khartec/waltz/data/user/UserPreferenceDao.java,src,application/query source,4209,91,50b8c9dd4a418228b7ba89b1b2bcaa09e03afe2cab9da7d1bdcf87d7dd2be480
validation,boogiespook/waltz-test,waltz-data/src/main/java/com/khartec/waltz/data/user/UserRoleDao.java,src,application/query source,4524,105,8893ddba5f910ebf13f1598ab05c304ef338f9904ddfbd8457670178d2228130
validation,boogiespook/waltz-test,waltz-data/src/main/java/com/khartec/waltz/data/user_agent_info/UserAgentInfoDao.java,src,application/query source,3472,75,c8fc87edd1bea81e4e124a4fc28688e347827564fe592663680f03fbee682764
validation,boogiespook/waltz-test,waltz-jobs/src/main/java/com/khartec/waltz/jobs/AccessLogHarness.java,src,application/query source,1619,32,f1737ac2a08f9dc7ea4998d0e9ae2885be15c333cfed41d0f8c4dbe127b44357
validation,boogiespook/waltz-test,waltz-jobs/src/main/java/com/khartec/waltz/jobs/AppHarness.java,src,application/query source,2840,62,a2a44aa4e6b1abd28d24940ed5c165fd0b53f812ca0950bbdfa02011eb9f6373
validation,boogiespook/waltz-test,waltz-jobs/src/main/java/com/khartec/waltz/jobs/ApplicationIdSelectorHarness.java,src,application/query source,2456,52,d32f8985441c99c7837a79cf21b541d2899532e6619906b51b6446aa03b3415c
validation,boogiespook/waltz-test,waltz-jobs/src/main/java/com/khartec/waltz/jobs/AssetCostHarness.java,src,application/query source,2669,53,5bb1b2ed3e65d37403f1f00ee007a99940d8838e919d977a8ac8c88c468e3035
validation,boogiespook/waltz-test,waltz-jobs/src/main/java/com/khartec/waltz/jobs/AttestationRunHarness.java,src,application/query source,1627,33,564c45391fb19190a749d0beed7b2f6f10111e51075a0d69061c0aaade0e943f
validation,boogiespook/waltz-test,waltz-jobs/src/main/java/com/khartec/waltz/jobs/AuthSourceHarness.java,src,application/query source,2997,54,5f7b8f74306d45bc52e995a1c1637e99fe8c544006577610db47dff290d8954e
validation,boogiespook/waltz-test,waltz-jobs/src/main/java/com/khartec/waltz/jobs/CapabilityComplexityHarness.java,src,application/query source,1718,38,6e078c7bf14f64ea2f8fe892b300af7a5c38401d9b05fccf2eb0ab3df39021f9
validation,boogiespook/waltz-test,waltz-jobs/src/main/java/com/khartec/waltz/jobs/ChangeInitiativeHarness.java,src,application/query source,2941,57,7991e1820b5dc0cd1eded0511a65c3ec3684421ff939498b1efb6b6e00a6e964
validation,boogiespook/waltz-test,waltz-jobs/src/main/java/com/khartec/waltz/jobs/DataExtractHarness.java,src,application/query source,4698,77,81fd92e434af786664e52c8575950ccb216c02d14859408700334036f5c503ee
validation,boogiespook/waltz-test,waltz-jobs/src/main/java/com/khartec/waltz/jobs/DataFlowHarness.java,src,application/query source,2890,56,cfb6742d8e115d5171d9ed9520731f12828eb5d9edad2d2890b78f03ea0f3dfc
validation,boogiespook/waltz-test,waltz-jobs/src/main/java/com/khartec/waltz/jobs/DataTypeUsageHarness.java,src,application/query source,2377,45,d4bf93aa8f8659977290da651e65f7f32ee12dce606496638b8913e542f0f4f8
validation,boogiespook/waltz-test,waltz-jobs/src/main/java/com/khartec/waltz/jobs/DatabaseHarness.java,src,application/query source,2773,55,affdba1ca597b8a8b677e1eaeffb7855581ca6c792464a5192386ce3f684a8ab
validation,boogiespook/waltz-test,waltz-jobs/src/main/java/com/khartec/waltz/jobs/DrillGridDefinitionHarness.java,src,application/query source,1476,31,be9ef1ed925cb851c4acc3a12c523baf22e9addbf500a65ca9bbabab11ad90ae
validation,boogiespook/waltz-test,waltz-jobs/src/main/java/com/khartec/waltz/jobs/EmailNotificationHarness.java,src,application/query source,1457,30,5ad4f67aa2fa3479785179d3657fcac8c9623c26ceb61e3404ecf77a0090d28e
validation,boogiespook/waltz-test,waltz-jobs/src/main/java/com/khartec/waltz/jobs/EndUserAppHarness.java,src,application/query source,1430,30,de3afd028ce5a90eb9e3133de1112a001f8e1040ee0fc24f63f8a684bc4daf0a
validation,boogiespook/waltz-test,waltz-jobs/src/main/java/com/khartec/waltz/jobs/EntityNameUtilitiesHarness.java,src,application/query source,2493,54,1d560792e5a0a286fdd8a7a309830d822bd14f789f45311c5ff71b3e59877be9
validation,boogiespook/waltz-test,waltz-jobs/src/main/java/com/khartec/waltz/jobs/EntityRelationshipHarness.java,src,application/query source,1939,39,ccf7637b0f702c317dd8097959e36797229d29fb155d66ee0ca6184acf772663
validation,boogiespook/waltz-test,waltz-jobs/src/main/java/com/khartec/waltz/jobs/EntityStatisticHarness.java,src,application/query source,3688,71,2954928be5968f8f2fe8ed1d935662ca937c7f62e3cdff614cdc191f249dd07b
validation,boogiespook/waltz-test,waltz-jobs/src/main/java/com/khartec/waltz/jobs/FlowDiagramHarness.java,src,application/query source,1704,34,dfd4315909400ebac89a9ef8c6fd54be3a50a98c9a0a3844b9a0e58672e4b39b
validation,boogiespook/waltz-test,waltz-jobs/src/main/java/com/khartec/waltz/jobs/FlowLineageHarness.java,src,application/query source,4040,79,4b45853944b7da60baaec925d11215e3df195951ba0ab0f6d6889b90e48dd9b1
validation,boogiespook/waltz-test,waltz-jobs/src/main/java/com/khartec/waltz/jobs/InvolvementHarness.java,src,application/query source,7674,162,fca4e3192db42a8d13d3336254e311b7eb8be81e25fbaf55d5f624797bc1e181
validation,boogiespook/waltz-test,waltz-jobs/src/main/java/com/khartec/waltz/jobs/InvolvementHarness2.java,src,application/query source,4522,92,7834d0d4f9f38805f1269ec9bec0422b126a2e2b4e98edaca7f17d35419353e1
validation,boogiespook/waltz-test,waltz-jobs/src/main/java/com/khartec/waltz/jobs/JobLogHarness.java,src,application/query source,1441,31,e789f4652f9d41028b887078ed51ac69cbbe6d044c1912a460db22995981db00
validation,boogiespook/waltz-test,waltz-jobs/src/main/java/com/khartec/waltz/jobs/LogicalFlowDecoratorRatingsServiceHarness.java,src,application/query source,3204,55,b7cf5f0d15629ed98a4441669dfc4d08dd99074f78bd2398e2d5d7d1f652f4e7
validation,boogiespook/waltz-test,waltz-jobs/src/main/java/com/khartec/waltz/jobs/LogicalFlowHarness.java,src,application/query source,2418,48,761dd171227079630e3cbde10d075ab7923f4c65c92cf187d3df31db093cad89
validation,boogiespook/waltz-test,waltz-jobs/src/main/java/com/khartec/waltz/jobs/LogicalFlowStatsHarness.java,src,application/query source,1919,40,b4f2fe25fbb275c8965994c098e0f502ed53919576eca3098d7f052da50379e9
validation,boogiespook/waltz-test,waltz-jobs/src/main/java/com/khartec/waltz/jobs/MSSqlImportExportExample.java,src,application/query source,3375,73,ede744f68b5b0c3fd6dc61839fcce54a7cc44dad2de884cb6c74c43ed72281df
validation,boogiespook/waltz-test,waltz-jobs/src/main/java/com/khartec/waltz/jobs/MeasurableExporterHarness.java,src,application/query source,2466,49,b4e0312fdc7f160b833d9fcb7a0224101a17aa052541997f3b8fd9b0a5ebaead
validation,boogiespook/waltz-test,waltz-jobs/src/main/java/com/khartec/waltz/jobs/MeasurableHarness.java,src,application/query source,2768,59,f90c8e38bb89ea535031976b41fb9061ad9407cfbfc54e45729d6bd58e53c574
validation,boogiespook/waltz-test,waltz-jobs/src/main/java/com/khartec/waltz/jobs/MeasurableRatingHarness.java,src,application/query source,2872,50,1c678541a294551440295d09944e5ac13a2b7c11e30e8585476a839000efc403
validation,boogiespook/waltz-test,waltz-jobs/src/main/java/com/khartec/waltz/jobs/MsSqlSearchHarness.java,src,application/query source,2350,49,dd938bc254213e05a297a5e1dc84af208fd82ef90e9adc94410fceaeb94bbbe8
validation,boogiespook/waltz-test,waltz-jobs/src/main/java/com/khartec/waltz/jobs/OrgUnitTreeHarness.java,src,application/query source,4616,86,b9e5a05605b10c0de15dc2deefff9f2b9325f1534ee859ed47b384cc65374b92
validation,boogiespook/waltz-test,waltz-jobs/src/main/java/com/khartec/waltz/jobs/PersonHarness.java,src,application/query source,1619,37,1226d89ba9779bfc3e916bcdcee6e0c0d3aaa4fbe668d1407a319515eb711521
validation,boogiespook/waltz-test,waltz-jobs/src/main/java/com/khartec/waltz/jobs/PhysicalSpecificationHarness.java,src,application/query source,1822,36,8ebbbb0d386fdeac6b1e8167e2b382a3b4dade0dc7d58889857fb08ef77aa4e8
validation,boogiespook/waltz-test,waltz-jobs/src/main/java/com/khartec/waltz/jobs/ServerComplexityHarness.java,src,application/query source,2460,45,928084f663b181b51c33781e50ac8768200d27eac7e46d3534317a35ce782544
validation,boogiespook/waltz-test,waltz-jobs/src/main/java/com/khartec/waltz/jobs/ServerHarness.java,src,application/query source,4089,84,77e38bc24875abf5438b638b3e1e17ff5acb2b5a23800c993762f7bf8bc06daf
validation,boogiespook/waltz-test,waltz-jobs/src/main/java/com/khartec/waltz/jobs/SoftwareCatalogHarness.java,src,application/query source,2057,42,771a7ba0c8c98d369b1bd08f081ea087bfe12ffeb61d472076d9aa3939a6321b
validation,boogiespook/waltz-test,waltz-jobs/src/main/java/com/khartec/waltz/jobs/SpecificationHarness.java,src,application/query source,1444,30,6c0e83dfd186f48b8476915f6afe52ad3c0f69bc30f2b9ddce377e5ba3aabc89
validation,boogiespook/waltz-test,waltz-jobs/src/main/java/com/khartec/waltz/jobs/UserAgentInfoHarness.java,src,application/query source,1649,35,358ab72afb8e96164dcb9c03d8a90c297d273b12fa07e880616782c9daa1d932
validation,boogiespook/waltz-test,waltz-jobs/src/main/java/com/khartec/waltz/jobs/UserHarness.java,src,application/query source,2490,56,d723525be348c10ffe54472db46a22dbdd212ba26bfed3f231a562a24bb5d7d5
validation,boogiespook/waltz-test,waltz-jobs/src/main/java/com/khartec/waltz/jobs/UserPreferenceHarness.java,src,application/query source,2875,57,f0179c6592a15dd4103a3aa60011438175a72f6fbbdfb2bac3769e1277fa684a
validation,boogiespook/waltz-test,waltz-jobs/src/main/java/com/khartec/waltz/jobs/WaltzUtilities.java,src,application/query source,1345,27,64b4dd7840e88a2a3bdbc4167069d789dadd4e2514749172229e5e879fe1691f
validation,boogiespook/waltz-test,waltz-jobs/src/main/java/com/khartec/waltz/jobs/sample/AdditiveFlowGenerator.java,src,application/query source,5991,112,c4e947944d2602170df22cd7a5e963cc1085c2b0fa0c502eb59e1c57e78bba75
validation,boogiespook/waltz-test,waltz-jobs/src/main/java/com/khartec/waltz/jobs/sample/AppGenerator.java,src,application/query source,4131,75,ed6cf21900a88f2e7b4808bddc2a31423354a2f41971d3ba5a5ddc15153d91ba
validation,boogiespook/waltz-test,waltz-jobs/src/main/java/com/khartec/waltz/jobs/sample/AssetCostGenerator.java,src,application/query source,3848,79,9f94334f32beec89ad4cfbc21455f596670ef1b1149398b84502f30ce4d60d4f
validation,boogiespook/waltz-test,waltz-jobs/src/main/java/com/khartec/waltz/jobs/sample/BusinessRegionProductHierarchyGenerator.java,src,application/query source,7631,159,9f92fbd9d7283938e634f490578be08fc29ed181e93fa417b98544022ac82b68
validation,boogiespook/waltz-test,waltz-jobs/src/main/java/com/khartec/waltz/jobs/sample/ChangeInitiativeGenerator.java,src,application/query source,7063,146,158e22f6fb190ecb318ea7d67cd1582968d2c6c75fa5ef84b917a1b130824bc4
validation,boogiespook/waltz-test,waltz-jobs/src/main/java/com/khartec/waltz/jobs/sample/ChangeLogGenerator.java,src,application/query source,2973,64,c1115a44107d2634631d11170aa65ac7b2c4ddca876d1921945df38b33ec7c22
validation,boogiespook/waltz-test,waltz-jobs/src/main/java/com/khartec/waltz/jobs/sample/DataTypeGenerator.java,src,application/query source,3388,77,5c1aa89b6e9d01fb782bb032edd551f8223e6d2b722f73d5bb4023ab0a057bc1
validation,boogiespook/waltz-test,waltz-jobs/src/main/java/com/khartec/waltz/jobs/sample/DatabaseGenerator.java,src,application/query source,5439,99,8044ef75e8f62bc8264a84187bdcb2ab8c1f49d2f1930d5b1d9eddb05715a511
validation,boogiespook/waltz-test,waltz-jobs/src/main/java/com/khartec/waltz/jobs/sample/EndUserAppInvolvmentGenerator.java,src,application/query source,3018,63,80dcf7e92867013ccbba1193761ae79e9ac165031cccef906c6661bd88d78f92
validation,boogiespook/waltz-test,waltz-jobs/src/main/java/com/khartec/waltz/jobs/sample/EndUserAppMaker.java,src,application/query source,3823,86,2906eb0fbf2c8ba9b6ee90520ba2db51df147b773bbb6250bf6da89193aaf94c
validation,boogiespook/waltz-test,waltz-jobs/src/main/java/com/khartec/waltz/jobs/sample/EntityStatisticGenerator.java,src,application/query source,13707,271,d6f2fdcbf63f748ad383ac6d89b2bab93be13d855d45aa3b6804c2aff42aa8e1
validation,boogiespook/waltz-test,waltz-jobs/src/main/java/com/khartec/waltz/jobs/sample/FlowDecorationGenerator.java,src,application/query source,2677,58,4a47a79999803ea8632c10a95b45b1e78258dab90dd2b5298549dd11e0e43cc0
validation,boogiespook/waltz-test,waltz-jobs/src/main/java/com/khartec/waltz/jobs/sample/FlowGenerator.java,src,application/query source,5504,103,419a930b2252be811db5a70bda77f8924d27e88b62a99e114a8be084e5937e60
validation,boogiespook/waltz-test,waltz-jobs/src/main/java/com/khartec/waltz/jobs/sample/InvolvementGenerator.java,src,application/query source,7537,137,9200900b9e7d65e0379478808b6e4092995b8a4ace597fa0549bfa58b2e9bb56
validation,boogiespook/waltz-test,waltz-jobs/src/main/java/com/khartec/waltz/jobs/sample/LogicalDataElementGenerator.java,src,application/query source,1930,38,9fc7c2894fae156522404e61df1b5cb6915f6f14cd50d8f50146fc0bfaf54180
validation,boogiespook/waltz-test,waltz-jobs/src/main/java/com/khartec/waltz/jobs/sample/MeasurableRelationshipsGenerator.java,src,application/query source,5391,93,3c55d472ff66251f41bd4012ad77b18abb8c2ed515db8601ba0236bdd80c6d45
validation,boogiespook/waltz-test,waltz-jobs/src/main/java/com/khartec/waltz/jobs/sample/MeasurablesGenerator.java,src,application/query source,5588,116,8e250d759b8a374503b20b78b2e38699ecd4a0e4a890c40b002c62c115e9ed2e
validation,boogiespook/waltz-test,waltz-jobs/src/main/java/com/khartec/waltz/jobs/sample/OrgUnitGenerator.java,src,application/query source,2995,64,4916d1065ba838fb782f7553d241382a15fc46ea23425cd5b7a84af404ca7b58
validation,boogiespook/waltz-test,waltz-jobs/src/main/java/com/khartec/waltz/jobs/sample/PhysicalFlowGenerator.java,src,application/query source,5928,109,f0b9228faf2ca11267958e2a058d2f712047435846eca10483b1d145f49c4f75
validation,boogiespook/waltz-test,waltz-jobs/src/main/java/com/khartec/waltz/jobs/sample/PhysicalSpecificationGenerator.java,src,application/query source,4830,128,2589938373da10786d7ca9a0341be1b7b6fb6fcf7655c208d997c9879c245ea3
validation,boogiespook/waltz-test,waltz-jobs/src/main/java/com/khartec/waltz/jobs/sample/ServerGenerator.java,src,application/query source,4937,91,c30863859c50c9c7d8c9fdfff5d3e059709db1afc3bbd6d061beb01b6b323ccf
validation,boogiespook/waltz-test,waltz-jobs/src/main/java/com/khartec/waltz/jobs/sample/SoftwarePackageGenerator.java,src,application/query source,2611,49,7711005c7546b40b0d069c8247caacd82643a501429a7b843063a21855a95040
validation,boogiespook/waltz-test,waltz-jobs/src/main/java/com/khartec/waltz/jobs/sample/SoftwareUsageGenerator.java,src,application/query source,2838,56,53a45d20e6f06e3a021effbed7f914111786e796eb541db267c4a84f66b917a2
validation,boogiespook/waltz-test,waltz-jobs/src/main/java/com/khartec/waltz/jobs/sample/SurveyRunGenerator.java,src,application/query source,18314,288,25088f9b4b8137dfa0aa131bc3e0446af292ba6d62978e33e4ab7f7cc2ed1614
validation,boogiespook/waltz-test,waltz-jobs/src/main/java/com/khartec/waltz/jobs/sample/SurveyTemplateGenerator.java,src,application/query source,7637,153,b51c067188c742f5b6571b16260f656337eaa8a6718676d96de562f678d0b4bf
validation,boogiespook/waltz-test,waltz-jobs/src/main/java/com/khartec/waltz/jobs/sample/stress/MeasurableStressGenerator.java,src,application/query source,2908,63,e4f8c193058d62a4328531f215e17160a1f524f269b4f6873e4fe3563545e33c
validation,boogiespook/waltz-test,waltz-jobs/src/main/java/com/khartec/waltz/jobs/tools/ChangeReporter.java,src,application/query source,6246,115,8bbfbd3f96e1a99474c1466bd6483c5060b67a15776f6a4665b08514092d1296
validation,boogiespook/waltz-test,waltz-jobs/src/main/java/com/khartec/waltz/jobs/tools/FlowSummaryExport.java,src,application/query source,6572,145,60f5c2ab0200f8feb9575c16a3b31e550c6b69785093ad0e9f0a89ae5224a1ae
validation,boogiespook/waltz-test,waltz-jobs/src/main/java/com/khartec/waltz/jobs/tools/InvolvementImporter.java,src,application/query source,5148,92,753c983da40cde9707cbf2f213bddfdc24be3ca72e4c530587cd5958175f3e8c
validation,boogiespook/waltz-test,waltz-jobs/src/main/java/com/khartec/waltz/jobs/tools/RemoveTaxonomy.java,src,application/query source,8099,158,9e1a53a5937b47929c8454bf1e6ffc212dca2cf539e7f89c050bd7a48a914ae1
validation,boogiespook/waltz-test,waltz-jobs/src/main/java/com/khartec/waltz/jobs/tools/SurveyBuilder.java,src,application/query source,12406,212,92e3cf67a314d010df5ebdf851887a8a3d99c1e78f82542029ae8d24ef115437
validation,boogiespook/waltz-test,waltz-jobs/src/main/java/com/khartec/waltz/jobs/tools/importers/ScenarioRatingImporter.java,src,application/query source,14489,250,3d4bdfb0d7dd4046836a78dd93c27fa32380548f6de3a9c136cb580f3cb62ab9
validation,boogiespook/waltz-test,waltz-jobs/src/main/java/com/khartec/waltz/jobs/tools/importers/ScenarioRatingRow.java,src,application/query source,513,15,d540e620ae85532e189a90d127a4c0a4896e8b2d4627268ae20237f1eb3ce02c
validation,boogiespook/waltz-test,waltz-jobs/target/generated-sources/annotations/com/khartec/waltz/jobs/tools/importers/ImmutableScenarioRatingRow.java,target/generated-sources,application/query source,18195,485,f392d8be4ae8fb8967ddb19519b5633f7f163f8354b210d07f08dedbfcc60196
validation,boogiespook/waltz-test,waltz-model/src/main/java/com/khartec/waltz/model/CodedReference.java,src,application/query source,1209,27,3d9808a584932a3f5d33b2542826a0f82c7a4184f177ce184ed03e9016936612
validation,boogiespook/waltz-test,waltz-model/src/main/java/com/khartec/waltz/model/CreatedProvider.java,src,application/query source,1131,29,ff3a642d4c16ccdfc211405ac0cdef7e4a19f320eb781040711fecd123258431
validation,boogiespook/waltz-test,waltz-model/src/main/java/com/khartec/waltz/model/DateChangeCommand.java,src,application/query source,1354,31,0ddbe4f01fc77a50d3ab36617806f0379eaa969f4c7574b0fc6a7f02e3349628
validation,boogiespook/waltz-test,waltz-model/src/main/java/com/khartec/waltz/model/DescriptionProvider.java,src,application/query source,969,25,b68ab262e677d0a256b228fb5dbebf55fe90d2d5c2347c56fdc91048838156b3
validation,boogiespook/waltz-test,waltz-model/src/main/java/com/khartec/waltz/model/EntityIdSelectionOptions.java,src,application/query source,1359,31,f3983aedb1a6a38af447354c8ee138c4c2a9206f6840f6324832a512666a5fcb
validation,boogiespook/waltz-test,waltz-model/src/main/java/com/khartec/waltz/model/EntityLifecycleStatusProvider.java,src,application/query source,1058,26,d821c5b2c5c3dc8d057a33f0aa0201bc0365463038fb6fd758879b0dc5c8aab4
validation,boogiespook/waltz-test,waltz-model/src/main/java/com/khartec/waltz/model/EntityReference.java,src,application/query source,3454,74,83d37be5e7ad306a553304bcc55c9d48a726dc56003346ba580c1ad0353d2743
validation,boogiespook/waltz-test,waltz-model/src/main/java/com/khartec/waltz/model/EntityReferenceKeyedGroup.java,src,application/query source,1255,27,98b02e8c6f74f7cb080e2f472e96d35d0959c68b7033b0832c91641940c3003e
validation,boogiespook/waltz-test,waltz-model/src/main/java/com/khartec/waltz/model/Entry.java,src,application/query source,1204,29,32f8b5f73fceb739b6277b2c6595eedf854d533032241766f8ff358a826d0a0d
validation,boogiespook/waltz-test,waltz-model/src/main/java/com/khartec/waltz/model/EnumValue.java,src,application/query source,1333,33,f26dff36b255d6f5a34fefdba55095cb0a3a6e43d0e41b49740e2901cc4a327d
validation,boogiespook/waltz-test,waltz-model/src/main/java/com/khartec/waltz/model/IdCommandResponse.java,src,application/query source,1199,27,38024aafb968b7ddfe85c56b03f878dcc68ecdf61d9e5a0935f43d86d076cf02
validation,boogiespook/waltz-test,waltz-model/src/main/java/com/khartec/waltz/model/IdGroup.java,src,application/query source,1177,27,4b0dea676427febb68f72e49e649c1c7becee626275ac95d16a6efc2c6429bfb
validation,boogiespook/waltz-test,waltz-model/src/main/java/com/khartec/waltz/model/IdSelectionOptions.java,src,application/query source,1785,42,3c472f1e70bc3456a5c3e1400ae992590d243a958bd4ee5ea24606242cc3960b
validation,boogiespook/waltz-test,waltz-model/src/main/java/com/khartec/waltz/model/IsRemovedProvider.java,src,application/query source,997,26,08ba6911bc1dbd392b3d8b1e0e900431224373da4becea43faff4ba9e8296ff4
validation,boogiespook/waltz-test,waltz-model/src/main/java/com/khartec/waltz/model/LastUpdate.java,src,application/query source,1542,39,ee286fa27b1f798ef4920b75b8e202f461edec704a98b08e29897832475c3aa3
validation,boogiespook/waltz-test,waltz-model/src/main/java/com/khartec/waltz/model/LastUpdatedProvider.java,src,application/query source,1142,29,3a5c7292c1ced97e1d8c041e2560913acf787e26a4ef82cf0f50cf3ab80a1374
validation,boogiespook/waltz-test,waltz-model/src/main/java/com/khartec/waltz/model/LeveledEntityReference.java,src,application/query source,1542,36,441893ca73d1c0c6e6daf1b2d9c1fc556a54584f1a66752d3c0192fbd74efb1f
validation,boogiespook/waltz-test,waltz-model/src/main/java/com/khartec/waltz/model/ProvenanceProvider.java,src,application/query source,999,26,91d962a8c11a3e8d087c0ed34030125d3dbea5c73afd6c47027abe3ac8d111f5
validation,boogiespook/waltz-test,waltz-model/src/main/java/com/khartec/waltz/model/ReleaseLifecycleStatusChangeCommand.java,src,application/query source,1354,29,6c52e0bb52fe0eefa06b414fd2f7360047fd5bbf0dafa410d4a79dac1bb909e4
validation,boogiespook/waltz-test,waltz-model/src/main/java/com/khartec/waltz/model/SetAttributeCommand.java,src,application/query source,1356,30,cf392af3055f9d8b798fb5c50476d2b2936c326cc7cc2c0345919ccd57e420ed
validation,boogiespook/waltz-test,waltz-model/src/main/java/com/khartec/waltz/model/Simple.java,src,application/query source,1257,30,4045030abf3108df7c2a9f7c957ca61e1f8636c4f822d9f524e2aa9c28b33ad5
validation,boogiespook/waltz-test,waltz-model/src/main/java/com/khartec/waltz/model/StringChangeCommand.java,src,application/query source,1331,30,4b2e6e561d7e4982ba1f2ee497ee67b408fa0064fd7603a80a5215ac8391f192
validation,boogiespook/waltz-test,waltz-model/src/main/java/com/khartec/waltz/model/UpdateDescriptionCommand.java,src,application/query source,1325,30,578082d80260e09199ac436734e34ad3f5d125b0de1b87f60880ab9a41a4b4bb
validation,boogiespook/waltz-test,waltz-model/src/main/java/com/khartec/waltz/model/UpdateNameCommand.java,src,application/query source,1282,29,d91f68bdf6b64872a86bfbdb7dba73915c5fbca7dd8f242d678a91c768f0ba2e
validation,boogiespook/waltz-test,waltz-model/src/main/java/com/khartec/waltz/model/WaltzVersionInfo.java,src,application/query source,1295,30,cf73d4814402d35653a3a35b2f9b31ad3d778838947dd45362e73ee7551ad8fb
validation,boogiespook/waltz-test,waltz-model/src/main/java/com/khartec/waltz/model/WebError.java,src,application/query source,1258,30,ed956db1f112771269a13c7171c04728d5dcc53bd25458f46f0aeab34ed3f1c7
validation,boogiespook/waltz-test,waltz-model/src/main/java/com/khartec/waltz/model/accesslog/AccessLog.java,src,application/query source,1449,36,f6e1970dcdc3a5320bca9850d35d4d7d2329fe2a09ef2509098aa9338e638123
validation,boogiespook/waltz-test,waltz-model/src/main/java/com/khartec/waltz/model/accesslog/AccessTime.java,src,application/query source,1284,30,818158cd1a8678344d90cfdd18d4594efa79787ba35e33e90f9ecf10ff3778a8
validation,boogiespook/waltz-test,waltz-model/src/main/java/com/khartec/waltz/model/actor/Actor.java,src,application/query source,1736,45,002e5c2469dd72a86658ed61da568f77aad1c96dd84ba2712191b81a71a6e267
validation,boogiespook/waltz-test,waltz-model/src/main/java/com/khartec/waltz/model/actor/ActorChangeCommand.java,src,application/query source,1550,33,e4a60ab536dec2324c0878f58f2cd16c8299ce771533216100ea496fd820dacb
validation,boogiespook/waltz-test,waltz-model/src/main/java/com/khartec/waltz/model/actor/ActorCreateCommand.java,src,application/query source,1428,31,b98f214a818b41abc91b0ba175f317893366d7c7b0453ecebf2e537a1ee14bdd
validation,boogiespook/waltz-test,waltz-model/src/main/java/com/khartec/waltz/model/app_group/AppGroup.java,src,application/query source,1792,46,19c3de40fd0bf5bc6ffd2879275b36977a8e4e27c973985197f723a3b974e5c3
validation,boogiespook/waltz-test,waltz-model/src/main/java/com/khartec/waltz/model/app_group/AppGroupDetail.java,src,application/query source,1401,32,19e9be998f71325f6141d13b82c09156ec5fd5c2f2a42959f4b2bd2ba758d24a
validation,boogiespook/waltz-test,waltz-model/src/main/java/com/khartec/waltz/model/app_group/AppGroupMember.java,src,application/query source,1299,30,17f6fca2c0f346775ab9c36a7bc441a0034744b90861bc648e5bab926e22ac4e
validation,boogiespook/waltz-test,waltz-model/src/main/java/com/khartec/waltz/model/application/AppRegistrationRequest.java,src,application/query source,1885,42,0639f7f787f3dca34ffe9f7d030a5816421976d1c9f4d78f91be55e635022f8b
validation,boogiespook/waltz-test,waltz-model/src/main/java/com/khartec/waltz/model/application/AppRegistrationResponse.java,src,application/query source,1482,35,bab79d620eda7f4b90aaefb4c932c14e37377f6b9360b15e1f864e1516064267
validation,boogiespook/waltz-test,waltz-model/src/main/java/com/khartec/waltz/model/application/Application.java,src,application/query source,2589,64,58906ab42ce84066d45089f60663059e7ac4f60b93f952a56543cf69f0963ab0
validation,boogiespook/waltz-test,waltz-model/src/main/java/com/khartec/waltz/model/appview/AppView.java,src,application/query source,1591,36,34ebcdb67221884108d7469c89c8ea2435b6a8fdbfd0fdbd87eb28971df5db25
validation,boogiespook/waltz-test,waltz-model/src/main/java/com/khartec/waltz/model/assessment_definition/AssessmentDefinition.java,src,application/query source,1665,40,8f95d89de5302dd2739b29c025cbae1c8e7582fa76fba8637069ba9301e71b36
validation,boogiespook/waltz-test,waltz-model/src/main/java/com/khartec/waltz/model/assessment_rating/AssessmentRating.java,src,application/query source,1635,37,78172264c944a3572472e0640ebce733f941a4d8db76accc715384b1ce7570f8
validation,boogiespook/waltz-test,waltz-model/src/main/java/com/khartec/waltz/model/assessment_rating/RemoveAssessmentRatingCommand.java,src,application/query source,1265,27,da80d13002c92e7f2bf2fcc5bb140688abfab1f3e6b599e29a6b24aa2bf6d855
validation,boogiespook/waltz-test,waltz-model/src/main/java/com/khartec/waltz/model/assessment_rating/SaveAssessmentRatingCommand.java,src,application/query source,1467,32,54cdbbbf07d94ad23a02461334bb4a52d9847e8b2ad69d335dc1ae1a81d5c3ec
validation,boogiespook/waltz-test,waltz-model/src/main/java/com/khartec/waltz/model/attestation/AttestationCreateSummary.java,src,application/query source,1332,30,989aaeacc1a1a52734df1f864abbadff8391b19c5217e05e1bb990f5e84af1a8
validation,boogiespook/waltz-test,waltz-model/src/main/java/com/khartec/waltz/model/attestation/AttestationInstance.java,src,application/query source,1576,35,17a2ed9966e8a8cf968709c4975fdd9c7e5d7072ad95edd4168e9b864436496b
validation,boogiespook/waltz-test,waltz-model/src/main/java/com/khartec/waltz/model/attestation/AttestationInstanceRecipient.java,src,application/query source,1387,30,54a12985dce270c92dc797661d205ccf4e7cd3411e335e5e6e87ea2e204279f7
validation,boogiespook/waltz-test,waltz-model/src/main/java/com/khartec/waltz/model/attestation/AttestationRun.java,src,application/query source,2031,48,9416a1cce911fa7d4085ca718f18b78c5621857c850b03c37c2ac4682402bc3a
validation,boogiespook/waltz-test,waltz-model/src/main/java/com/khartec/waltz/model/attestation/AttestationRunCreateCommand.java,src,application/query source,2018,48,720086a6d4d280fb598a752dcdd85797eaed1f89e5ec07e7304f0a5afb8d2df2
validation,boogiespook/waltz-test,waltz-model/src/main/java/com/khartec/waltz/model/attestation/AttestationRunResponseSummary.java,src,application/query source,1341,30,54ed29dac4801d34d4e89341451a1011cbd38e30416044ef83d7018a3466e032
validation,boogiespook/waltz-test,waltz-model/src/main/java/com/khartec/waltz/model/authoritativesource/AuthoritativeRatingVantagePoint.java,src,application/query source,1574,34,472cca4d1dfb72263a5be4bcee7d51031183e0a60d2054d216ecc986c2772d5d
validation,boogiespook/waltz-test,waltz-model/src/main/java/com/khartec/waltz/model/authoritativesource/AuthoritativeSource.java,src,application/query source,1876,41,430ee114a48530c8cfb00be033b7721debd8a1bf6a5b141da50deec54d4b292a
validation,boogiespook/waltz-test,waltz-model/src/main/java/com/khartec/waltz/model/authoritativesource/AuthoritativeSourceCreateCommand.java,src,application/query source,1618,34,b401b484c61362bfa1b4eb00aec0c346194c77f2a9d8b68881fb442597740665
validation,boogiespook/waltz-test,waltz-model/src/main/java/com/khartec/waltz/model/authoritativesource/AuthoritativeSourceUpdateCommand.java,src,application/query source,1578,36,3fb4370e0ce803b200be748980e20a835d7c30bd8666e357b2c06137918d2f49
validation,boogiespook/waltz-test,waltz-model/src/main/java/com/khartec/waltz/model/authoritativesource/NonAuthoritativeSource.java,src,application/query source,1388,31,ceb83915ebb1a4a950f2e13f19f9c4e3226c9b878e08fa9669455b0a162a627a
validation,boogiespook/waltz-test,waltz-model/src/main/java/com/khartec/waltz/model/bookmark/Bookmark.java,src,application/query source,1926,51,b9ca5f12ddf42cc71e792f85165acccc02dc55520be091da1269c0578d34c699
validation,boogiespook/waltz-test,waltz-model/src/main/java/com/khartec/waltz/model/catalog/ParseAnalysis.java,src,application/query source,1101,27,04bb8111eccc18b62ed3a5f35668818957fe5d0b0e6ce8f25611a1a9a75d09a0
validation,boogiespook/waltz-test,waltz-model/src/main/java/com/khartec/waltz/model/change_initiative/ChangeInitiative.java,src,application/query source,2267,55,8aae38a307925d71779e10a1df86267f9bcffa0ec38264227616d03f46f05a3f
validation,boogiespook/waltz-test,waltz-model/src/main/java/com/khartec/waltz/model/changelog/ChangeLog.java,src,application/query source,1865,47,29fab653ac5510b0a879422a87d1400831798aa4844c2c94a2538a3e5bd27d7a
validation,boogiespook/waltz-test,waltz-model/src/main/java/com/khartec/waltz/model/checkpoint/Checkpoint.java,src,application/query source,1500,36,b9409c1444959de2d7088168992467804965ac5be77cdf44216ce76aa91bc8b7
validation,boogiespook/waltz-test,waltz-model/src/main/java/com/khartec/waltz/model/checkpoint/CheckpointGoal.java,src,application/query source,1298,30,ff322c45a6c41fe029cc14681c70c2e1584099fe1591b4b72d29457630c7735e
validation,boogiespook/waltz-test,waltz-model/src/main/java/com/khartec/waltz/model/command/AbstractCommandResponse.java,src,application/query source,1262,31,9d0ba85cfde4cbe251dceb23cb9bbc90422f5342da99264e67970cba416c0261
validation,boogiespook/waltz-test,waltz-model/src/main/java/com/khartec/waltz/model/command/CommandResponse.java,src,application/query source,1233,27,eb9e6e6d04b93b617e106b5c7189f2875a2b0358abf3369d0c0c6e7b0e1ba793
validation,boogiespook/waltz-test,waltz-model/src/main/java/com/khartec/waltz/model/command/FieldChange.java,src,application/query source,1362,34,40ff4163e2371be6fbec15dcfb72ac78f2593f9d96c8384f9f4efc9ef0237734
validation,boogiespook/waltz-test,waltz-model/src/main/java/com/khartec/waltz/model/complexity/ComplexityRating.java,src,application/query source,2119,50,4fae14b6db96511c2671d74591bad4df1cb8c82843618de83e198fcf14013e90
validation,boogiespook/waltz-test,waltz-model/src/main/java/com/khartec/waltz/model/complexity/ComplexityScore.java,src,application/query source,1435,38,0287ff81f1b9ad4a7e6aac0e3e962aff36ac41b8d32ef4ddef92007a3bb1a2ee
validation,boogiespook/waltz-test,waltz-model/src/main/java/com/khartec/waltz/model/cost/ApplicationCost.java,src,application/query source,1309,30,faf00859c7bdec5d984d8dcf4216e52a16e859a89e2f2614902a121ea06779d2
validation,boogiespook/waltz-test,waltz-model/src/main/java/com/khartec/waltz/model/cost/AssetCost.java,src,application/query source,1397,34,ec54149dfd6c011597ea108016faf06c287d7908ff1572c4a478ab1820478afd
validation,boogiespook/waltz-test,waltz-model/src/main/java/com/khartec/waltz/model/cost/AssetCostQueryOptions.java,src,application/query source,1339,30,a1992fe73f698e9d10d1bdd86c5f533dfcc800109a369729b740f0febd6b7e99
validation,boogiespook/waltz-test,waltz-model/src/main/java/com/khartec/waltz/model/cost/Cost.java,src,application/query source,1493,35,b196862cce0bb725130766147ddc665b980ee605774974a61cc962147932f7df
validation,boogiespook/waltz-test,waltz-model/src/main/java/com/khartec/waltz/model/data_flow_decorator/DecoratorRatingSummary.java,src,application/query source,1476,32,de3d2ced3b2d4766f33b2404e8de2893b1998e5fc53a88534397cbda58e63c1e
validation,boogiespook/waltz-test,waltz-model/src/main/java/com/khartec/waltz/model/data_flow_decorator/LogicalFlowDecorator.java,src,application/query source,1621,34,c310e5c6256d081910a240c6e7de6304d24cd1574f6ddc32a3080435c1710e4d
validation,boogiespook/waltz-test,waltz-model/src/main/java/com/khartec/waltz/model/data_flow_decorator/UpdateDataFlowDecoratorsAction.java,src,application/query source,1467,32,49365581c8ea132f87ff52b4600e275a00a799bb0cb20b6e5d3f5c9999e2bf91
validation,boogiespook/waltz-test,waltz-model/src/main/java/com/khartec/waltz/model/data_type_usage/DataTypeUsage.java,src,application/query source,1505,34,54f5f37d9bb12c3300a9c3d5d5fd538ef6cee073a6a2c5961dfddd5db6a08628
validation,boogiespook/waltz-test,waltz-model/src/main/java/com/khartec/waltz/model/database_information/DatabaseInformation.java,src,application/query source,1932,46,83b6daed6f47796c327dec43b98284f905d907f908559c858b50e5e09065818f
validation,boogiespook/waltz-test,waltz-model/src/main/java/com/khartec/waltz/model/database_information/DatabaseSummaryStatistics.java,src,application/query source,1553,33,4a6277440948b5a35fd1cc6251ca44fc0ece39e7362b72089164855ced1ab609
validation,boogiespook/waltz-test,waltz-model/src/main/java/com/khartec/waltz/model/datatype/DataType.java,src,application/query source,1879,51,9ee6986882dac42dee9e3c4121b51d9a905a57183bde0d0b69c04c2f4738f00b
validation,boogiespook/waltz-test,waltz-model/src/main/java/com/khartec/waltz/model/drill_grid/DrillGridDefinition.java,src,application/query source,1530,33,e1e93b46e77971657923b19c41f1c7c5907caf70ceaf577e37eda5f08446a3e3
validation,boogiespook/waltz-test,waltz-model/src/main/java/com/khartec/waltz/model/enduserapp/EndUserApplication.java,src,application/query source,2067,52,1bacf78cd72a446637af786adfccdb2b506352a4daba3f8b570dc5e5e1da4675
validation,boogiespook/waltz-test,waltz-model/src/main/java/com/khartec/waltz/model/entity_enum/EntityEnumDefinition.java,src,application/query source,697,18,73d36a3ee1b623fb9996a3f482fee92b874600e9c6b47bcef45a6de3db41e937
validation,boogiespook/waltz-test,waltz-model/src/main/java/com/khartec/waltz/model/entity_enum/EntityEnumValue.java,src,application/query source,735,17,64182cec1cf27360a7986e6931dba401cde63ea41cbb1b45ef43fcf06cd87c55
validation,boogiespook/waltz-test,waltz-model/src/main/java/com/khartec/waltz/model/entity_hierarchy/EntityHierarchyItem.java,src,application/query source,1499,36,c576bb49614c2f43db08bca3d7777ad7bfb822d82e6dfac32aa0a994fa0e861a
validation,boogiespook/waltz-test,waltz-model/src/main/java/com/khartec/waltz/model/entity_named_note/EntityNamedNodeType.java,src,application/query source,1590,38,fbc9d2dd137fab926d209eb9223ebf0c2b15a0aec81b33aa0d64151e89550764
validation,boogiespook/waltz-test,waltz-model/src/main/java/com/khartec/waltz/model/entity_named_note/EntityNamedNote.java,src,application/query source,1529,33,58a505bcf34806bb80466b8c9a7a6f671f2321734e5d196bbf0a3b9a9d9767b2
validation,boogiespook/waltz-test,waltz-model/src/main/java/com/khartec/waltz/model/entity_named_note/EntityNamedNoteTypeChangeCommand.java,src,application/query source,1620,35,45306d43a2acfc3afb2c96d1a225f125c48504ef1a9b391da84844ce4569d22b
validation,boogiespook/waltz-test,waltz-model/src/main/java/com/khartec/waltz/model/entity_relationship/EntityRelationship.java,src,application/query source,1963,45,15f6eb233fd203282697a14b9f45f13f47af2f28c4d2cdd3a4d24cf6dd461018
validation,boogiespook/waltz-test,waltz-model/src/main/java/com/khartec/waltz/model/entity_relationship/EntityRelationshipChangeCommand.java,src,application/query source,1549,33,0961e91028fb35fed08da07aa3ccd1c19564ba9f2e4c52facc1b7481c463a3f7
validation,boogiespook/waltz-test,waltz-model/src/main/java/com/khartec/waltz/model/entity_relationship/EntityRelationshipKey.java,src,application/query source,1397,31,5a0d0957ceaa17d3fb30c5f059ef9682f0080f13bc12892f858f117d07126e2a
validation,boogiespook/waltz-test,waltz-model/src/main/java/com/khartec/waltz/model/entity_relationship/RelationshipKind.java,src,application/query source,3064,79,be3a3c5c6c65bf92ccf3cc81c0aea35b77dc8f8cf932aba324f17c32c39c9a08
validation,boogiespook/waltz-test,waltz-model/src/main/java/com/khartec/waltz/model/entity_relationship/UpdateEntityRelationshipParams.java,src,application/query source,1433,32,714cea25316f85e277c33902caafc11b46c0df495991d63e72609b5174453611
validation,boogiespook/waltz-test,waltz-model/src/main/java/com/khartec/waltz/model/entity_search/EntitySearchOptions.java,src,application/query source,2176,52,73ebb5b0b8064484b996da0dd6cfbf521157ce476996b7afb35f51f7cd8959e2
validation,boogiespook/waltz-test,waltz-model/src/main/java/com/khartec/waltz/model/entity_statistic/EntityStatistic.java,src,application/query source,1298,29,dca1c3fffa0c296f5cc3e60a76fa3a109bf1deb1a136ef6812c8e3119fdc32ae
validation,boogiespook/waltz-test,waltz-model/src/main/java/com/khartec/waltz/model/entity_statistic/EntityStatisticDefinition.java,src,application/query source,1806,45,a446c3d289f2d05336b371bfa1a24c0dfce96f61b98b59ce83923d2707eedb46
validation,boogiespook/waltz-test,waltz-model/src/main/java/com/khartec/waltz/model/entity_statistic/EntityStatisticValue.java,src,application/query source,1658,38,9a7658168a2c1e1256286d03bdd4c73331fc4dae4d774507481b072ee030160d
validation,boogiespook/waltz-test,waltz-model/src/main/java/com/khartec/waltz/model/entity_svg_diagram/EntitySvgDiagram.java,src,application/query source,1453,35,45e23c4530fcba34287d70498976ac47814b8fe35cc1fad54dc77b7c6e2f3206
validation,boogiespook/waltz-test,waltz-model/src/main/java/com/khartec/waltz/model/entity_workflow/EntityWorkflowDefinition.java,src,application/query source,630,15,6900da8cadc59accb5a3f65bd5c601fa1aad48f42c8f08ce08ac3dadc44044c3
validation,boogiespook/waltz-test,waltz-model/src/main/java/com/khartec/waltz/model/entity_workflow/EntityWorkflowState.java,src,application/query source,823,19,acdc7d97e91d6f2126cd3be3a6a65b3972e65e48108b4a8c387a7e771d7cdfbd
validation,boogiespook/waltz-test,waltz-model/src/main/java/com/khartec/waltz/model/entity_workflow/EntityWorkflowTransition.java,src,application/query source,908,22,a867d167a336d6fb609bd8503cf92894f07423fff27f0e6bb4172e07c1bb6696
validation,boogiespook/waltz-test,waltz-model/src/main/java/com/khartec/waltz/model/flow_diagram/FlowDiagram.java,src,application/query source,1497,37,7a8f02f00b8f641d2edd47bd0244940f136c8f32dec94d3564d5a891238dd888
validation,boogiespook/waltz-test,waltz-model/src/main/java/com/khartec/waltz/model/flow_diagram/FlowDiagramAnnotation.java,src,application/query source,1460,33,1542def288e00a0280f581271cd9254ad95c94c016f10d78ac2447b088a87d6b
validation,boogiespook/waltz-test,waltz-model/src/main/java/com/khartec/waltz/model/flow_diagram/FlowDiagramEntity.java,src,application/query source,1451,35,17399b69032c16a272ea9fc5899c10a48ad3cbf7d0929dacae4372235376d8b6
validation,boogiespook/waltz-test,waltz-model/src/main/java/com/khartec/waltz/model/flow_diagram/SaveDiagramCommand.java,src,application/query source,1701,39,04539b3a7d9d8cf28c51b090770ffb25aac544403440e3bc2cf014452ce2ac91
validation,boogiespook/waltz-test,waltz-model/src/main/java/com/khartec/waltz/model/immediate_hierarchy/ImmediateHierarchy.java,src,application/query source,1367,32,a1f9eaa44b4a61a5b95a3eff77f6c094aa04bff666bbac2a5772e3f2bc67b2d1
validation,boogiespook/waltz-test,waltz-model/src/main/java/com/khartec/waltz/model/involvement/ApplicationInvolvement.java,src,application/query source,1356,30,0f1ef2986c5a1488974ecefde11711e2da6a10eae84619bf644bb9a2341e925d
validation,boogiespook/waltz-test,waltz-model/src/main/java/com/khartec/waltz/model/involvement/EntityInvolvementChangeCommand.java,src,application/query source,1529,33,75dc99733678e416b5096a5523e52d148bcb890c4912beda348b91ee904176b3
validation,boogiespook/waltz-test,waltz-model/src/main/java/com/khartec/waltz/model/involvement/Involvement.java,src,application/query source,1946,48,739a95619f446a616d1212fa2f29c965aefc12d6834b5c16af717fa3d5b8c439
validation,boogiespook/waltz-test,waltz-model/src/main/java/com/khartec/waltz/model/involvement_kind/InvolvementKind.java,src,application/query source,1489,35,9bcada064446a53b664742ba35793756481a1d96ff74dd4aa0616be8722a7c7e
validation,boogiespook/waltz-test,waltz-model/src/main/java/com/khartec/waltz/model/involvement_kind/InvolvementKindChangeCommand.java,src,application/query source,1525,32,30f3206c7d7c25573f9803239451b31b36c5dff782fa9fcdb5d23303824ff040
validation,boogiespook/waltz-test,waltz-model/src/main/java/com/khartec/waltz/model/involvement_kind/InvolvementKindCreateCommand.java,src,application/query source,1427,30,e41338bf9e83c72a702e23f0cf8d32e3d8fc1114ce045ebb067601ef6c60de89
validation,boogiespook/waltz-test,waltz-model/src/main/java/com/khartec/waltz/model/logical_data_element/LogicalDataElement.java,src,application/query source,1277,35,e8c812097cb2924740fcf27c570b04ca1a616adc4230f387732054cab2bb9ffb
validation,boogiespook/waltz-test,waltz-model/src/main/java/com/khartec/waltz/model/logical_data_element/LogicalDataElementChangeCommand.java,src,application/query source,1455,31,e2477fded81c5cc5a78ee512ad066ade2c9ddb552614fd99fd3c19658d224d25
validation,boogiespook/waltz-test,waltz-model/src/main/java/com/khartec/waltz/model/logical_flow/AddLogicalFlowCommand.java,src,application/query source,1410,31,3a9423514aef7dfa8f56611f1f0ae98dabd755675b9228ca7e04c589a2cccebc
validation,boogiespook/waltz-test,waltz-model/src/main/java/com/khartec/waltz/model/logical_flow/LogicalFlow.java,src,application/query source,1657,42,5bc540e58642a5255f7095bde66a467110cd76f64740b607b1752cf8a313359c
validation,boogiespook/waltz-test,waltz-model/src/main/java/com/khartec/waltz/model/logical_flow/LogicalFlowMeasures.java,src,application/query source,1310,30,c361d7aac950ae5315cdf7fe6ceb9c97e79b77d70b5b4383577b1295d79e2f7e
validation,boogiespook/waltz-test,waltz-model/src/main/java/com/khartec/waltz/model/logical_flow/LogicalFlowStatistics.java,src,application/query source,1523,33,16613fa381174932914732d593fb40ef5b8477786645c989479519b0cf1e55f9
validation,boogiespook/waltz-test,waltz-model/src/main/java/com/khartec/waltz/model/measurable/Measurable.java,src,application/query source,2531,64,dc8321c11ae9ca73bf14ca41f9354fad4bcbf61919312985579e341f6c516ad5
validation,boogiespook/waltz-test,waltz-model/src/main/java/com/khartec/waltz/model/measurable_category/MeasurableCategory.java,src,application/query source,2659,70,cc66da5bdf233a96300232f9de92d9256c485840ce01ce832ce14462cfc675b2
validation,boogiespook/waltz-test,waltz-model/src/main/java/com/khartec/waltz/model/measurable_rating/MeasurableRating.java,src,application/query source,1544,37,21b9135057a462ca434cdacc2e1c0f5b66357411a2915030f258caf8a058886d
validation,boogiespook/waltz-test,waltz-model/src/main/java/com/khartec/waltz/model/measurable_rating/RemoveMeasurableRatingCommand.java,src,application/query source,1264,27,585ba1fd7afe9671d069b10c31f63d6b89bc931df326d6fe5d981d2e5aed6468
validation,boogiespook/waltz-test,waltz-model/src/main/java/com/khartec/waltz/model/measurable_rating/SaveMeasurableRatingCommand.java,src,application/query source,1559,33,b0ff8c7bcdb8bbf5652f51bb281c077994338ff522d3829f83b1973c71db67bf
validation,boogiespook/waltz-test,waltz-model/src/main/java/com/khartec/waltz/model/measurable_relationship/MeasurableRelationship.java,src,application/query source,1681,36,3bbba8e57be8b9d8a1739245a58db4b4cc24e5f9011cb114035954e05bef5147
validation,boogiespook/waltz-test,waltz-model/src/main/java/com/khartec/waltz/model/notification/NotificationSummary.java,src,application/query source,1312,30,cb289c7b46cc9eb77ea7088d3f5d567d4f5498d62cae66ee863277c17673a181
validation,boogiespook/waltz-test,waltz-model/src/main/java/com/khartec/waltz/model/orgunit/OrganisationalUnit.java,src,application/query source,1787,45,77ad3e7acde51ad252f53ddcee363a163998423c0ac31c4875c2a8f280fe8bde
validation,boogiespook/waltz-test,waltz-model/src/main/java/com/khartec/waltz/model/orgunit/OrganisationalUnitHierarchy.java,src,application/query source,1401,31,18f6b265ae243e86dda1cf32c61dc62d9c2a9cf037769a8e97aa81765dc4a0bf
validation,boogiespook/waltz-test,waltz-model/src/main/java/com/khartec/waltz/model/orphan/OrphanRelationship.java,src,application/query source,1376,31,959ea719bfb852a61fe4cf6cdc40c7e2ab5de0fbdd6b7b5d21a9709ee9251a09
validation,boogiespook/waltz-test,waltz-model/src/main/java/com/khartec/waltz/model/performance_metric/PerformanceMetricDefinition.java,src,application/query source,1541,35,4cf84407b5079847bf2711b572e3526c5f812ac14168a454f177e594cdd1fd74
validation,boogiespook/waltz-test,waltz-model/src/main/java/com/khartec/waltz/model/performance_metric/pack/MetricPack.java,src,application/query source,1695,39,402784c0d0dccaa362fc93a1f5305e2b448ab551342fb9c3139a5b715f1632c1
validation,boogiespook/waltz-test,waltz-model/src/main/java/com/khartec/waltz/model/performance_metric/pack/MetricPackItem.java,src,application/query source,1520,35,4e8801e127c25476da14da8ef4555ce755858c44aa941dfa60325423d96e6fe7
validation,boogiespook/waltz-test,waltz-model/src/main/java/com/khartec/waltz/model/performance_metric/sample/MetricSample.java,src,application/query source,1476,34,861af5312766c8714753aa71c9bd3e885fd4e540043a1774b596612a29dfe3bc
validation,boogiespook/waltz-test,waltz-model/src/main/java/com/khartec/waltz/model/person/Person.java,src,application/query source,2402,58,9aa52941421d44f0b4a96d4c3946c44f249dee71c2615a6e3c9940ff258d0605
validation,boogiespook/waltz-test,waltz-model/src/main/java/com/khartec/waltz/model/perspective/PerspectiveDefinition.java,src,application/query source,1860,46,7d230486ad7f6ae660757b91bce1719f2f1528fcfd70f8e949468798f881f0c1
validation,boogiespook/waltz-test,waltz-model/src/main/java/com/khartec/waltz/model/perspective/PerspectiveRating.java,src,application/query source,1435,32,ff4224a6def6d66d84316bb0f7f23a420e4f3c5d8052b86e2c3ad82aa8a931e0
validation,boogiespook/waltz-test,waltz-model/src/main/java/com/khartec/waltz/model/perspective/PerspectiveRatingValue.java,src,application/query source,1320,30,b14e34d945509e44244982fcb64470db897d6f9f299800bbf2d2373bb9bdaba8
validation,boogiespook/waltz-test,waltz-model/src/main/java/com/khartec/waltz/model/physical_flow/FlowAttributes.java,src,application/query source,1489,33,19e423a06cc7764c4ad259886a4a2e5e8eed440718a8b58cf8c8fd1a1ce04813
validation,boogiespook/waltz-test,waltz-model/src/main/java/com/khartec/waltz/model/physical_flow/PhysicalFlow.java,src,application/query source,2394,58,99cbce87b5e5487e98c2290342738c3357788db44d36910fd2bedd0be760c567
validation,boogiespook/waltz-test,waltz-model/src/main/java/com/khartec/waltz/model/physical_flow/PhysicalFlowCreateCommand.java,src,application/query source,1514,32,0644a587f43d9d0c889aa6f0491f279e0f50e549561e62b1b7445e568493e0d0
validation,boogiespook/waltz-test,waltz-model/src/main/java/com/khartec/waltz/model/physical_flow/PhysicalFlowCreateCommandResponse.java,src,application/query source,1362,28,bd80242dd2f0d0fa8dbc8158eef55f5a30164c9575f2a93e362877cf81ceceb0
validation,boogiespook/waltz-test,waltz-model/src/main/java/com/khartec/waltz/model/physical_flow/PhysicalFlowDeleteCommand.java,src,application/query source,1317,29,9730f358d9e85ac553f5d9811fa924e02f977244c93d6323deaf9de700b6884d
validation,boogiespook/waltz-test,waltz-model/src/main/java/com/khartec/waltz/model/physical_flow/PhysicalFlowDeleteCommandResponse.java,src,application/query source,1465,30,395a26bce86042359c89e0a5e6bb0493b705cc1d603f2597a72de49413930cd2
validation,boogiespook/waltz-test,waltz-model/src/main/java/com/khartec/waltz/model/physical_flow/PhysicalFlowParsed.java,src,application/query source,1463,42,4dc1c498394cd844e2690e6b14917219dc5817fa830f063dc839a2d8881c2a85
validation,boogiespook/waltz-test,waltz-model/src/main/java/com/khartec/waltz/model/physical_flow/PhysicalFlowSpecDefinitionChangeCommand.java,src,application/query source,1372,29,09ac95483a9676eee66dcacfda885d8bbdf79afe336f2a5e32a586360249a039
validation,boogiespook/waltz-test,waltz-model/src/main/java/com/khartec/waltz/model/physical_flow/PhysicalFlowUploadCommand.java,src,application/query source,1271,34,ec221ba16d7da325de46553f22829e5e9a3e8fa5cbef5e10e05ae414b633dfb5
validation,boogiespook/waltz-test,waltz-model/src/main/java/com/khartec/waltz/model/physical_flow/PhysicalFlowUploadCommandResponse.java,src,application/query source,910,19,7a3ce99d8584cbb8ccd31aa4f90db07408af433160066e33e3aae769e362c27e
validation,boogiespook/waltz-test,waltz-model/src/main/java/com/khartec/waltz/model/physical_specification/PhysicalSpecification.java,src,application/query source,2173,53,fc02e910f14a8f7948304edcda4c0a57ee62ecc91e2834e22cad180fa433866e
validation,boogiespook/waltz-test,waltz-model/src/main/java/com/khartec/waltz/model/physical_specification/PhysicalSpecificationAddCommand.java,src,application/query source,884,20,27e0c2e28f4381cd318496b59e641cf672711372c0ba04e628f4637589d5c0ba
validation,boogiespook/waltz-test,waltz-model/src/main/java/com/khartec/waltz/model/physical_specification/PhysicalSpecificationDeleteCommand.java,src,application/query source,1362,29,42472d029657551e1dc7b4f879015d97685501866fbc703bb2eadc098c477424
validation,boogiespook/waltz-test,waltz-model/src/main/java/com/khartec/waltz/model/physical_specification_data_type/PhysicalSpecificationDataType.java,src,application/query source,1544,34,3e8de3ab3d9ce4ccccb33628cf516a99d2f444f8146644de33f4f4424aee5c0d
validation,boogiespook/waltz-test,waltz-model/src/main/java/com/khartec/waltz/model/physical_specification_definition/PhysicalSpecDefinition.java,src,application/query source,1641,38,8d3a77b5b0dc4da755bdc39ddae70865aa050d1adba8e338941a56f0545014a7
validation,boogiespook/waltz-test,waltz-model/src/main/java/com/khartec/waltz/model/physical_specification_definition/PhysicalSpecDefinitionChangeCommand.java,src,application/query source,1666,35,af0dd45760e5846b78461e1660be7c5db6fa313f286bf92d52801dd30ec37263
validation,boogiespook/waltz-test,waltz-model/src/main/java/com/khartec/waltz/model/physical_specification_definition/PhysicalSpecDefinitionField.java,src,application/query source,1595,37,584d2ff3797bbce3f3f5a40b777e0a601f0c16e80328d633d7e4c0a8f521dd75
validation,boogiespook/waltz-test,waltz-model/src/main/java/com/khartec/waltz/model/physical_specification_definition/PhysicalSpecDefinitionFieldChangeCommand.java,src,application/query source,1778,40,8afd2a85b0545a10ea0e0d15902f9c98970de8ed6e1e6119d75c82488478b3a2
validation,boogiespook/waltz-test,waltz-model/src/main/java/com/khartec/waltz/model/physical_specification_definition/PhysicalSpecDefinitionSampleFile.java,src,application/query source,1464,31,e5d6b12afe39231e6ba1751990752c07b36acfb1f437e7758b532f87502255d8
validation,boogiespook/waltz-test,waltz-model/src/main/java/com/khartec/waltz/model/physical_specification_definition/PhysicalSpecDefinitionSampleFileCreateCommand.java,src,application/query source,1437,30,6956d36397c2d3f098eef9bdf7d49d559210f0492daeadb84721ca9ae315860a
validation,boogiespook/waltz-test,waltz-model/src/main/java/com/khartec/waltz/model/rating/RagName.java,src,application/query source,1704,43,115edf199670ddb16a9b9c66638f94884fc44319e9a58558a39586e531d33ce1
validation,boogiespook/waltz-test,waltz-model/src/main/java/com/khartec/waltz/model/rating/RatingScheme.java,src,application/query source,3197,93,b2c9098b19d58321a58de59f70e978c47d1bc5ab02d89fef2cf3ba5f8cd23069
validation,boogiespook/waltz-test,waltz-model/src/main/java/com/khartec/waltz/model/reportee/Reportee.java,src,application/query source,1053,26,6b5ffa36aa97055c3eca9a3a65c0ef4b7f104bc9d7563aa2fabcfdf070de9198
validation,boogiespook/waltz-test,waltz-model/src/main/java/com/khartec/waltz/model/roadmap/Roadmap.java,src,application/query source,1086,29,8eef034bdf5f2976d76037687253108761ebc453b33b8b19a259bc2abe3712de
validation,boogiespook/waltz-test,waltz-model/src/main/java/com/khartec/waltz/model/roadmap/RoadmapAndScenarioOverview.java,src,application/query source,581,13,b543f16643fe8efb73d6c02831f2cc664d404e08a52e9381d5b09ba9a30ef12a
validation,boogiespook/waltz-test,waltz-model/src/main/java/com/khartec/waltz/model/roadmap/RoadmapCreateCommand.java,src,application/query source,756,16,2645c3a3456502ce037bafaab83ca6f92ee8924f2439d16726ce16f122197d2b
validation,boogiespook/waltz-test,waltz-model/src/main/java/com/khartec/waltz/model/scenario/CloneScenarioCommand.java,src,application/query source,324,9,2535d512569bc70786e0bb98fd719614b19ee9e87dfec1fac7f988ffe9d19b64
validation,boogiespook/waltz-test,waltz-model/src/main/java/com/khartec/waltz/model/scenario/Scenario.java,src,application/query source,761,20,0762da415ea90789547b5c337cdbce476fc8b7f7bf2ce14e5e52649213076980
validation,boogiespook/waltz-test,waltz-model/src/main/java/com/khartec/waltz/model/scenario/ScenarioAxisItem.java,src,application/query source,727,17,2f47acc492506792d46761be956edb29ab4bb513f94bb85eea215aa1ce392e06
validation,boogiespook/waltz-test,waltz-model/src/main/java/com/khartec/waltz/model/scenario/ScenarioRatingItem.java,src,application/query source,812,19,a48a835c8a6dee847e1483681fa0dc50a777c1d091a54673becb1049797a7580
validation,boogiespook/waltz-test,waltz-model/src/main/java/com/khartec/waltz/model/server_information/ServerInformation.java,src,application/query source,2346,60,11d1d8d43315cdea445e5431e3478a516c9a3265b165a2d61a7af2b61aaa6ee4
validation,boogiespook/waltz-test,waltz-model/src/main/java/com/khartec/waltz/model/server_information/ServerSummaryStatistics.java,src,application/query source,1883,41,53a3ae483f4f57da5138cbabf3d5edfa13c5dc9fd4380deb3b455dbdaffb4468
validation,boogiespook/waltz-test,waltz-model/src/main/java/com/khartec/waltz/model/settings/Setting.java,src,application/query source,1382,34,7eb687bc7020375eca16837467cfb478d22dd012b61e0ea5b76c6061a11d444b
validation,boogiespook/waltz-test,waltz-model/src/main/java/com/khartec/waltz/model/shared_preference/SharedPreference.java,src,application/query source,579,13,d684d5c1815127f19c5e3fcd829042ebfb4ba704842f7fb4a4e0dc6f6c16a074
validation,boogiespook/waltz-test,waltz-model/src/main/java/com/khartec/waltz/model/shared_preference/SharedPreferenceSaveCommand.java,src,application/query source,596,13,33dfd700a501c191441dc89635eef40c3e3281ea9bc5b5b575f0fdc04cf3c025
validation,boogiespook/waltz-test,waltz-model/src/main/java/com/khartec/waltz/model/software_catalog/SoftwareCatalog.java,src,application/query source,1317,30,77b78be66f1c6cd820b27fbac72a41337ef1da57ffc639d39e27540660e384e8
validation,boogiespook/waltz-test,waltz-model/src/main/java/com/khartec/waltz/model/software_catalog/SoftwarePackage.java,src,application/query source,1529,37,6cf7dc49c0ce77228fbd4e4b2336070d93a09b76318d604d228dab07881b2969
validation,boogiespook/waltz-test,waltz-model/src/main/java/com/khartec/waltz/model/software_catalog/SoftwareSummaryStatistics.java,src,application/query source,1480,32,592097418200de95c3407a8e3b960101f85cb69dbbbafc1d482c408fd8c4f96b
validation,boogiespook/waltz-test,waltz-model/src/main/java/com/khartec/waltz/model/software_catalog/SoftwareUsage.java,src,application/query source,1352,30,d79c479901de4873a4e51b05252f3d0f98958edbb30c649e211e0fb8e13a1ac8
validation,boogiespook/waltz-test,waltz-model/src/main/java/com/khartec/waltz/model/source_data_rating/SourceDataRating.java,src,application/query source,1634,37,4ef1ded4eec7ca97e804e5650bc5b813e736d335542aea7157028a251bceea95
validation,boogiespook/waltz-test,waltz-model/src/main/java/com/khartec/waltz/model/staticpanel/StaticPanel.java,src,application/query source,1584,41,6247a27cea800a32967f5cae99da31fa4b2d186c040481d49cfe13b13af36441
validation,boogiespook/waltz-test,waltz-model/src/main/java/com/khartec/waltz/model/survey/SurveyInstance.java,src,application/query source,1945,48,abf80f4f947b77d5d851b64d72263384dfd16a7fc88123d7e8293bf681ffb464
validation,boogiespook/waltz-test,waltz-model/src/main/java/com/khartec/waltz/model/survey/SurveyInstanceCreateCommand.java,src,application/query source,1650,38,9dc8330d36e61dd431a47bd82b1364aaf5162136f9929ef6c1b8eff7212cecb1
validation,boogiespook/waltz-test,waltz-model/src/main/java/com/khartec/waltz/model/survey/SurveyInstanceQuestionResponse.java,src,application/query source,1453,32,71ae1784cf6a1d9bd72569971bfdda2b65d7783b5a320751d96806c7280c0e15
validation,boogiespook/waltz-test,waltz-model/src/main/java/com/khartec/waltz/model/survey/SurveyInstanceRecipient.java,src,application/query source,1404,31,80d0edcbc5b0fb05b567dc789e30a5a9aa1cc0de12815c47fb2e0800923d41d9
validation,boogiespook/waltz-test,waltz-model/src/main/java/com/khartec/waltz/model/survey/SurveyInstanceRecipientCreateCommand.java,src,application/query source,1391,30,2bfe4a90be10f23ce21374e29b787dcf51444c3e3dc8ae8a25a8976b07fe2bc3
validation,boogiespook/waltz-test,waltz-model/src/main/java/com/khartec/waltz/model/survey/SurveyInstanceRecipientUpdateCommand.java,src,application/query source,1439,31,a5d0959a8c6ec2249291578724203129a733556f97fe51be44c133fb3ab986b0
validation,boogiespook/waltz-test,waltz-model/src/main/java/com/khartec/waltz/model/survey/SurveyInstanceStatusChangeCommand.java,src,application/query source,1431,31,69fb27e441a207e59074162efe1d9459f3eabd397468f015e53f4896f625bcf2
validation,boogiespook/waltz-test,waltz-model/src/main/java/com/khartec/waltz/model/survey/SurveyQuestion.java,src,application/query source,1758,46,28031e0872bc42d1f3b0415db06304e6776c314dcbd3b8c3d637bf8244e8ab53
validation,boogiespook/waltz-test,waltz-model/src/main/java/com/khartec/waltz/model/survey/SurveyQuestionDropdownEntry.java,src,application/query source,1674,38,83e6d4604b1c39eacd4f36988adc785bbfcf2a27c10a069fd59e844c21a57614
validation,boogiespook/waltz-test,waltz-model/src/main/java/com/khartec/waltz/model/survey/SurveyQuestionResponse.java,src,application/query source,1678,37,62a8eb7990e619d5010f0915d33b93ccc4dc4631ac418cf615f6cbab701be23a
validation,boogiespook/waltz-test,waltz-model/src/main/java/com/khartec/waltz/model/survey/SurveyRun.java,src,application/query source,1916,43,ac84d347f6e3a7380735b5c151385b6a1b68420cfcb902e100c103cc3010b94d
validation,boogiespook/waltz-test,waltz-model/src/main/java/com/khartec/waltz/model/survey/SurveyRunChangeCommand.java,src,application/query source,1843,40,a771774339968e73d13ff288edcc4ac4415cd2273d1f5352fa4130ee19851799
validation,boogiespook/waltz-test,waltz-model/src/main/java/com/khartec/waltz/model/survey/SurveyRunCompletionRate.java,src,application/query source,1369,31,7cba4934a57f0cf7eab420be42b3d558f45c047fea6b8e2a3bd3dbb80507d32d
validation,boogiespook/waltz-test,waltz-model/src/main/java/com/khartec/waltz/model/survey/SurveyRunCreateCommand.java,src,application/query source,1843,40,1bd3d4712e38dbd025bc97ba115a6b737e3de1f71e34c15f648b1ee7d6319635
validation,boogiespook/waltz-test,waltz-model/src/main/java/com/khartec/waltz/model/survey/SurveyRunStatusChangeCommand.java,src,application/query source,1334,29,f639bf8131cef18cb3e4b74f1ec7eff0f4eea4b0970a59e77876483e1a5a7ea3
validation,boogiespook/waltz-test,waltz-model/src/main/java/com/khartec/waltz/model/survey/SurveyTemplate.java,src,application/query source,1606,39,bb09c062780d4c1bfe46b53e00a22e44b85fb0529f57e8ee3933916fc600211c
validation,boogiespook/waltz-test,waltz-model/src/main/java/com/khartec/waltz/model/survey/SurveyTemplateChangeCommand.java,src,application/query source,1562,33,0fe4e2a38ec01ca9bacb8a90926fa46f714e5a6634b832126c0060ecc551c5c0
validation,boogiespook/waltz-test,waltz-model/src/main/java/com/khartec/waltz/model/svg/SvgDiagram.java,src,application/query source,1603,40,ebe59be88f0a0b78c6bf4a7b1dcffa31e878f99eb261abd48772941132086023
validation,boogiespook/waltz-test,waltz-model/src/main/java/com/khartec/waltz/model/system/SystemChangeSet.java,src,application/query source,1090,27,7db19e43e30bf259b1eb90171c4f3a8822ebe7228518f77eb6c7758c3fa96a63
validation,boogiespook/waltz-test,waltz-model/src/main/java/com/khartec/waltz/model/system/job_log/JobLog.java,src,application/query source,1601,38,29944bf4a2eb7521e396ea2e274e73515a5300116bc2c57f053a0c95101fc280
validation,boogiespook/waltz-test,waltz-model/src/main/java/com/khartec/waltz/model/tally/MeasurableRatingTally.java,src,application/query source,1296,30,b645496646293b55eb320bf11b04a260f8afbe393fea7c372e3bf745fba8d087
validation,boogiespook/waltz-test,waltz-model/src/main/java/com/khartec/waltz/model/tally/Tally.java,src,application/query source,1437,35,27ee31914665f050c704beefe371f42647e7cb423996a944dd5d6be8cbaebfb5
validation,boogiespook/waltz-test,waltz-model/src/main/java/com/khartec/waltz/model/tally/TallyPack.java,src,application/query source,1531,37,69038ebdd4fc4b7dbf054f17679bd89fad6b4fecbed1346e2ef3aca693c23b4f
validation,boogiespook/waltz-test,waltz-model/src/main/java/com/khartec/waltz/model/taxonomy_management/TaxonomyChangeCommand.java,src,application/query source,2597,67,f2e150e5eab7bb4f7ec359f354e21262098186e1ef2f4d328cda594663fb7ce6
validation,boogiespook/waltz-test,waltz-model/src/main/java/com/khartec/waltz/model/taxonomy_management/TaxonomyChangeImpact.java,src,application/query source,743,16,8508d3f64063b93e634034e1ebdaa5a630621fa7d0b1167637f1dab9bb4ad5b7
validation,boogiespook/waltz-test,waltz-model/src/main/java/com/khartec/waltz/model/taxonomy_management/TaxonomyChangePreview.java,src,application/query source,539,12,10dfd6e892e3d762df733fee4058f04ed0a67b0208cab58d026d4243299e4686
validation,boogiespook/waltz-test,waltz-model/src/main/java/com/khartec/waltz/model/tour/TourStep.java,src,application/query source,1340,32,757c1b4925c02e1dc853d4e54aed5036db5b60dbf0eacb51eaf2b64e36dd4c44
validation,boogiespook/waltz-test,waltz-model/src/main/java/com/khartec/waltz/model/usage_info/UsageInfo.java,src,application/query source,1324,33,e38eb3c2cbdcb5020182bd8bc89436319ba78cbd5b54d31f5a744931d6f5432d
validation,boogiespook/waltz-test,waltz-model/src/main/java/com/khartec/waltz/model/usage_info/UsageInfoUtilities.java,src,application/query source,3154,61,bb53888b5090b0f87ba36dd8232d7fe87a0f01fd58cf7d29208d1bd33fe602b6
validation,boogiespook/waltz-test,waltz-model/src/main/java/com/khartec/waltz/model/user/LoginRequest.java,src,application/query source,1246,29,699e8cafb84f1abfa052bcb89cca5a4db39becebd6e8ee6f275413248f3b2577
validation,boogiespook/waltz-test,waltz-model/src/main/java/com/khartec/waltz/model/user/PasswordResetRequest.java,src,application/query source,1376,32,71ea98e8a0a648fcf11efb009dd8cadcb9a30b861f551cc630591ed9474b1804
validation,boogiespook/waltz-test,waltz-model/src/main/java/com/khartec/waltz/model/user/User.java,src,application/query source,1415,34,c93101cb8f404eed3f1cbae9493e6588bfc664666c60feffbd1c56bd43c2cfde
validation,boogiespook/waltz-test,waltz-model/src/main/java/com/khartec/waltz/model/user/UserPreference.java,src,application/query source,1242,29,cb2e7887f37696d030047c07c3c009c76710d08c49b6c45e68358294698d870b
validation,boogiespook/waltz-test,waltz-model/src/main/java/com/khartec/waltz/model/user/UserRegistrationRequest.java,src,application/query source,1281,29,c9bd64b671630d236dc9a0e74a6c381f56fdc7c7348eb6e1099ae4a904d107a5
validation,boogiespook/waltz-test,waltz-model/src/main/java/com/khartec/waltz/model/user_agent_info/UserAgentInfo.java,src,application/query source,1511,34,3886c92c38b6443a085907b8695727878e20914f0a4a924e286fff2ddf13ff0f
validation,boogiespook/waltz-test,waltz-model/target/generated-sources/annotations/com/khartec/waltz/model/ImmutableCodedReference.java,target/generated-sources,application/query source,9370,256,b49485150f77b50d65349583585f75cb708c97f627d32ad7fcafdb9aa9e149b4
validation,boogiespook/waltz-test,waltz-model/target/generated-sources/annotations/com/khartec/waltz/model/ImmutableDateChangeCommand.java,target/generated-sources,application/query source,7808,193,d482b3a4b81b4973a888f5e8e58f6c4a0319276b21675e53be1c55d52c042467
validation,boogiespook/waltz-test,waltz-model/target/generated-sources/annotations/com/khartec/waltz/model/ImmutableEntityIdSelectionOptions.java,target/generated-sources,application/query source,11861,282,48ffe1c0353cbfc65b56ea02227b238f710e318746dc64a4886efbcc6059f71b
validation,boogiespook/waltz-test,waltz-model/target/generated-sources/annotations/com/khartec/waltz/model/ImmutableEntityReference.java,target/generated-sources,application/query source,18114,449,576a89c06690938bb3e187e2f9206fcf0fde0610b24bd31874d4ebe7feedc120
validation,boogiespook/waltz-test,waltz-model/target/generated-sources/annotations/com/khartec/waltz/model/ImmutableEntityReferenceKeyedGroup.java,target/generated-sources,application/query source,12235,304,1f14cd47ef99072a7a466e9b70cf37d47598e6ecb8d9a264dc7e78f52a15f8af
validation,boogiespook/waltz-test,waltz-model/target/generated-sources/annotations/com/khartec/waltz/model/ImmutableEntry.java,target/generated-sources,application/query source,8321,236,1389103ce61528f6dd6ba20b079738cfaab9bf7602b25d68f56552c20fd7570e
validation,boogiespook/waltz-test,waltz-model/target/generated-sources/annotations/com/khartec/waltz/model/ImmutableEnumValue.java,target/generated-sources,application/query source,17824,487,50b20a5a74d54334bdb05afad0a223e3398252e98d392b40b736acfde46e0a96
validation,boogiespook/waltz-test,waltz-model/target/generated-sources/annotations/com/khartec/waltz/model/ImmutableIdCommandResponse.java,target/generated-sources,application/query source,7620,206,3c061336764feaae8e7cc8d83aa6133b4356411574ff2458551499343212638d
validation,boogiespook/waltz-test,waltz-model/target/generated-sources/annotations/com/khartec/waltz/model/ImmutableIdGroup.java,target/generated-sources,application/query source,10923,304,7c58a1973935aa336a09e14dce92bd0c520208997a47dbdf8bd7819735ee3331
validation,boogiespook/waltz-test,waltz-model/target/generated-sources/annotations/com/khartec/waltz/model/ImmutableIdSelectionOptions.java,target/generated-sources,application/query source,16339,368,d5ce9c1d79b3992460374deefc610dfb8f54bb0e76419c6177774a4cc07a3f3f
validation,boogiespook/waltz-test,waltz-model/target/generated-sources/annotations/com/khartec/waltz/model/ImmutableLastUpdate.java,target/generated-sources,application/query source,8277,234,2443aedd9bdcdb5a74c6f29bccbdb3724b9709f795fe543207577feffb5c7de4
validation,boogiespook/waltz-test,waltz-model/target/generated-sources/annotations/com/khartec/waltz/model/ImmutableLeveledEntityReference.java,target/generated-sources,application/query source,9326,230,923f2726cf52dff9b7285e6a4d7bb8f461844b9d7f7f50a8ba16705b620e7468
validation,boogiespook/waltz-test,waltz-model/target/generated-sources/annotations/com/khartec/waltz/model/ImmutableReleaseLifecycleStatusChangeCommand.java,target/generated-sources,application/query source,7919,181,3638cfd27e5ce1b9c59c5d33d8892a727e67a71700b2ee5f4759ab295fc1edb2
validation,boogiespook/waltz-test,waltz-model/target/generated-sources/annotations/com/khartec/waltz/model/ImmutableSetAttributeCommand.java,target/generated-sources,application/query source,11687,298,c601fdfac9fbf2b6e4592f3ddb97b0a3727eb4fce96893fd7bf92352f8f63b9a
validation,boogiespook/waltz-test,waltz-model/target/generated-sources/annotations/com/khartec/waltz/model/ImmutableSimple.java,target/generated-sources,application/query source,9281,252,f1979547e07f33c58fee40fd42ed1ed867caa916be479ceca9c31ac3208ce648
validation,boogiespook/waltz-test,waltz-model/target/generated-sources/annotations/com/khartec/waltz/model/ImmutableStringChangeCommand.java,target/generated-sources,application/query source,7943,192,9e82f39f7373bac82cee3f6c411843896279b02c7a19a2d37796b8faf062251a
validation,boogiespook/waltz-test,waltz-model/target/generated-sources/annotations/com/khartec/waltz/model/ImmutableUpdateDescriptionCommand.java,target/generated-sources,application/query source,7036,169,d78edba68c76406d2e930328eb8274229ac50ef6f5ed05940db79a94197e7f1f
validation,boogiespook/waltz-test,waltz-model/target/generated-sources/annotations/com/khartec/waltz/model/ImmutableUpdateNameCommand.java,target/generated-sources,application/query source,6898,180,e83a60d86351382c4a9cd3a6507f9828e247b91368a440298785bd0e83d2fc7b
validation,boogiespook/waltz-test,waltz-model/target/generated-sources/annotations/com/khartec/waltz/model/ImmutableWaltzVersionInfo.java,target/generated-sources,application/query source,10940,278,7081ff3e944f96fecde56120acae03fd02939c98551dca5cf4f786bde70c13b0
validation,boogiespook/waltz-test,waltz-model/target/generated-sources/annotations/com/khartec/waltz/model/ImmutableWebError.java,target/generated-sources,application/query source,9125,252,9a6b51f39ecb4a023d9152bbae18326ac059bcc842f44e6ac40bb0845f5c2263
validation,boogiespook/waltz-test,waltz-model/target/generated-sources/annotations/com/khartec/waltz/model/accesslog/ImmutableAccessLog.java,target/generated-sources,application/query source,12507,338,4b845a790cb970546344879628e1cfa9d5720cabc17366f8997c1e40ad328133
validation,boogiespook/waltz-test,waltz-model/target/generated-sources/annotations/com/khartec/waltz/model/accesslog/ImmutableAccessTime.java,target/generated-sources,application/query source,8639,230,f74da1097f705f09d1376ba95ae46ece4d079fc860522ea17cdc7a1083a4ed01
validation,boogiespook/waltz-test,waltz-model/target/generated-sources/annotations/com/khartec/waltz/model/actor/ImmutableActor.java,target/generated-sources,application/query source,25703,685,164c17b427d6c05004514898a0fc32855948154bdf614e57127bedf85966b92a
validation,boogiespook/waltz-test,waltz-model/target/generated-sources/annotations/com/khartec/waltz/model/actor/ImmutableActorChangeCommand.java,target/generated-sources,application/query source,20753,491,4cbabeedbc9243b9648b4988dfa41c4a8a6e7ed32a3cb4f6118d8bc7249b73d7
validation,boogiespook/waltz-test,waltz-model/target/generated-sources/annotations/com/khartec/waltz/model/actor/ImmutableActorCreateCommand.java,target/generated-sources,application/query source,12216,314,ac3cad9badad377d7e129d0929c6fe19b5c16f95ee6ef5ec6a22bc383859b08e
validation,boogiespook/waltz-test,waltz-model/target/generated-sources/annotations/com/khartec/waltz/model/app_group/ImmutableAppGroup.java,target/generated-sources,application/query source,27350,725,d98e1c77d389554fe05e7a90b54aa71a40f6c71d64b20e79e3d3f4bc2c0ebbb8
validation,boogiespook/waltz-test,waltz-model/target/generated-sources/annotations/com/khartec/waltz/model/app_group/ImmutableAppGroupDetail.java,target/generated-sources,application/query source,16133,391,78aad2480587f07841b23ddf5e654f0a71b2bb96691e0c71ece730e890a14f67
validation,boogiespook/waltz-test,waltz-model/target/generated-sources/annotations/com/khartec/waltz/model/app_group/ImmutableAppGroupMember.java,target/generated-sources,application/query source,10417,279,d8a3ce1fa179cab2c8f92935b44ae9a560395afe1ab2a9191a2dfb15fc9bd40b
validation,boogiespook/waltz-test,waltz-model/target/generated-sources/annotations/com/khartec/waltz/model/application/ImmutableAppRegistrationRequest.java,target/generated-sources,application/query source,41701,1053,267344c3c47a8dd21a9152b1d38c95f86866d6a639d536376203f2c209c1deaa
validation,boogiespook/waltz-test,waltz-model/target/generated-sources/annotations/com/khartec/waltz/model/application/ImmutableAppRegistrationResponse.java,target/generated-sources,application/query source,14018,343,f0a80f188522921dc386850a61ec6edd07cfa3487f9e5da9f7b6c0178eacdaf8
validation,boogiespook/waltz-test,waltz-model/target/generated-sources/annotations/com/khartec/waltz/model/application/ImmutableApplication.java,target/generated-sources,application/query source,66035,1663,646d36d80ec76e44a6317fcb1037aa0ccf075988bfc91eae8bbca5554b087719
validation,boogiespook/waltz-test,waltz-model/target/generated-sources/annotations/com/khartec/waltz/model/appview/ImmutableAppView.java,target/generated-sources,application/query source,19655,498,c4b30d4fcedcb40abbd7809ed48edc10ffea5f8e91f45e55e5df34e95f830b00
validation,boogiespook/waltz-test,waltz-model/target/generated-sources/annotations/com/khartec/waltz/model/assessment_definition/ImmutableAssessmentDefinition.java,target/generated-sources,application/query source,41185,1070,762e2f0049585862fd9a00834d08c39215a2144d798d0e007b759ce0cbbe91dc
validation,boogiespook/waltz-test,waltz-model/target/generated-sources/annotations/com/khartec/waltz/model/assessment_rating/ImmutableAssessmentRating.java,target/generated-sources,application/query source,26176,642,84082448af3f61125cbb52237d45764a032830726a2d90dc614027583829d892
validation,boogiespook/waltz-test,waltz-model/target/generated-sources/annotations/com/khartec/waltz/model/assessment_rating/ImmutableRemoveAssessmentRatingCommand.java,target/generated-sources,application/query source,16900,369,62e9bba5608617638d498ba5168ea7635f0b3e91fbf00e325fd640aa9eb4d147
validation,boogiespook/waltz-test,waltz-model/target/generated-sources/annotations/com/khartec/waltz/model/assessment_rating/ImmutableSaveAssessmentRatingCommand.java,target/generated-sources,application/query source,27619,655,090787f8e92d3fc1b84e55777b745d01f3ec09b61000225b9a338b0ebed6b990
validation,boogiespook/waltz-test,waltz-model/target/generated-sources/annotations/com/khartec/waltz/model/attestation/ImmutableAttestationCreateSummary.java,target/generated-sources,application/query source,11681,282,df3ee84fde47cb972aba273f1697d0a227fe47c0c8aeae05bf09cb44ce8141a8
validation,boogiespook/waltz-test,waltz-model/target/generated-sources/annotations/com/khartec/waltz/model/attestation/ImmutableAttestationInstance.java,target/generated-sources,application/query source,19805,470,68a0c8919716b932e12f061073142ca66f40f5dda4f56634107ccf9cfe2d3055
validation,boogiespook/waltz-test,waltz-model/target/generated-sources/annotations/com/khartec/waltz/model/attestation/ImmutableAttestationInstanceRecipient.java,target/generated-sources,application/query source,13489,324,fefbecbcfa3523e4305dd2caba8c35668836e3e2c1690dbc10da01c01cc8100a
validation,boogiespook/waltz-test,waltz-model/target/generated-sources/annotations/com/khartec/waltz/model/attestation/ImmutableAttestationRun.java,target/generated-sources,application/query source,45997,1177,f7f5872bb255dfccaa2f12c1bef517a4b1fa5471a2db9baebe7dc382ef2b3036
validation,boogiespook/waltz-test,waltz-model/target/generated-sources/annotations/com/khartec/waltz/model/attestation/ImmutableAttestationRunCreateCommand.java,target/generated-sources,application/query source,34270,831,17e40d37e558aa29aa46d35fbd44a1d855932dcc573c1b80fe1b14ea7144b4fc
validation,boogiespook/waltz-test,waltz-model/target/generated-sources/annotations/com/khartec/waltz/model/attestation/ImmutableAttestationRunResponseSummary.java,target/generated-sources,application/query source,11579,282,ce4526616542bb6e5ddb123dd0834084e62103a81fc19343e5f111bc6a5b0e26
validation,boogiespook/waltz-test,waltz-model/target/generated-sources/annotations/com/khartec/waltz/model/authoritativesource/ImmutableAuthoritativeRatingVantagePoint.java,target/generated-sources,application/query source,16384,385,a7bbf93fa9b2d4540245638612d4f493dfb6e85dc143d2a1facc7a47fd02948c
validation,boogiespook/waltz-test,waltz-model/target/generated-sources/annotations/com/khartec/waltz/model/authoritativesource/ImmutableAuthoritativeSource.java,target/generated-sources,application/query source,27938,701,85fefcaedfe828fe1597ba3e4cd99ec12a31863d0ba97c7f9148ec57ca492d8a
validation,boogiespook/waltz-test,waltz-model/target/generated-sources/annotations/com/khartec/waltz/model/authoritativesource/ImmutableAuthoritativeSourceCreateCommand.java,target/generated-sources,application/query source,17077,404,5e8cbacf5672e8a7bfead3fbce2e414c8f6056bf9e1994742b4142a44140bcb0
validation,boogiespook/waltz-test,waltz-model/target/generated-sources/annotations/com/khartec/waltz/model/authoritativesource/ImmutableAuthoritativeSourceUpdateCommand.java,target/generated-sources,application/query source,14064,341,cbe454ea61dd0a3dcf9b560d1d69adbc8b248e936526f1a7950f4b4093d586e1
validation,boogiespook/waltz-test,waltz-model/target/generated-sources/annotations/com/khartec/waltz/model/authoritativesource/ImmutableNonAuthoritativeSource.java,target/generated-sources,application/query source,11429,282,b4796ed88e4c853a4b4a09b10b0d04103364f3b1e770d6c04208fb401279f7da
validation,boogiespook/waltz-test,waltz-model/target/generated-sources/annotations/com/khartec/waltz/model/bookmark/ImmutableBookmark.java,target/generated-sources,application/query source,44691,1246,d02b61645d20c0ed653e65d72829a07c83109a2655b359e54c6b8958b98791e1
validation,boogiespook/waltz-test,waltz-model/target/generated-sources/annotations/com/khartec/waltz/model/catalog/ImmutableParseAnalysis.java,target/generated-sources,application/query source,11622,291,cd3cf6605e7cf64d0d3b36881551003f9f77557e46a3159595e7a7b7294b400c
validation,boogiespook/waltz-test,waltz-model/target/generated-sources/annotations/com/khartec/waltz/model/change_initiative/ImmutableChangeInitiative.java,target/generated-sources,application/query source,48798,1296,e58a3cef32729c6181ba736313ec3fd335d4fc4b1d5c6a80279461bfe51150e3
validation,boogiespook/waltz-test,waltz-model/target/generated-sources/annotations/com/khartec/waltz/model/changelog/ImmutableChangeLog.java,target/generated-sources,application/query source,23809,631,aaeea0c9be2f04a7fcad56702c7f3749ad7daa0c2416118f1b994ee61fc15765
validation,boogiespook/waltz-test,waltz-model/target/generated-sources/annotations/com/khartec/waltz/model/checkpoint/ImmutableCheckpoint.java,target/generated-sources,application/query source,16804,457,7d93055eae93305d7c2a22e1d055a931e23a85fa661828d76e1c20735de7fac6
validation,boogiespook/waltz-test,waltz-model/target/generated-sources/annotations/com/khartec/waltz/model/checkpoint/ImmutableCheckpointGoal.java,target/generated-sources,application/query source,10780,280,abe954580399c06df0e40165790ba457b39479709f02febb1e18b8cb1ff518ec
validation,boogiespook/waltz-test,waltz-model/target/generated-sources/annotations/com/khartec/waltz/model/command/ImmutableCommandResponse.java,target/generated-sources,application/query source,15490,369,e289154db95d39bebf25d0a062a0fc9e0039d0b505c00b26f0b76c2a5883e7ef
validation,boogiespook/waltz-test,waltz-model/target/generated-sources/annotations/com/khartec/waltz/model/command/ImmutableFieldChange.java,target/generated-sources,application/query source,10179,273,a796750ac21f6f45541889e0fd319d88e19907c910866c3d32ef6b676f187eba
validation,boogiespook/waltz-test,waltz-model/target/generated-sources/annotations/com/khartec/waltz/model/complexity/ImmutableComplexityRating.java,target/generated-sources,application/query source,18912,415,029adcfada3a9236be3731bed144ae7adb6bb166b623f466801242272e1f6761
validation,boogiespook/waltz-test,waltz-model/target/generated-sources/annotations/com/khartec/waltz/model/complexity/ImmutableComplexityScore.java,target/generated-sources,application/query source,10176,282,195d659c09054b39a526236b3c09fb540f063488c7fc898c8277e5f8b250e18d
validation,boogiespook/waltz-test,waltz-model/target/generated-sources/annotations/com/khartec/waltz/model/cost/ImmutableApplicationCost.java,target/generated-sources,application/query source,8891,230,aef68422b70851b4e043ffb831598dd31a29fc5970efbb6bcdfd39ec79aced7c
validation,boogiespook/waltz-test,waltz-model/target/generated-sources/annotations/com/khartec/waltz/model/cost/ImmutableAssetCost.java,target/generated-sources,application/query source,11510,309,07125db9a1b1d83e4f8223bfd5fdc77d6be8e81f80cf39c8723674580229ca39
validation,boogiespook/waltz-test,waltz-model/target/generated-sources/annotations/com/khartec/waltz/model/cost/ImmutableAssetCostQueryOptions.java,target/generated-sources,application/query source,9467,231,b1360a2127c43458c43c92dd49a45fe4ad61cf97561a53a086d62ef5b5d92a24
validation,boogiespook/waltz-test,waltz-model/target/generated-sources/annotations/com/khartec/waltz/model/cost/ImmutableCost.java,target/generated-sources,application/query source,12813,366,cdd1db5f24bee14e0f9c738179ba5c86dc6cbc92a19f9363c8583a636146667f
validation,boogiespook/waltz-test,waltz-model/target/generated-sources/annotations/com/khartec/waltz/model/data_flow_decorator/ImmutableDecoratorRatingSummary.java,target/generated-sources,application/query source,11994,285,1845f092be5b08383c8b507b004af1dfa99affb831fae4c6cbae3e63e767ea5e
validation,boogiespook/waltz-test,waltz-model/target/generated-sources/annotations/com/khartec/waltz/model/data_flow_decorator/ImmutableLogicalFlowDecorator.java,target/generated-sources,application/query source,22929,558,5ea81d54b2b0ca1702c3cb224f3a1cafdb8a3dea5476d84eee7ac0e0703d36c4
validation,boogiespook/waltz-test,waltz-model/target/generated-sources/annotations/com/khartec/waltz/model/data_flow_decorator/ImmutableUpdateDataFlowDecoratorsAction.java,target/generated-sources,application/query source,17719,390,77a8d925f8107003a74b4e733cc2f39f209500e1b63dea6619b2f1fcc0b427de
validation,boogiespook/waltz-test,waltz-model/target/generated-sources/annotations/com/khartec/waltz/model/data_type_usage/ImmutableDataTypeUsage.java,target/generated-sources,application/query source,14294,357,9b508af1d58d5bf8661b6a88e83412bb0d25548af2fc5b8abeec5c1a67d3767b
validation,boogiespook/waltz-test,waltz-model/target/generated-sources/annotations/com/khartec/waltz/model/database_information/ImmutableDatabaseInformation.java,target/generated-sources,application/query source,38194,975,9f52406cfb4e81a38234c46670f874810097a62cf0f9910304a4f2e5198f6890
validation,boogiespook/waltz-test,waltz-model/target/generated-sources/annotations/com/khartec/waltz/model/database_information/ImmutableDatabaseSummaryStatistics.java,target/generated-sources,application/query source,19976,430,764d819575d8bc22df6ef3031f14c017f2359745f77e33af114fa3d79c964911
validation,boogiespook/waltz-test,waltz-model/target/generated-sources/annotations/com/khartec/waltz/model/datatype/ImmutableDataType.java,target/generated-sources,application/query source,29666,823,b2f864f11691be2881d286e7a9b526be069358d84082f081ebb15c066bc0bccb
validation,boogiespook/waltz-test,waltz-model/target/generated-sources/annotations/com/khartec/waltz/model/drill_grid/ImmutableDrillGridDefinition.java,target/generated-sources,application/query source,17634,456,392f64c85c295eeaf0f171e79d9aaa0f7cdfef0188a10c27c1746e31c46361a9
validation,boogiespook/waltz-test,waltz-model/target/generated-sources/annotations/com/khartec/waltz/model/enduserapp/ImmutableEndUserApplication.java,target/generated-sources,application/query source,37351,975,eeb50f64ba8fd339eee94543057b0f83fbecd51b5895b342a051f9c5ebaab71e
validation,boogiespook/waltz-test,waltz-model/target/generated-sources/annotations/com/khartec/waltz/model/entity_enum/ImmutableEntityEnumDefinition.java,target/generated-sources,application/query source,25639,698,2d1e0a4816b2c997bbae117b508696773a07bce56fb18317f6cd1ce2023ea83e
validation,boogiespook/waltz-test,waltz-model/target/generated-sources/annotations/com/khartec/waltz/model/entity_enum/ImmutableEntityEnumValue.java,target/generated-sources,application/query source,22795,562,9d2dfac038e13fca1615aac20e1f70eb837cf7f9c39336457f1899b8be41d0d0
validation,boogiespook/waltz-test,waltz-model/target/generated-sources/annotations/com/khartec/waltz/model/entity_hierarchy/ImmutableEntityHierarchyItem.java,target/generated-sources,application/query source,16149,422,fc4e8e56fedcd48187acae73cf8c7046907f673d2d6dcb0b46f9cbafdaae6f7b
validation,boogiespook/waltz-test,waltz-model/target/generated-sources/annotations/com/khartec/waltz/model/entity_named_note/ImmutableEntityNamedNodeType.java,target/generated-sources,application/query source,21705,527,345c5d619dafc85220eaf2500885d8c8e57a06f9c9ca75f1e0ef3e1223e38a3a
validation,boogiespook/waltz-test,waltz-model/target/generated-sources/annotations/com/khartec/waltz/model/entity_named_note/ImmutableEntityNamedNote.java,target/generated-sources,application/query source,22756,562,2c76af142725f4fae1d8aecad559df13e68dadf3a00315731799be840e565a1c
validation,boogiespook/waltz-test,waltz-model/target/generated-sources/annotations/com/khartec/waltz/model/entity_named_note/ImmutableEntityNamedNoteTypeChangeCommand.java,target/generated-sources,application/query source,18966,412,b376e4e93366115612f7709d1dfa4eef33776f072089b1607362289d18dfe16f
validation,boogiespook/waltz-test,waltz-model/target/generated-sources/annotations/com/khartec/waltz/model/entity_relationship/ImmutableEntityRelationship.java,target/generated-sources,application/query source,25924,660,6f8aa3e7415d2dc5882bfe8489f538833b55b83ffe60fdc0fc21bd6531a3f9e1
validation,boogiespook/waltz-test,waltz-model/target/generated-sources/annotations/com/khartec/waltz/model/entity_relationship/ImmutableEntityRelationshipChangeCommand.java,target/generated-sources,application/query source,12520,284,890a25f09c61b785cae090d0aba9123126cf726bcc47402130ddcb01c99e3447
validation,boogiespook/waltz-test,waltz-model/target/generated-sources/annotations/com/khartec/waltz/model/entity_relationship/ImmutableEntityRelationshipKey.java,target/generated-sources,application/query source,11150,283,f79748cf5084f36dc0eb816b536663ce56c4b694aeaa3bdec909d45f78d2aeb4
validation,boogiespook/waltz-test,waltz-model/target/generated-sources/annotations/com/khartec/waltz/model/entity_relationship/ImmutableUpdateEntityRelationshipParams.java,target/generated-sources,application/query source,10908,250,9966f15ed1e5876f8d46df0029960a05b406e681bfc1d352751245ff3eb7723d
validation,boogiespook/waltz-test,waltz-model/target/generated-sources/annotations/com/khartec/waltz/model/entity_search/ImmutableEntitySearchOptions.java,target/generated-sources,application/query source,23047,531,053f7449f21fa1cfcdafce6aa9b96f6ce17bccad380f9374fd1e818782d4f717
validation,boogiespook/waltz-test,waltz-model/target/generated-sources/annotations/com/khartec/waltz/model/entity_statistic/ImmutableEntityStatistic.java,target/generated-sources,application/query source,9128,231,d1a7ebb659dd557749f83235e220ec28aaacfdffea558bd2f5a1cd1ccfbf4021
validation,boogiespook/waltz-test,waltz-model/target/generated-sources/annotations/com/khartec/waltz/model/entity_statistic/ImmutableEntityStatisticDefinition.java,target/generated-sources,application/query source,44400,1176,665da69a1d45385dd912a798cb30a6fb96cff96a2cda8ee6f7a9aed596b72161
validation,boogiespook/waltz-test,waltz-model/target/generated-sources/annotations/com/khartec/waltz/model/entity_statistic/ImmutableEntityStatisticValue.java,target/generated-sources,application/query source,29478,823,15a143db2314c7827e146e89088ce0a485accb76e598e17046755c457d06d712
validation,boogiespook/waltz-test,waltz-model/target/generated-sources/annotations/com/khartec/waltz/model/entity_svg_diagram/ImmutableEntitySvgDiagram.java,target/generated-sources,application/query source,25153,645,98c3be08c78b97aecd95db922728d11d57617783ae1398d9ab54ade23106fdd7
validation,boogiespook/waltz-test,waltz-model/target/generated-sources/annotations/com/khartec/waltz/model/entity_workflow/ImmutableEntityWorkflowDefinition.java,target/generated-sources,application/query source,13721,351,656a0dae56ba4d9b9f988207b7d7f77b515e9233a190f3bd6651e7b28d1729e3
validation,boogiespook/waltz-test,waltz-model/target/generated-sources/annotations/com/khartec/waltz/model/entity_workflow/ImmutableEntityWorkflowState.java,target/generated-sources,application/query source,25630,641,a613a10d3209ceeea3a38d8d47bbab2b97fb62d2ed22ffebd7ee149c0c7d9b73
validation,boogiespook/waltz-test,waltz-model/target/generated-sources/annotations/com/khartec/waltz/model/entity_workflow/ImmutableEntityWorkflowTransition.java,target/generated-sources,application/query source,27570,692,617b7e5816fa900480f37e4a5ff01471b9c083b2cf5d0fb193cd64814644e62c
validation,boogiespook/waltz-test,waltz-model/target/generated-sources/annotations/com/khartec/waltz/model/flow_diagram/ImmutableFlowDiagram.java,target/generated-sources,application/query source,30453,821,74a7cf903714cd834d0afa6e59747598c9268c00b5a33f08c960b78169c1de1c
validation,boogiespook/waltz-test,waltz-model/target/generated-sources/annotations/com/khartec/waltz/model/flow_diagram/ImmutableFlowDiagramAnnotation.java,target/generated-sources,application/query source,14838,358,e4ffaaf0e6ce47652c29d51f5453637728dd1dba4c79fea103ed84a73e58e8c9
validation,boogiespook/waltz-test,waltz-model/target/generated-sources/annotations/com/khartec/waltz/model/flow_diagram/ImmutableFlowDiagramEntity.java,target/generated-sources,application/query source,13030,318,94a02c7f2ee693ca72fede23353758e4b8feecacfda0c9927aa9c862890b3167
validation,boogiespook/waltz-test,waltz-model/target/generated-sources/annotations/com/khartec/waltz/model/flow_diagram/ImmutableSaveDiagramCommand.java,target/generated-sources,application/query source,25405,606,c61bc81f330fc30a10cb7ad04bf4ac3f47a93234de8090658c8e58f44ec6cd2d
validation,boogiespook/waltz-test,waltz-model/target/generated-sources/annotations/com/khartec/waltz/model/immediate_hierarchy/ImmutableImmediateHierarchy.java,target/generated-sources,application/query source,14947,381,66ca93a6eec2fc29e49dc9c10b911ac056ed08161e438bd5c401cb337c2c908f
validation,boogiespook/waltz-test,waltz-model/target/generated-sources/annotations/com/khartec/waltz/model/involvement/ImmutableApplicationInvolvement.java,target/generated-sources,application/query source,9618,233,b8c8f6751274543a8352ee6b3f859cb3ccb56a09e25636a22d847072254da08b
validation,boogiespook/waltz-test,waltz-model/target/generated-sources/annotations/com/khartec/waltz/model/involvement/ImmutableEntityInvolvementChangeCommand.java,target/generated-sources,application/query source,12531,285,7489d1bdb5140e1107dcd349262189c142374f261eba475ec8955651a92e5597
validation,boogiespook/waltz-test,waltz-model/target/generated-sources/annotations/com/khartec/waltz/model/involvement/ImmutableInvolvement.java,target/generated-sources,application/query source,14281,365,324ccbcc1f0d6e7c75051f635565d8929095e74665498c2b655721f46d097545
validation,boogiespook/waltz-test,waltz-model/target/generated-sources/annotations/com/khartec/waltz/model/involvement_kind/ImmutableInvolvementKind.java,target/generated-sources,application/query source,18939,474,1dfa99437f31a8220b6a3fe0814d542728e11062ad011c979f46346c5acb7b11
validation,boogiespook/waltz-test,waltz-model/target/generated-sources/annotations/com/khartec/waltz/model/involvement_kind/ImmutableInvolvementKindChangeCommand.java,target/generated-sources,application/query source,17946,420,4a0ce19747113d34601811e7873b0b07d1ddce021f5027d655ab4fa2a50b1549
validation,boogiespook/waltz-test,waltz-model/target/generated-sources/annotations/com/khartec/waltz/model/involvement_kind/ImmutableInvolvementKindCreateCommand.java,target/generated-sources,application/query source,10519,259,87340ef6b69d03d9ec632d5f0229f889fe2f11245c31634cb19558ce55257aa2
validation,boogiespook/waltz-test,waltz-model/target/generated-sources/annotations/com/khartec/waltz/model/logical_data_element/ImmutableLogicalDataElement.java,target/generated-sources,application/query source,33374,866,e557fad054b0f593841150fceb767782d276438fec9e91e475ee2f5c020aea3d
validation,boogiespook/waltz-test,waltz-model/target/generated-sources/annotations/com/khartec/waltz/model/logical_data_element/ImmutableLogicalDataElementChangeCommand.java,target/generated-sources,application/query source,9260,194,409706ba75d9f0bf80ca54e7909eeb275f1132e06727c2c39ec7010380ae99dd
validation,boogiespook/waltz-test,waltz-model/target/generated-sources/annotations/com/khartec/waltz/model/logical_flow/ImmutableAddLogicalFlowCommand.java,target/generated-sources,application/query source,9142,231,b3f6433355fe97181edc27eee21ccced41520ac926e696af50e509e2b10dd30f
validation,boogiespook/waltz-test,waltz-model/target/generated-sources/annotations/com/khartec/waltz/model/logical_flow/ImmutableLogicalFlow.java,target/generated-sources,application/query source,36776,921,1dc11f7b66041c9b9dfb5705877465ecfeaa9ef5402ef1db600b2c2a93908606
validation,boogiespook/waltz-test,waltz-model/target/generated-sources/annotations/com/khartec/waltz/model/logical_flow/ImmutableLogicalFlowMeasures.java,target/generated-sources,application/query source,10940,282,16517cef6982809bec696fd7f5d266a79bd6c6b36a607c44a04880a4d3616c17
validation,boogiespook/waltz-test,waltz-model/target/generated-sources/annotations/com/khartec/waltz/model/logical_flow/ImmutableLogicalFlowStatistics.java,target/generated-sources,application/query source,15253,357,d385373b99e11c31a0f8e59138937734b8b55c059050c0dce0da3dbdfe1f0f37
validation,boogiespook/waltz-test,waltz-model/target/generated-sources/annotations/com/khartec/waltz/model/measurable/ImmutableMeasurable.java,target/generated-sources,application/query source,46234,1251,31690b5f39201d338d8e826f1ae910d8d8e27c917acbfd2a1c368535839e83b6
validation,boogiespook/waltz-test,waltz-model/target/generated-sources/annotations/com/khartec/waltz/model/measurable_category/ImmutableMeasurableCategory.java,target/generated-sources,application/query source,41582,1098,91c78a9c456f100399fcf2cd283bfc042b25b951c33cadf810b6a9a7b6b02ddf
validation,boogiespook/waltz-test,waltz-model/target/generated-sources/annotations/com/khartec/waltz/model/measurable_rating/ImmutableMeasurableRating.java,target/generated-sources,application/query source,27989,708,4cb610a9569fd2e381598c9212286087b82712176379d5ee34ad5397bdb5ad56
validation,boogiespook/waltz-test,waltz-model/target/generated-sources/annotations/com/khartec/waltz/model/measurable_rating/ImmutableRemoveMeasurableRatingCommand.java,target/generated-sources,application/query source,12915,299,e219ebe6d9699ea00b45a8a407f14d64c1b84908c5a12d66b750ca1e6ecbd331
validation,boogiespook/waltz-test,waltz-model/target/generated-sources/annotations/com/khartec/waltz/model/measurable_rating/ImmutableSaveMeasurableRatingCommand.java,target/generated-sources,application/query source,25377,627,a90a184e9f90d3323cc47997341feff490d7f04cc99cf69e9e23d7b89933817f
validation,boogiespook/waltz-test,waltz-model/target/generated-sources/annotations/com/khartec/waltz/model/measurable_relationship/ImmutableMeasurableRelationship.java,target/generated-sources,application/query source,26306,641,3b967d499f61be234e6dcd215c25b86142783e9e28a2d1a6364e5c9bc70ed9ed
validation,boogiespook/waltz-test,waltz-model/target/generated-sources/annotations/com/khartec/waltz/model/notification/ImmutableNotificationSummary.java,target/generated-sources,application/query source,8644,232,e329d0bc2d7f7b9caf4f4f088eac2691ece18b42cb0f0a9bd9b45f46fc3e02d0
validation,boogiespook/waltz-test,waltz-model/target/generated-sources/annotations/com/khartec/waltz/model/orgunit/ImmutableOrganisationalUnit.java,target/generated-sources,application/query source,20131,520,4533857c8fcc27f3d8b5993cb78a167baa4b04d822ce889f1a7fa30ba2b24a6a
validation,boogiespook/waltz-test,waltz-model/target/generated-sources/annotations/com/khartec/waltz/model/orgunit/ImmutableOrganisationalUnitHierarchy.java,target/generated-sources,application/query source,16652,391,75eef1e1ae82816d00ea6fdc09e6d45ba08f9390833d769621cabe1536ac0ab9
validation,boogiespook/waltz-test,waltz-model/target/generated-sources/annotations/com/khartec/waltz/model/orphan/ImmutableOrphanRelationship.java,target/generated-sources,application/query source,11229,282,20d4842ca5a80153eea17a297282f38c21c972c99c2af8006bffecf71e9a90b4
validation,boogiespook/waltz-test,waltz-model/target/generated-sources/annotations/com/khartec/waltz/model/performance_metric/ImmutablePerformanceMetricDefinition.java,target/generated-sources,application/query source,19025,456,237b34fff675e55fb7e886d7aee0dd0146b621031dee1a6f51919b59e657a4c1
validation,boogiespook/waltz-test,waltz-model/target/generated-sources/annotations/com/khartec/waltz/model/performance_metric/pack/ImmutableMetricPack.java,target/generated-sources,application/query source,26975,659,e015eb8ff7e1b873fbd9777d1d6cdce5fd35bed82b8663c5445c6efcaad997aa
validation,boogiespook/waltz-test,waltz-model/target/generated-sources/annotations/com/khartec/waltz/model/performance_metric/pack/ImmutableMetricPackItem.java,target/generated-sources,application/query source,19586,500,335e5da54c5f8dd85747098068baadb68ada7f170bd7029063ecf53a3b20557f
validation,boogiespook/waltz-test,waltz-model/target/generated-sources/annotations/com/khartec/waltz/model/performance_metric/sample/ImmutableMetricSample.java,target/generated-sources,application/query source,17828,458,05d1cd041cf13d5c3b27c19cebb05e54a30ed95b8895b4e6bf4a4455d41ee394
validation,boogiespook/waltz-test,waltz-model/target/generated-sources/annotations/com/khartec/waltz/model/person/ImmutablePerson.java,target/generated-sources,application/query source,55001,1520,729bf5496dea903d94c4cfaa520184868a6aacc0177276533e9880c8a69c2e8e
validation,boogiespook/waltz-test,waltz-model/target/generated-sources/annotations/com/khartec/waltz/model/perspective/ImmutablePerspectiveDefinition.java,target/generated-sources,application/query source,27474,718,ddc3f655098441d6c072bc33472a02c37a2c2aa5cf590f2efae1c377c129a9aa
validation,boogiespook/waltz-test,waltz-model/target/generated-sources/annotations/com/khartec/waltz/model/perspective/ImmutablePerspectiveRating.java,target/generated-sources,application/query source,15063,357,59c771648eb835ff7c68d79a509d16b743baa6507606c6f7da439c4ce75a7642
validation,boogiespook/waltz-test,waltz-model/target/generated-sources/annotations/com/khartec/waltz/model/perspective/ImmutablePerspectiveRatingValue.java,target/generated-sources,application/query source,11131,282,a041329365b79771f45504dab67eadd7736009fcef9dec89105c2c2b9faffe4f
validation,boogiespook/waltz-test,waltz-model/target/generated-sources/annotations/com/khartec/waltz/model/physical_flow/ImmutableFlowAttributes.java,target/generated-sources,application/query source,16164,401,3bd0d3c0076ec0d52667e17e0175cede5c30222df08ce4d48c4d59b9359bf507
validation,boogiespook/waltz-test,waltz-model/target/generated-sources/annotations/com/khartec/waltz/model/physical_flow/ImmutablePhysicalFlow.java,target/generated-sources,application/query source,60987,1594,5315eb7bd519ac4c648d210cf775c32c89fc59d778a5ecfca2fb7f9c8f741ac9
validation,boogiespook/waltz-test,waltz-model/target/generated-sources/annotations/com/khartec/waltz/model/physical_flow/ImmutablePhysicalFlowCreateCommand.java,target/generated-sources,application/query source,12363,284,ee4c585ab713559c8294df114e49b1dc79aff5a58b843f5678e103843d4392c8
validation,boogiespook/waltz-test,waltz-model/target/generated-sources/annotations/com/khartec/waltz/model/physical_flow/ImmutablePhysicalFlowCreateCommandResponse.java,target/generated-sources,application/query source,16511,365,a52ec51f4efe8255d6f59c5de9608d4bd708723877d17b36ad3763f9b15f2d69
validation,boogiespook/waltz-test,waltz-model/target/generated-sources/annotations/com/khartec/waltz/model/physical_flow/ImmutablePhysicalFlowDeleteCommand.java,target/generated-sources,application/query source,7143,182,e3b92b504d75c47a9ee93169128086a3b30b3258677cd9d19a924f9c4253b3d9
validation,boogiespook/waltz-test,waltz-model/target/generated-sources/annotations/com/khartec/waltz/model/physical_flow/ImmutablePhysicalFlowDeleteCommandResponse.java,target/generated-sources,application/query source,22478,513,c835a73e1f106e69117d90c96c6f8ea78b6eb9e150d79c609be32c34214ad8d2
validation,boogiespook/waltz-test,waltz-model/target/generated-sources/annotations/com/khartec/waltz/model/physical_flow/ImmutablePhysicalFlowParsed.java,target/generated-sources,application/query source,37377,1034,73bd52f0143ef9e96d2c0d066354fe8703d2fc042580345554e01f1431dffdef
validation,boogiespook/waltz-test,waltz-model/target/generated-sources/annotations/com/khartec/waltz/model/physical_flow/ImmutablePhysicalFlowSpecDefinitionChangeCommand.java,target/generated-sources,application/query source,8367,183,f567518c9119e60aaec818c25c989178e40639ff966ea5dd4a1d804005ac3bdb
validation,boogiespook/waltz-test,waltz-model/target/generated-sources/annotations/com/khartec/waltz/model/physical_flow/ImmutablePhysicalFlowUploadCommand.java,target/generated-sources,application/query source,38632,1066,c63c49f4be87436fdcfae12ddffb3e94ad4042543e22405ca63ea040afc96dee
validation,boogiespook/waltz-test,waltz-model/target/generated-sources/annotations/com/khartec/waltz/model/physical_flow/ImmutablePhysicalFlowUploadCommandResponse.java,target/generated-sources,application/query source,24637,568,46881c30a1730201ffc524e6a2de4fe1cd7de22fbe0256fdc4a34da76df66c4f
validation,boogiespook/waltz-test,waltz-model/target/generated-sources/annotations/com/khartec/waltz/model/physical_specification/ImmutablePhysicalSpecification.java,target/generated-sources,application/query source,38577,1001,011982bb0ac21b3ccfebb9450bf41396ef429cc1fd24a7dd590ebc152d13cfc1
validation,boogiespook/waltz-test,waltz-model/target/generated-sources/annotations/com/khartec/waltz/model/physical_specification/ImmutablePhysicalSpecificationAddCommand.java,target/generated-sources,application/query source,19519,458,e8f1cf623a9913c66d49e26f0aa6a1441326a1394ac3c7f834d12d4e691cf597
validation,boogiespook/waltz-test,waltz-model/target/generated-sources/annotations/com/khartec/waltz/model/physical_specification/ImmutablePhysicalSpecificationDeleteCommand.java,target/generated-sources,application/query source,7968,183,d77108216fd3bb3d607fa3139816c2295029faa899a6a01ca0822ecf0981e606
validation,boogiespook/waltz-test,waltz-model/target/generated-sources/annotations/com/khartec/waltz/model/physical_specification_data_type/ImmutablePhysicalSpecificationDataType.java,target/generated-sources,application/query source,20861,477,979a76761dd24f9d867bd7ce2281b717d860beb91a116ad25bfc7b180375070c
validation,boogiespook/waltz-test,waltz-model/target/generated-sources/annotations/com/khartec/waltz/model/physical_specification_definition/ImmutablePhysicalSpecDefinition.java,target/generated-sources,application/query source,39380,1027,8a271cbb080e6a5bdcef87d09c15d1d3bf89f5ce6facb00b7e32acbaf02dfcc5
validation,boogiespook/waltz-test,waltz-model/target/generated-sources/annotations/com/khartec/waltz/model/physical_specification_definition/ImmutablePhysicalSpecDefinitionChangeCommand.java,target/generated-sources,application/query source,18816,449,3b5d52eb752fe7b1098c1386fcee000d4d1d4bc9827258b418ea524837ecae20
validation,boogiespook/waltz-test,waltz-model/target/generated-sources/annotations/com/khartec/waltz/model/physical_specification_definition/ImmutablePhysicalSpecDefinitionField.java,target/generated-sources,application/query source,31730,810,2ac6ab02c3bc10fdacc3d17d452f5ee80f4bf89496b20ea7a6f8e34df2df161e
validation,boogiespook/waltz-test,waltz-model/target/generated-sources/annotations/com/khartec/waltz/model/physical_specification_definition/ImmutablePhysicalSpecDefinitionFieldChangeCommand.java,target/generated-sources,application/query source,22961,531,9fbd8aad60609f7dd4069e402fa2a2d917d7931482b1ade2f2a9e5535d352920
validation,boogiespook/waltz-test,waltz-model/target/generated-sources/annotations/com/khartec/waltz/model/physical_specification_definition/ImmutablePhysicalSpecDefinitionSampleFile.java,target/generated-sources,application/query source,15975,387,15a4e36c82e127fe0a4cede50b9ce267377bfa9db79ba3a30152bff7dd40b6ea
validation,boogiespook/waltz-test,waltz-model/target/generated-sources/annotations/com/khartec/waltz/model/physical_specification_definition/ImmutablePhysicalSpecDefinitionSampleFileCreateCommand.java,target/generated-sources,application/query source,10014,231,bd0241dcd196986bcae856236a71daeb3adac8a6d5e2a7aa04b7bbb69070f6fc
validation,boogiespook/waltz-test,waltz-model/target/generated-sources/annotations/com/khartec/waltz/model/rating/ImmutableRagName.java,target/generated-sources,application/query source,27982,784,1b0195a0fb3d37dea53bf708166ba1bebe210027f9a9b8cd676f3c1fa26e73c8
validation,boogiespook/waltz-test,waltz-model/target/generated-sources/annotations/com/khartec/waltz/model/rating/ImmutableRatingScheme.java,target/generated-sources,application/query source,18707,493,f2e81befa00f6ffd29ef6b2817e4dd49009fdcef31489b1c4748249397e39cc2
validation,boogiespook/waltz-test,waltz-model/target/generated-sources/annotations/com/khartec/waltz/model/reportee/ImmutableReportee.java,target/generated-sources,application/query source,8176,217,ce2c581a09b01cb5c4e804d8cb0770bdb27e8a3cde894b30b56d5414cc6c185e
validation,boogiespook/waltz-test,waltz-model/target/generated-sources/annotations/com/khartec/waltz/model/roadmap/ImmutableRoadmap.java,target/generated-sources,application/query source,32616,844,96766dc026847a131080e920c91fda9e395bbd6720b41210ba07e337e647f285
validation,boogiespook/waltz-test,waltz-model/target/generated-sources/annotations/com/khartec/waltz/model/roadmap/ImmutableRoadmapAndScenarioOverview.java,target/generated-sources,application/query source,9577,234,9fab5bff0dec2e8d6a84adefcc24c848635d4741f83fe5888b2e543643a7e722
validation,boogiespook/waltz-test,waltz-model/target/generated-sources/annotations/com/khartec/waltz/model/roadmap/ImmutableRoadmapCreateCommand.java,target/generated-sources,application/query source,16434,401,4b018475c7ea5b0b22e3bf78013e2ca618cb163286ac28e6494daee9c78b686f
validation,boogiespook/waltz-test,waltz-model/target/generated-sources/annotations/com/khartec/waltz/model/scenario/ImmutableCloneScenarioCommand.java,target/generated-sources,application/query source,8704,217,c4273f7212940b082af414f1819006cff2466e28a9e704c88a1a680dc2f09b07
validation,boogiespook/waltz-test,waltz-model/target/generated-sources/annotations/com/khartec/waltz/model/scenario/ImmutableScenario.java,target/generated-sources,application/query source,35689,917,02326feb8eed7652087fa20e0b3850b5ef1bf76f1ab1cf26e62ee94442efa514
validation,boogiespook/waltz-test,waltz-model/target/generated-sources/annotations/com/khartec/waltz/model/scenario/ImmutableScenarioAxisItem.java,target/generated-sources,application/query source,17049,429,30022568b7bddc3d904d45f6d027f8ea60d4374f80755a58fd19ca1b64d93c3e
validation,boogiespook/waltz-test,waltz-model/target/generated-sources/annotations/com/khartec/waltz/model/scenario/ImmutableScenarioRatingItem.java,target/generated-sources,application/query source,23985,641,678d29f06e466a5fd5ea5431d94ee289f246d3009ade0da6aab4b2ba6579777e
validation,boogiespook/waltz-test,waltz-model/target/generated-sources/annotations/com/khartec/waltz/model/server_information/ImmutableServerInformation.java,target/generated-sources,application/query source,47846,1198,1c6e8ad6f40c7c6efb9b2d13a9b8a8da05d3e4728a78e899b7f66bcc26cd1873
validation,boogiespook/waltz-test,waltz-model/target/generated-sources/annotations/com/khartec/waltz/model/server_information/ImmutableServerSummaryStatistics.java,target/generated-sources,application/query source,40866,886,66808119b22d7906669dd1c5e10695ba421d9b86c631d18e8f1ec950d89505b5
validation,boogiespook/waltz-test,waltz-model/target/generated-sources/annotations/com/khartec/waltz/model/settings/ImmutableSetting.java,target/generated-sources,application/query source,12242,332,bae007e1b17d27a18ac30eac741bfc44a90a951ea1bec6ea4d1e5ba8f8e56209
validation,boogiespook/waltz-test,waltz-model/target/generated-sources/annotations/com/khartec/waltz/model/shared_preference/ImmutableSharedPreference.java,target/generated-sources,application/query source,16116,408,fc7afdff54733fba8e8bf3afd5cdf7a556e16e8231650ff2ee58da719066ff97
validation,boogiespook/waltz-test,waltz-model/target/generated-sources/annotations/com/khartec/waltz/model/shared_preference/ImmutableSharedPreferenceSaveCommand.java,target/generated-sources,application/query source,10959,279,f2d9560880eb04c225160010527341ad778371460f001eb855fcb72f1ccce0d7
validation,boogiespook/waltz-test,waltz-model/target/generated-sources/annotations/com/khartec/waltz/model/software_catalog/ImmutableSoftwareCatalog.java,target/generated-sources,application/query source,13423,332,85528b4b4be448156e5e3ddcafd1e49aada6f746ce48349314116eee876f33f9
validation,boogiespook/waltz-test,waltz-model/target/generated-sources/annotations/com/khartec/waltz/model/software_catalog/ImmutableSoftwarePackage.java,target/generated-sources,application/query source,30112,819,361a3930d5c6351034e9ca5f318c3b00fbf1ad0a72d57e352616c199dffe9712
validation,boogiespook/waltz-test,waltz-model/target/generated-sources/annotations/com/khartec/waltz/model/software_catalog/ImmutableSoftwareSummaryStatistics.java,target/generated-sources,application/query source,14825,338,417b52e025401c6070c449f730a93eef28cb890803c30909ecb3446ec18bcb5c
validation,boogiespook/waltz-test,waltz-model/target/generated-sources/annotations/com/khartec/waltz/model/software_catalog/ImmutableSoftwareUsage.java,target/generated-sources,application/query source,12308,303,696bb06608799ccb0972cae9410c1e01304728714d61aa1e007ea06d8d9e3076
validation,boogiespook/waltz-test,waltz-model/target/generated-sources/annotations/com/khartec/waltz/model/source_data_rating/ImmutableSourceDataRating.java,target/generated-sources,application/query source,20315,504,dcbf2fd475b428d69dfeeb278cf6818f5eaa93226e1f2737c7baf407f092864e
validation,boogiespook/waltz-test,waltz-model/target/generated-sources/annotations/com/khartec/waltz/model/staticpanel/ImmutableStaticPanel.java,target/generated-sources,application/query source,24373,688,cdf997a4e724b3f5ad6c8887aaa8bbda9431565b886433188cc6085460c05a25
validation,boogiespook/waltz-test,waltz-model/target/generated-sources/annotations/com/khartec/waltz/model/survey/ImmutableSurveyInstance.java,target/generated-sources,application/query source,33126,884,ae1d1862a9ddc4825d1839993765d69a081d6206e971a6541a05a20b4b3e2eae
validation,boogiespook/waltz-test,waltz-model/target/generated-sources/annotations/com/khartec/waltz/model/survey/ImmutableSurveyInstanceCreateCommand.java,target/generated-sources,application/query source,15734,365,097c8c7d94915d77c70f6260242610992073cdfa736fa1914949c118b5e5d2a2
validation,boogiespook/waltz-test,waltz-model/target/generated-sources/annotations/com/khartec/waltz/model/survey/ImmutableSurveyInstanceQuestionResponse.java,target/generated-sources,application/query source,14912,333,f706d740e480351cc4c1a2ee6a3c36bed116484099c39d2ef66ef56489049e8c
validation,boogiespook/waltz-test,waltz-model/target/generated-sources/annotations/com/khartec/waltz/model/survey/ImmutableSurveyInstanceRecipient.java,target/generated-sources,application/query source,12949,325,1df097b2b63756bcf616436a1519d119f2143c887f4d572380a6b631ff13bc6d
validation,boogiespook/waltz-test,waltz-model/target/generated-sources/annotations/com/khartec/waltz/model/survey/ImmutableSurveyInstanceRecipientCreateCommand.java,target/generated-sources,application/query source,10121,230,00e7c7bdf96864d2e22683aaa9c05c7ef35ee5435bb6b8e439021985fe45fa5e
validation,boogiespook/waltz-test,waltz-model/target/generated-sources/annotations/com/khartec/waltz/model/survey/ImmutableSurveyInstanceRecipientUpdateCommand.java,target/generated-sources,application/query source,12703,279,f7ffe56698fc02679792f42e7ae6f4eed20dd205aefe07e7f99eaf0dea261782
validation,boogiespook/waltz-test,waltz-model/target/generated-sources/annotations/com/khartec/waltz/model/survey/ImmutableSurveyInstanceStatusChangeCommand.java,target/generated-sources,application/query source,10890,253,9def0fcde62cb2594cdaab80c6c4108c1f814df6fb4483e802a1f4b67db7d7b0
validation,boogiespook/waltz-test,waltz-model/target/generated-sources/annotations/com/khartec/waltz/model/survey/ImmutableSurveyQuestion.java,target/generated-sources,application/query source,33106,869,99cd8296a574a6c1df4d3e06219a7802bf61fce2437af35acb107e242b545623
validation,boogiespook/waltz-test,waltz-model/target/generated-sources/annotations/com/khartec/waltz/model/survey/ImmutableSurveyQuestionDropdownEntry.java,target/generated-sources,application/query source,15740,393,c2bf3329a87e1e0d476426d83242eec2e2b4b1619ac187d87869ff708e966432
validation,boogiespook/waltz-test,waltz-model/target/generated-sources/annotations/com/khartec/waltz/model/survey/ImmutableSurveyQuestionResponse.java,target/generated-sources,application/query source,29295,715,ff100e9d9ae8faaeafee2ed9596fa60c54c88770834ccb1162727977666c2852
validation,boogiespook/waltz-test,waltz-model/target/generated-sources/annotations/com/khartec/waltz/model/survey/ImmutableSurveyRun.java,target/generated-sources,application/query source,40266,1099,21ee6d6928eac6569b1b4224cfb29b85a583dd2eced3daa379bfed60dbf41b1a
validation,boogiespook/waltz-test,waltz-model/target/generated-sources/annotations/com/khartec/waltz/model/survey/ImmutableSurveyRunChangeCommand.java,target/generated-sources,application/query source,31566,786,afba1698be9b9ff55f78dbd8f60e2f6b309dd82dff069102f3af153e32329972
validation,boogiespook/waltz-test,waltz-model/target/generated-sources/annotations/com/khartec/waltz/model/survey/ImmutableSurveyRunCompletionRate.java,target/generated-sources,application/query source,14066,332,916c2ce247e7c1bed81c050706486e322af55e1b486ed1b6fdb6a72c057fd9ec
validation,boogiespook/waltz-test,waltz-model/target/generated-sources/annotations/com/khartec/waltz/model/survey/ImmutableSurveyRunCreateCommand.java,target/generated-sources,application/query source,31566,786,c58952f7c39a6a91f4e4bbaa57284bc12a6a14fdd05f2985531fcdd5768d503b
validation,boogiespook/waltz-test,waltz-model/target/generated-sources/annotations/com/khartec/waltz/model/survey/ImmutableSurveyRunStatusChangeCommand.java,target/generated-sources,application/query source,7562,181,f38890b132c2b60a0d97928b1bc8a214d80e7047a2037537b30b19683c3e83ee
validation,boogiespook/waltz-test,waltz-model/target/generated-sources/annotations/com/khartec/waltz/model/survey/ImmutableSurveyTemplate.java,target/generated-sources,application/query source,25226,663,85f6cec69c8dcb3b945a37384e835cd339634b79fc202f0b07aa2a7e92b4bd55
validation,boogiespook/waltz-test,waltz-model/target/generated-sources/annotations/com/khartec/waltz/model/survey/ImmutableSurveyTemplateChangeCommand.java,target/generated-sources,application/query source,16591,406,e02e06540e7144294b7d00ca03177698f10f9bfec8d9e4e63a09cad2aff302cc
validation,boogiespook/waltz-test,waltz-model/target/generated-sources/annotations/com/khartec/waltz/model/svg/ImmutableSvgDiagram.java,target/generated-sources,application/query source,23887,683,1347462541c1b5c549e4e2b3e0d62a1da42034940e86c4ca06acb90d858b6c9a
validation,boogiespook/waltz-test,waltz-model/target/generated-sources/annotations/com/khartec/waltz/model/system/ImmutableSystemChangeSet.java,target/generated-sources,application/query source,14945,370,9d0461d6a21acaf3ad957ba0a2fa5cc2592fd9ba49654c3fc4699b3bcae1ad84
validation,boogiespook/waltz-test,waltz-model/target/generated-sources/annotations/com/khartec/waltz/model/system/job_log/ImmutableJobLog.java,target/generated-sources,application/query source,18693,494,1f783b379cba05b27dd98285d3e9475fe6b68a56ad1451869eecf03317bea1ac
validation,boogiespook/waltz-test,waltz-model/target/generated-sources/annotations/com/khartec/waltz/model/tally/ImmutableMeasurableRatingTally.java,target/generated-sources,application/query source,10315,281,458e50f31cb1eaf3863f325a3030a74c06e7a4e7474fca49466c3d22794dddf6
validation,boogiespook/waltz-test,waltz-model/target/generated-sources/annotations/com/khartec/waltz/model/tally/ImmutableTally.java,target/generated-sources,application/query source,8163,234,25f868a62f880e4266179879a4ddef61406adc40c99a77c20be1aabd4c06b2a3
validation,boogiespook/waltz-test,waltz-model/target/generated-sources/annotations/com/khartec/waltz/model/tally/ImmutableTallyPack.java,target/generated-sources,application/query source,14880,366,05c9466be16ea7aad494b8b709cceae1d1bc4e64649ed5a6836700bd215729df
validation,boogiespook/waltz-test,waltz-model/target/generated-sources/annotations/com/khartec/waltz/model/taxonomy_management/ImmutableTaxonomyChangeCommand.java,target/generated-sources,application/query source,34992,950,98aada096183d95407b458c99fa96f9d548df35122386e4a6ca7487b5a801b9b
validation,boogiespook/waltz-test,waltz-model/target/generated-sources/annotations/com/khartec/waltz/model/taxonomy_management/ImmutableTaxonomyChangeImpact.java,target/generated-sources,application/query source,15950,379,f298cc5a133c08b91c08bf6001016a54aab4f2b88f6326c3378588aaf8311029
validation,boogiespook/waltz-test,waltz-model/target/generated-sources/annotations/com/khartec/waltz/model/taxonomy_management/ImmutableTaxonomyChangePreview.java,target/generated-sources,application/query source,12459,304,d2a40f80c8bf5b330194bdde4d2fd796878213211040a6b297ff2761abb8aab2
validation,boogiespook/waltz-test,waltz-model/target/generated-sources/annotations/com/khartec/waltz/model/tour/ImmutableTourStep.java,target/generated-sources,application/query source,13866,382,2ee83a0332e0c6f562a8fc2b7d4043a6fcf0eb0b27b050d9f6f9127c2222ce7f
validation,boogiespook/waltz-test,waltz-model/target/generated-sources/annotations/com/khartec/waltz/model/usage_info/ImmutableUsageInfo.java,target/generated-sources,application/query source,10745,284,e31373f9625f0dd61026dbd1455e6fcbb4d2ab27ef82a08999db39f42b7ab6a7
validation,boogiespook/waltz-test,waltz-model/target/generated-sources/annotations/com/khartec/waltz/model/user/ImmutableLoginRequest.java,target/generated-sources,application/query source,8653,229,d982e544fe0cc8083bb744b8b7dd9d1c929af599f735d1f3220361f6febed61f
validation,boogiespook/waltz-test,waltz-model/target/generated-sources/annotations/com/khartec/waltz/model/user/ImmutablePasswordResetRequest.java,target/generated-sources,application/query source,11491,281,19829fe1a093e1d2ac5b3639be5072c3bfd662ec83367be463991064ca0c2d1b
validation,boogiespook/waltz-test,waltz-model/target/generated-sources/annotations/com/khartec/waltz/model/user/ImmutableUser.java,target/generated-sources,application/query source,11530,316,eaf70fe582fbea1e2c86fd24a29a44c2f9910450af6d21a1f2cd1d839f5b81de
validation,boogiespook/waltz-test,waltz-model/target/generated-sources/annotations/com/khartec/waltz/model/user/ImmutableUserPreference.java,target/generated-sources,application/query source,8350,229,bb65744232762dfcdf2bc379c2c3c76dea94bf550cc50d0934d7aba4570f3168
validation,boogiespook/waltz-test,waltz-model/target/generated-sources/annotations/com/khartec/waltz/model/user/ImmutableUserRegistrationRequest.java,target/generated-sources,application/query source,9163,230,dccbfd955c81d23b9a959f55cd173f6ddebe5f0c68afc34f5acf7a4eae74a7bb
validation,boogiespook/waltz-test,waltz-model/target/generated-sources/annotations/com/khartec/waltz/model/user_agent_info/ImmutableUserAgentInfo.java,target/generated-sources,application/query source,18636,474,2f118567d9ca2292fccd2ad33298c0acac0ad8c9c26f76cb106ea1ef1b605ffd
validation,boogiespook/waltz-test,waltz-schema/target/generated-sources/jooq/com/khartec/waltz/schema/tables/AccessLog.java,target/generated-sources,generated schema,4713,154,88f200fc36f5a933eee9bace82320b1dceb870b67491ffcbcc71ab142b5540ba
validation,boogiespook/waltz-test,waltz-schema/target/generated-sources/jooq/com/khartec/waltz/schema/tables/Actor.java,target/generated-sources,generated schema,4808,158,234bfe50f8cd9a8e4d97b9e86bbf3ae23f8cc5cadd3e6e853a50e488b07e5bdd
validation,boogiespook/waltz-test,waltz-schema/target/generated-sources/jooq/com/khartec/waltz/schema/tables/Application.java,target/generated-sources,generated schema,8860,202,a139365bce1ec3b7fa046c622bc5640d9e5ceed2d0304a3a56d4c766c6d485d2
validation,boogiespook/waltz-test,waltz-schema/target/generated-sources/jooq/com/khartec/waltz/schema/tables/ApplicationGroup.java,target/generated-sources,generated schema,5389,157,de140c35d8b089a5859f3439f88e1911ef5fc56e8523b8561ee9c4aa5c5f2463
validation,boogiespook/waltz-test,waltz-schema/target/generated-sources/jooq/com/khartec/waltz/schema/tables/ApplicationGroupEntry.java,target/generated-sources,generated schema,4476,141,90341b88a531f1304c477c701d23bf000fdc665fceee0959d2d12ca365bd8a06
validation,boogiespook/waltz-test,waltz-schema/target/generated-sources/jooq/com/khartec/waltz/schema/tables/ApplicationGroupMember.java,target/generated-sources,generated schema,4827,145,a97d0820eb8f7f81d5a73f60ab7611dbcda273b50af960b067b5213d4e9f2bcc
validation,boogiespook/waltz-test,waltz-schema/target/generated-sources/jooq/com/khartec/waltz/schema/tables/AssessmentDefinition.java,target/generated-sources,generated schema,7059,178,d57c8a5819e2941d9bd07e8dadbcd6acfa5f895407b1300d3c85b445f4bf2bcd
validation,boogiespook/waltz-test,waltz-schema/target/generated-sources/jooq/com/khartec/waltz/schema/tables/AssessmentRating.java,target/generated-sources,generated schema,5756,158,7054200d9e1ac04c7d0278f0ce530948ae6970ac4cda8abe35e35c2dd668d032
validation,boogiespook/waltz-test,waltz-schema/target/generated-sources/jooq/com/khartec/waltz/schema/tables/AssetCost.java,target/generated-sources,generated schema,4094,130,3df8015eb70816ff319eb3c51cb38e6c7276bb78fc0caa427c9707ab79f5cc01
validation,boogiespook/waltz-test,waltz-schema/target/generated-sources/jooq/com/khartec/waltz/schema/tables/AttestationInstance.java,target/generated-sources,generated schema,5547,158,eeb8980ebf114ac54092e8de96b7a7c41cc244c059af5a059748f6c1b29fd2d9
validation,boogiespook/waltz-test,waltz-schema/target/generated-sources/jooq/com/khartec/waltz/schema/tables/AttestationInstanceRecipient.java,target/generated-sources,generated schema,5092,145,538a41dd566fc5e6ea0fb74a17fff25e8aae5a705b03977be0bc2c17744dfe12
validation,boogiespook/waltz-test,waltz-schema/target/generated-sources/jooq/com/khartec/waltz/schema/tables/AttestationRun.java,target/generated-sources,generated schema,7030,186,da9338ea6796eb622ee40316339c1a5ba79a294e87dd0555e4fc22f3bddbe329
validation,boogiespook/waltz-test,waltz-schema/target/generated-sources/jooq/com/khartec/waltz/schema/tables/Attestation_1_11.java,target/generated-sources,generated schema,5622,162,c60a934e41b59e13773b5d6552379f5d58e8cd72ab71cf788ee5ffdc3fde91da
validation,boogiespook/waltz-test,waltz-schema/target/generated-sources/jooq/com/khartec/waltz/schema/tables/AuthoritativeSource.java,target/generated-sources,generated schema,6100,165,43e0ac83ba78734c78e2b9ef77c4936e06042de465da09a1901e375a7e1d3dc9
validation,boogiespook/waltz-test,waltz-schema/target/generated-sources/jooq/com/khartec/waltz/schema/tables/Bookmark.java,target/generated-sources,generated schema,7139,186,ee4d511d085b67928c46518fe79ef062f88afde2575b114211e201a3050304f1
validation,boogiespook/waltz-test,waltz-schema/target/generated-sources/jooq/com/khartec/waltz/schema/tables/ChangeInitiative.java,target/generated-sources,generated schema,7029,174,d1246bb3c645122d9ca1cd5ebcd8173ce98c6fdcd305bc848f3c325d88af23a2
validation,boogiespook/waltz-test,waltz-schema/target/generated-sources/jooq/com/khartec/waltz/schema/tables/ChangeLog.java,target/generated-sources,generated schema,5767,170,fe7d71556c594d07cfc10663e4e244c613a2b3881dcc745744525bce2157fdb3
validation,boogiespook/waltz-test,waltz-schema/target/generated-sources/jooq/com/khartec/waltz/schema/tables/ComplexityScore.java,target/generated-sources,generated schema,4460,142,e6134612e819f818bad0062bba53caa55c416d12aa987f740812c5e7d787f25f
validation,boogiespook/waltz-test,waltz-schema/target/generated-sources/jooq/com/khartec/waltz/schema/tables/DataType.java,target/generated-sources,generated schema,5033,153,80216ae96173787bd949a0994adb4d6e97182cee7d8bbb2aa66fc4ca9d1d70b3
validation,boogiespook/waltz-test,waltz-schema/target/generated-sources/jooq/com/khartec/waltz/schema/tables/DataTypeUsage.java,target/generated-sources,generated schema,5289,153,64eed9429bb63a048bcbaa2ff1f70ae6c1e8c5cd53fef25d7ab0573a3d443a21
validation,boogiespook/waltz-test,waltz-schema/target/generated-sources/jooq/com/khartec/waltz/schema/tables/DatabaseInformation.java,target/generated-sources,generated schema,7509,182,c11b0f6ff7bb07c5892cf1ff90b5bc61d0a41b98fbde748066a8aaa361ea6413
validation,boogiespook/waltz-test,waltz-schema/target/generated-sources/jooq/com/khartec/waltz/schema/tables/DrillGridDefinition.java,target/generated-sources,generated schema,5854,162,6ecb6da1ec11591556dced8401f9a7829ba3ea1816b83484bb78823e05e7002d
validation,boogiespook/waltz-test,waltz-schema/target/generated-sources/jooq/com/khartec/waltz/schema/tables/EndUserApplication.java,target/generated-sources,generated schema,5844,145,1990f2029516a4ab5d2c4b834872aec4a10d18a7eb100c2c7438c8728c3ee696
validation,boogiespook/waltz-test,waltz-schema/target/generated-sources/jooq/com/khartec/waltz/schema/tables/EntityAlias.java,target/generated-sources,generated schema,4050,137,d5ba0212a06d99cba09abfec79180dedf05ab4943d45feaa77935dca6f7b5805
validation,boogiespook/waltz-test,waltz-schema/target/generated-sources/jooq/com/khartec/waltz/schema/tables/EntityEnumDefinition.java,target/generated-sources,generated schema,6317,165,e5ce9504fb7ca4b6367460692552ce775673fc7830692b6b8b063802e11ddf97
validation,boogiespook/waltz-test,waltz-schema/target/generated-sources/jooq/com/khartec/waltz/schema/tables/EntityEnumValue.java,target/generated-sources,generated schema,4615,127,104af7b6aae0b8b141a4627a60315974ccfd0e3c7eddd23560a1c5095869e994
validation,boogiespook/waltz-test,waltz-schema/target/generated-sources/jooq/com/khartec/waltz/schema/tables/EntityHierarchy.java,target/generated-sources,generated schema,4028,125,e21d707e54ad557f9457ee256347f53bbdf7f4ecea1c1cf8fee90ad7e657ad1a
validation,boogiespook/waltz-test,waltz-schema/target/generated-sources/jooq/com/khartec/waltz/schema/tables/EntityNamedNote.java,target/generated-sources,generated schema,5368,154,27a20de7a52141ae93d39d94478cac518db004b706e55ce7123ea6208bac96cc
validation,boogiespook/waltz-test,waltz-schema/target/generated-sources/jooq/com/khartec/waltz/schema/tables/EntityNamedNoteType.java,target/generated-sources,generated schema,5238,153,67345739e1fcb1512f7ff784f6a8ce3556081815ab811ffa493789c0dc94f4f7
validation,boogiespook/waltz-test,waltz-schema/target/generated-sources/jooq/com/khartec/waltz/schema/tables/EntityRelationship.java,target/generated-sources,generated schema,6225,162,819bbd44c63d17d5b4397a3f3a97d11295c1d9f96e405fbc35330d85ce98840b
validation,boogiespook/waltz-test,waltz-schema/target/generated-sources/jooq/com/khartec/waltz/schema/tables/EntityStatisticDefinition.java,target/generated-sources,generated schema,7645,177,e02fedf187dac08bb19a795f7e891bdd00e320f92ce3b18dd1be08185ff6202f
validation,boogiespook/waltz-test,waltz-schema/target/generated-sources/jooq/com/khartec/waltz/schema/tables/EntityStatisticValue.java,target/generated-sources,generated schema,7051,178,5ec3a4b626c13312eefa0c364a79e61cd4e3e32ae1692967903bf5cea96bbed1
validation,boogiespook/waltz-test,waltz-schema/target/generated-sources/jooq/com/khartec/waltz/schema/tables/EntitySvgDiagram.java,target/generated-sources,generated schema,5780,165,57dd4b4850e488192eb93a738bf41787801929e7b25314e143c38947d7d4d873
validation,boogiespook/waltz-test,waltz-schema/target/generated-sources/jooq/com/khartec/waltz/schema/tables/EntityTag.java,target/generated-sources,generated schema,4836,150,408fcfe8c0291671e0c1e38ee7649ebafb16a869c7c433540724ed7dc5fec439
validation,boogiespook/waltz-test,waltz-schema/target/generated-sources/jooq/com/khartec/waltz/schema/tables/EntityWorkflowDefinition.java,target/generated-sources,generated schema,4854,145,538f139799dc0a304350637c6f0adb013ab85a498c4bb9dbb6f627ff8032cd0c
validation,boogiespook/waltz-test,waltz-schema/target/generated-sources/jooq/com/khartec/waltz/schema/tables/EntityWorkflowState.java,target/generated-sources,generated schema,5139,131,8d0949f72a0a22ff108fcad17f7991f5c431a5ceb5900724aa4f3162618ae164
validation,boogiespook/waltz-test,waltz-schema/target/generated-sources/jooq/com/khartec/waltz/schema/tables/EntityWorkflowTransition.java,target/generated-sources,generated schema,5697,135,50379ec410e6a54ff587e4d72da3280062720cedde999892c3ade99e15147756
validation,boogiespook/waltz-test,waltz-schema/target/generated-sources/jooq/com/khartec/waltz/schema/tables/EnumValue.java,target/generated-sources,generated schema,4977,149,8d3d7a12a9b202c51b19965bb01437df4d1e06f4c459b84bc90e8b4cd4993b02
validation,boogiespook/waltz-test,waltz-schema/target/generated-sources/jooq/com/khartec/waltz/schema/tables/FlowDiagram.java,target/generated-sources,generated schema,5546,163,295df6cacb5a913c6d7f9b33ef8f08f445a144176217e0ad5d29c878d3e4a2f9
validation,boogiespook/waltz-test,waltz-schema/target/generated-sources/jooq/com/khartec/waltz/schema/tables/FlowDiagramAnnotation.java,target/generated-sources,generated schema,5054,145,532139b51907d87f5ec918aad12d9d6d561fd4243e7f31aa8910d26291554500
validation,boogiespook/waltz-test,waltz-schema/target/generated-sources/jooq/com/khartec/waltz/schema/tables/FlowDiagramEntity.java,target/generated-sources,generated schema,4630,141,21b5444d63d9d8f9215fb4bfd9d1ce6b15ddea70dbb327908fe2ab24ffc78600
validation,boogiespook/waltz-test,waltz-schema/target/generated-sources/jooq/com/khartec/waltz/schema/tables/Involvement.java,target/generated-sources,generated schema,4125,129,4ee9145dd2a265faf0194703d1477ac86912c7a5178a1968280c12632d7c3b4b
validation,boogiespook/waltz-test,waltz-schema/target/generated-sources/jooq/com/khartec/waltz/schema/tables/InvolvementKind.java,target/generated-sources,generated schema,5035,154,c23bf49967a0ed59314f01cb920d6309ce5b1f4b6948003548dcd1d44eee0727
validation,boogiespook/waltz-test,waltz-schema/target/generated-sources/jooq/com/khartec/waltz/schema/tables/LogicalDataElement.java,target/generated-sources,generated schema,5725,161,bd9b0be350e4928118bd3287f620ead1cc0cb4f4c9bf5eab93b99d2327315b0f
validation,boogiespook/waltz-test,waltz-schema/target/generated-sources/jooq/com/khartec/waltz/schema/tables/LogicalFlow.java,target/generated-sources,generated schema,7037,182,2ae043023f31d8cc627b1165bb246ade6b2666e73d8316c626ced09eee5fd90c
validation,boogiespook/waltz-test,waltz-schema/target/generated-sources/jooq/com/khartec/waltz/schema/tables/LogicalFlowDecorator.java,target/generated-sources,generated schema,5854,154,aa6c8d4054a2ab0c46cd0c8ee865f526897355069529010c69f53b89eca39fce
validation,boogiespook/waltz-test,waltz-schema/target/generated-sources/jooq/com/khartec/waltz/schema/tables/Measurable.java,target/generated-sources,generated schema,6554,178,617cc478a5e2a95f913a43e1d8e0ed17c9f564d89f774b8911a685c58ca101b3
validation,boogiespook/waltz-test,waltz-schema/target/generated-sources/jooq/com/khartec/waltz/schema/tables/MeasurableCategory.java,target/generated-sources,generated schema,6001,166,19b3fb2f40b67e1b129a55bd5bfa12a70e7cac5f7b0f9812b4ff9488bb8cbbcd
validation,boogiespook/waltz-test,waltz-schema/target/generated-sources/jooq/com/khartec/waltz/schema/tables/MeasurableRating.java,target/generated-sources,generated schema,6139,163,11d84d5ba0761abd65890b05401d1988fe271626c68e5c98d2759e88cf41bd17
validation,boogiespook/waltz-test,waltz-schema/target/generated-sources/jooq/com/khartec/waltz/schema/tables/OrganisationalUnit.java,target/generated-sources,generated schema,5692,154,efe1e0873becadb3505a65ee654019dfbac0e089eaf686c5ea9bcaaabf460264
validation,boogiespook/waltz-test,waltz-schema/target/generated-sources/jooq/com/khartec/waltz/schema/tables/Person.java,target/generated-sources,generated schema,6956,185,821052d34c0b8f93a34acd5270963aeaffb82927f20141d0278f8b69d4c77d89
validation,boogiespook/waltz-test,waltz-schema/target/generated-sources/jooq/com/khartec/waltz/schema/tables/PersonHierarchy.java,target/generated-sources,generated schema,4255,137,2197246ce552b3f4cc3b062a0bc31269daedce028b93b75200f1db4b4bfbe851
validation,boogiespook/waltz-test,waltz-schema/target/generated-sources/jooq/com/khartec/waltz/schema/tables/PerspectiveDefinition.java,target/generated-sources,generated schema,5367,157,a1ab22997f465acda04a70404a9456ef9c5453601740c8291e61d4f53b08ab7c
validation,boogiespook/waltz-test,waltz-schema/target/generated-sources/jooq/com/khartec/waltz/schema/tables/PerspectiveRating.java,target/generated-sources,generated schema,5502,154,1278380864c8bc19deb79568da8a3a024c264bc37fcb42c5351708beb50a1565
validation,boogiespook/waltz-test,waltz-schema/target/generated-sources/jooq/com/khartec/waltz/schema/tables/PhysicalFlow.java,target/generated-sources,generated schema,8068,198,8e2fbe9a4844507ea8d3e7fb9d5a95ed1e4809277d1c47384ee4a7bb7a613350
validation,boogiespook/waltz-test,waltz-schema/target/generated-sources/jooq/com/khartec/waltz/schema/tables/PhysicalSpecDataType.java,target/generated-sources,generated schema,5148,146,f1b8f086a89ebf355b6a25ed016c1f934731bbb355d5caa2ebeb0daff2b778fa
validation,boogiespook/waltz-test,waltz-schema/target/generated-sources/jooq/com/khartec/waltz/schema/tables/PhysicalSpecDefn.java,target/generated-sources,generated schema,6877,178,5a86875893e215ba8cb7a0eec1b4d2eaceb2a565b961fc78212f54b59c563885
validation,boogiespook/waltz-test,waltz-schema/target/generated-sources/jooq/com/khartec/waltz/schema/tables/PhysicalSpecDefnField.java,target/generated-sources,generated schema,6497,170,aeb401761eb3fb0c101dc5f28471b99f05633d2d4a3aa46377a25db606c42275
validation,boogiespook/waltz-test,waltz-schema/target/generated-sources/jooq/com/khartec/waltz/schema/tables/PhysicalSpecDefnSampleFile.java,target/generated-sources,generated schema,5263,149,08320f39402811cf7ea062a56ceba80bae9d36b1ec89c5630557942a49ce57d7
validation,boogiespook/waltz-test,waltz-schema/target/generated-sources/jooq/com/khartec/waltz/schema/tables/PhysicalSpecification.java,target/generated-sources,generated schema,7094,178,cbf41113586a011fa31ad997803519c3309e13c727cb583eb7a378b21a8cfd17
validation,boogiespook/waltz-test,waltz-schema/target/generated-sources/jooq/com/khartec/waltz/schema/tables/Process.java,target/generated-sources,generated schema,4479,130,93a8aa2ffe61551910361b709a5610f1ca87976d8004b56b2e60eb6513e7a929
validation,boogiespook/waltz-test,waltz-schema/target/generated-sources/jooq/com/khartec/waltz/schema/tables/RatingScheme.java,target/generated-sources,generated schema,4217,145,a7cee0e18d96c251e206749ef612cf14b96b0f8a6afe04910671c4aaf354ded6
validation,boogiespook/waltz-test,waltz-schema/target/generated-sources/jooq/com/khartec/waltz/schema/tables/RatingSchemeItem.java,target/generated-sources,generated schema,6254,169,e32d90dda347f17fee11bf5b217fdc052b85987719ff4e8a8ebe57218cb271dd
validation,boogiespook/waltz-test,waltz-schema/target/generated-sources/jooq/com/khartec/waltz/schema/tables/Roadmap.java,target/generated-sources,generated schema,6154,178,4d782ab5ab5ed0dfdf52af7c7239abb934a609f65c200b3f0a2150d91508bf73
validation,boogiespook/waltz-test,waltz-schema/target/generated-sources/jooq/com/khartec/waltz/schema/tables/Scenario.java,target/generated-sources,generated schema,6138,175,90aec0175a655ec5c141a112ba5b7fe68177263fbafec4fc7f2909ef17e2916f
validation,boogiespook/waltz-test,waltz-schema/target/generated-sources/jooq/com/khartec/waltz/schema/tables/ScenarioAxisItem.java,target/generated-sources,generated schema,5529,157,c833c37a640363bc41664e8d55eb818ad3f7833260e042d56bd15dcaa3e03ca4
validation,boogiespook/waltz-test,waltz-schema/target/generated-sources/jooq/com/khartec/waltz/schema/tables/ScenarioRatingItem.java,target/generated-sources,generated schema,7182,182,a206e09edb9bb0fb5816f79c239c6ec1f78fcdd40ff6b7930150467db9ef21f0
validation,boogiespook/waltz-test,waltz-schema/target/generated-sources/jooq/com/khartec/waltz/schema/tables/ServerInformation.java,target/generated-sources,generated schema,7511,186,ab8f055bd85486a8dcc482f18fc382535aee9a52da6e9d00b2c2dbbb69c8fd95
validation,boogiespook/waltz-test,waltz-schema/target/generated-sources/jooq/com/khartec/waltz/schema/tables/Settings.java,target/generated-sources,generated schema,3986,137,c8e734b10f5e8988809de4c0204a4c672c22af883f17549fa900eb1b23c40253
validation,boogiespook/waltz-test,waltz-schema/target/generated-sources/jooq/com/khartec/waltz/schema/tables/SharedPreference.java,target/generated-sources,generated schema,4855,146,8e165572c45aa7a165f017044e2547481e902b830e1941167b29de71a338eae2
validation,boogiespook/waltz-test,waltz-schema/target/generated-sources/jooq/com/khartec/waltz/schema/tables/SoftwarePackage.java,target/generated-sources,generated schema,6135,169,59f3e19b37aaba29af3298d9d3687eebee15ae1d5d832a8884b8f44fce654756
validation,boogiespook/waltz-test,waltz-schema/target/generated-sources/jooq/com/khartec/waltz/schema/tables/SoftwareUsage.java,target/generated-sources,generated schema,3492,110,a4ed88ebe305f362f2e94e462672c741fbb4ee07fa884307fad862a754938236
validation,boogiespook/waltz-test,waltz-schema/target/generated-sources/jooq/com/khartec/waltz/schema/tables/SourceDataRating.java,target/generated-sources,generated schema,5338,150,e925bdc135fac829950d0912002dc2d68e57cd012ba9fbf986b29f799040e0dc
validation,boogiespook/waltz-test,waltz-schema/target/generated-sources/jooq/com/khartec/waltz/schema/tables/StaticPanel.java,target/generated-sources,generated schema,5535,165,164b57593029ed388d70ef1a8f820b114b2e38a943f0002d825ea511bd794ce2
validation,boogiespook/waltz-test,waltz-schema/target/generated-sources/jooq/com/khartec/waltz/schema/tables/SurveyInstance.java,target/generated-sources,generated schema,6729,179,274894bb8c32400ca171d0ef156b10e7556434e752883cb6e3b2d4badeb32d2f
validation,boogiespook/waltz-test,waltz-schema/target/generated-sources/jooq/com/khartec/waltz/schema/tables/SurveyInstanceRecipient.java,target/generated-sources,generated schema,4857,145,27b18c02965c581c52b1b4982174852ef344c78e2dce0083c604dfd4521e0116
validation,boogiespook/waltz-test,waltz-schema/target/generated-sources/jooq/com/khartec/waltz/schema/tables/SurveyQuestion.java,target/generated-sources,generated schema,5947,169,a1f6d6f25276199d7b0eae4e7361c41a209d3ea8bf25390644ddea859f41e563
validation,boogiespook/waltz-test,waltz-schema/target/generated-sources/jooq/com/khartec/waltz/schema/tables/SurveyQuestionDropdownEntry.java,target/generated-sources,generated schema,5231,149,6f22d515208619bad7d7c6cc1d448bf4f07707b6bd3209b089dda2940fe0eb27
validation,boogiespook/waltz-test,waltz-schema/target/generated-sources/jooq/com/khartec/waltz/schema/tables/SurveyQuestionResponse.java,target/generated-sources,generated schema,7254,172,62a7c4ce19a19234d742bd1e8787acbd45dd5ef196d9f36b9d7c9463492c0371
validation,boogiespook/waltz-test,waltz-schema/target/generated-sources/jooq/com/khartec/waltz/schema/tables/SurveyRun.java,target/generated-sources,generated schema,6962,190,82024c9d9c575068b2184c01daea4028366b46f816be2d069ec2ca8b6540358c
validation,boogiespook/waltz-test,waltz-schema/target/generated-sources/jooq/com/khartec/waltz/schema/tables/SurveyTemplate.java,target/generated-sources,generated schema,5555,162,9190c3a80e91f29454067efb3d7120c5b7af3a1e1d95d5f7d0932753c4dcdcc3
validation,boogiespook/waltz-test,waltz-schema/target/generated-sources/jooq/com/khartec/waltz/schema/tables/SvgDiagram.java,target/generated-sources,generated schema,5461,165,20e74bd4a9983575ea252a10cc26a7dedd8b2fa98e4d56c23501a326d2101a30
validation,boogiespook/waltz-test,waltz-schema/target/generated-sources/jooq/com/khartec/waltz/schema/tables/SystemJobLog.java,target/generated-sources,generated schema,4988,150,85485d434f59025142f37fbbc83bd834ea1224cf16367abc68c40e249fe88027
validation,boogiespook/waltz-test,waltz-schema/target/generated-sources/jooq/com/khartec/waltz/schema/tables/Tour.java,target/generated-sources,generated schema,4208,145,21eae60a436879b6c292453b35c3553ad07eec3490860ccc3cdd2c3cdb93cbf1
validation,boogiespook/waltz-test,waltz-schema/target/generated-sources/jooq/com/khartec/waltz/schema/tables/User.java,target/generated-sources,generated schema,3488,133,e1a9b085910a5d4a81ea6780fe16db8576f29881e9908f4b9e5f2b9aa89c088d
validation,boogiespook/waltz-test,waltz-schema/target/generated-sources/jooq/com/khartec/waltz/schema/tables/UserAgentInfo.java,target/generated-sources,generated schema,5416,162,fbc3aa05a3590e433f8348dceecb20930557852b852ba31195c90f7e5693c1f7
validation,boogiespook/waltz-test,waltz-schema/target/generated-sources/jooq/com/khartec/waltz/schema/tables/UserPreference.java,target/generated-sources,generated schema,4111,137,41b1e0ee49e5aed78f5126d0c86b4087f4c0ca57363e36f7ebe13523c069b6d5
validation,boogiespook/waltz-test,waltz-schema/target/generated-sources/jooq/com/khartec/waltz/schema/tables/UserRole.java,target/generated-sources,generated schema,3528,126,f1ce0f325e05072bd0a759625a7de06870d4d5fa062fb42caa93fd19c87bd7ad
validation,boogiespook/waltz-test,waltz-service/src/main/java/com/khartec/waltz/service/DIConfiguration.java,src,application/query source,7726,185,be7f9855ff82c87898fa91d1b2f1c6209689827e43773738c8f25c99eb48551b
validation,boogiespook/waltz-test,waltz-service/src/main/java/com/khartec/waltz/service/SlowQueryListener.java,src,application/query source,1890,44,68f48090e9c62192f05f52985c37167786f2f288d424b283ec9e00d3b702eda5
validation,boogiespook/waltz-test,waltz-service/src/main/java/com/khartec/waltz/service/app_group/AppGroupSubscription.java,src,application/query source,1400,31,b8a3c896b6f155a49b3115694311b7d4bc259cf1deaa9e0a13d18880be67d51c
validation,boogiespook/waltz-test,waltz-service/src/main/java/com/khartec/waltz/service/app_view/AppViewService.java,src,application/query source,4905,93,d7f46592492ded59b6d0e6f3d179dbae5992e0d724c3895fdb9c62968c359725
validation,boogiespook/waltz-test,waltz-service/src/main/java/com/khartec/waltz/service/application/ApplicationService.java,src,application/query source,7136,146,f5e57a58d5856e8994f3b362146174793d3a4c42ac0e49a6b32464fda33a9761
validation,boogiespook/waltz-test,waltz-service/src/main/java/com/khartec/waltz/service/asset_cost/AssetCostService.java,src,application/query source,4332,90,5530afc709be2dc62808a43c8d95d2878f7f4e0d39d6f1b92b81f31b25f2aec1
validation,boogiespook/waltz-test,waltz-service/src/main/java/com/khartec/waltz/service/attestation/AttestationRunService.java,src,application/query source,9702,179,1ae09be491a91902ed5f8a8b5f8f5d5815f8e307483150dacb2cf6fbc9785898
validation,boogiespook/waltz-test,waltz-service/src/main/java/com/khartec/waltz/service/authoritative_source/AuthSourceRatingCalculator.java,src,application/query source,5957,115,6e22782a5f3ed57716cda6c1745f626661ae8e7d0dab1e1e0337cfb8695ae45f
validation,boogiespook/waltz-test,waltz-service/src/main/java/com/khartec/waltz/service/authoritative_source/AuthoritativeSourceService.java,src,application/query source,16366,299,9c866a56d0d136aac73e9f3f91c6d0f5d54dd9138df534aef62a9fc410135035
validation,boogiespook/waltz-test,waltz-service/src/main/java/com/khartec/waltz/service/changelog/ChangeLogService.java,src,application/query source,4962,100,c07d37a088c713100b95850c0ff5df819710f4e1320d9eb80cfeb6a291b349bb
validation,boogiespook/waltz-test,waltz-service/src/main/java/com/khartec/waltz/service/complexity/ComplexityRatingService.java,src,application/query source,5938,107,306887d690fe830f2df85a118de3c67c1c524adb5753a97c37d128f987323147
validation,boogiespook/waltz-test,waltz-service/src/main/java/com/khartec/waltz/service/complexity/ConnectionComplexityService.java,src,application/query source,2536,55,dea5e3fde03cc1ed4bbcd7784b89a2924d014e10646d649f1ec648172e12e659
validation,boogiespook/waltz-test,waltz-service/src/main/java/com/khartec/waltz/service/complexity/MeasurableComplexityService.java,src,application/query source,2461,52,436872538ac12ef0470187bb9f7558e156911c9b2a888d18fcafee206bb1916d
validation,boogiespook/waltz-test,waltz-service/src/main/java/com/khartec/waltz/service/complexity/ServerComplexityService.java,src,application/query source,2292,51,196c33f3c525f5dc4f00dbecd67d0f1fa7acb2c076ca1147beeed15318fe17f8
validation,boogiespook/waltz-test,waltz-service/src/main/java/com/khartec/waltz/service/data_flow_decorator/LogicalFlowDecoratorService.java,src,application/query source,15710,288,53c72e17149dfd8198716e6e4d714fe47f891eab6648ab677404946bd4cd831f
validation,boogiespook/waltz-test,waltz-service/src/main/java/com/khartec/waltz/service/end_user_app/EndUserAppService.java,src,application/query source,2626,53,f335e5fcd70664a2eb2988569bb1a5b488ff2e40964875993e938e26562cdac1
validation,boogiespook/waltz-test,waltz-service/src/main/java/com/khartec/waltz/service/entity_hierarchy/EntityHierarchyService.java,src,application/query source,10104,202,b0fe455600652bdbe85dafc1320522c71c4ff921a99b9dac9447e4d20cf7d465
validation,boogiespook/waltz-test,waltz-service/src/main/java/com/khartec/waltz/service/entity_relationship/EntityRelationshipUtilities.java,src,application/query source,3268,65,ca98a653053e0001d0f310f38ba517166b68672f5395616842b0f1ffe760814e
validation,boogiespook/waltz-test,waltz-service/src/main/java/com/khartec/waltz/service/entity_search/EntitySearchService.java,src,application/query source,7639,138,9abbf78c18638ac6c41179d891fdc8d16985c749613845086ff7a5c9f572597a
validation,boogiespook/waltz-test,waltz-service/src/main/java/com/khartec/waltz/service/entity_statistic/EntityStatisticService.java,src,application/query source,8884,159,a506ee8cb0a8719636cf25b2d27837dcf116c63998036f29560d7ad3cef570c4
validation,boogiespook/waltz-test,waltz-service/src/main/java/com/khartec/waltz/service/flow_diagram/FlowDiagramEntityService.java,src,application/query source,3600,73,352c842b92c164fe30abf5e0215257b6898fa81100154bf222858f4df237dcfb
validation,boogiespook/waltz-test,waltz-service/src/main/java/com/khartec/waltz/service/flow_diagram/FlowDiagramService.java,src,application/query source,21798,409,b46c75dba518d7a8b41e12a5a2e09c6e61c34c4e2f2478c14beafe02a01d3c32
validation,boogiespook/waltz-test,waltz-service/src/main/java/com/khartec/waltz/service/logical_data_element/LogicalDataElementService.java,src,application/query source,2511,45,bcba0a5972dd1d20afc735d2a3dadfe685376cc37686bafd20617aea25d7b19f
validation,boogiespook/waltz-test,waltz-service/src/main/java/com/khartec/waltz/service/logical_flow/LogicalFlowService.java,src,application/query source,12600,259,7268f7407c9103fd50066da76417affc89d6df53d2b6ade050e33b12c5b74bf6
validation,boogiespook/waltz-test,waltz-service/src/main/java/com/khartec/waltz/service/measurable/MeasurableService.java,src,application/query source,3976,83,38be841eef27223e04b07c61eb12bd6d1f3298763c7b08c17eca618d3e84f4b9
validation,boogiespook/waltz-test,waltz-service/src/main/java/com/khartec/waltz/service/measurable_rating/MeasurableRatingService.java,src,application/query source,8698,166,628f6b3894f58fbaebecbffcd7c08293d0a730053497c90d12447e5646de0c7a
validation,boogiespook/waltz-test,waltz-service/src/main/java/com/khartec/waltz/service/orgunit/OrganisationalUnitService.java,src,application/query source,7621,154,c12198a82a6d0aa3d80080eacef182b341b81e57295e13940ee9f7e13d46cc09
validation,boogiespook/waltz-test,waltz-service/src/main/java/com/khartec/waltz/service/person_hierarchy/PersonHierarchyService.java,src,application/query source,4151,93,af7340cc928779a7aa49580d134d50368e671d8e35b22d4aaaa059d155b9c798
validation,boogiespook/waltz-test,waltz-service/src/main/java/com/khartec/waltz/service/physical_flow/PhysicalFlowService.java,src,application/query source,15414,294,08f80ffedb5f14bc281c048020a8ca2cb10c60d3c347ad4465ea8fce00ea8793
validation,boogiespook/waltz-test,waltz-service/src/main/java/com/khartec/waltz/service/physical_specification/PhysicalSpecificationService.java,src,application/query source,6253,122,a2cd894f2969b02aee2b03c28767056b2ded7fc53ccd45348f486c14737e2373
validation,boogiespook/waltz-test,waltz-service/src/main/java/com/khartec/waltz/service/physical_specification_data_type/PhysicalSpecDataTypeService.java,src,application/query source,7909,139,6ae56f9250ca3006b33dd363bc99a52aeae007ba3786badde814d8fb7f16fd16
validation,boogiespook/waltz-test,waltz-service/src/main/java/com/khartec/waltz/service/physical_specification_definition/PhysicalSpecDefinitionFieldService.java,src,application/query source,5931,109,213e0bb1ec44817eafc75085c689e73239eb2ed1264ccf2be8731956cac8efa0
validation,boogiespook/waltz-test,waltz-service/src/main/java/com/khartec/waltz/service/physical_specification_definition/PhysicalSpecDefinitionService.java,src,application/query source,9266,152,efa426a0f0879b73426a63e1b55a1c1e4a142ce0e7b34971111e4c0675b5b822
validation,boogiespook/waltz-test,waltz-service/src/main/java/com/khartec/waltz/service/roadmap/RoadmapService.java,src,application/query source,6743,132,623c1e807d1270cce134a8025e5588f33ddf247494e4c5c921f0f54d7bdde127
validation,boogiespook/waltz-test,waltz-service/src/main/java/com/khartec/waltz/service/scenario/ScenarioService.java,src,application/query source,6428,118,513b9fe61d03b6daed9dc3c1f44cd38c19c08f141bf99d97ff40cc73ea908ed0
validation,boogiespook/waltz-test,waltz-service/src/main/java/com/khartec/waltz/service/server_information/ServerInformationService.java,src,application/query source,2534,52,e44916b89a4e99d6860e507474f94706a7d7fa036e591f28da1b1b1aefd906b9
validation,boogiespook/waltz-test,waltz-service/src/main/java/com/khartec/waltz/service/software_catalog/SoftwareCatalogService.java,src,application/query source,4266,87,26448303e841e1a03b2f1163c9cab498d92236c0b32013b9ddf058a591df272b
validation,boogiespook/waltz-test,waltz-service/src/main/java/com/khartec/waltz/service/survey/SurveyInstanceIdSelectorFactory.java,src,application/query source,3921,81,b5ed5ad0b5e8a461531d37d7e48902a38b8d54b98819c260db1975bf90a2e268
validation,boogiespook/waltz-test,waltz-service/src/main/java/com/khartec/waltz/service/survey/SurveyInstanceService.java,src,application/query source,10764,189,ae82a54035fb1542941f8e166fefd1ea0fdcda8ca208ce17d924f0e653b1715e
validation,boogiespook/waltz-test,waltz-service/src/main/java/com/khartec/waltz/service/survey/SurveyRunService.java,src,application/query source,15335,283,46a007a2041852b827f807482e53852aa0459a1863b3cee7b1ec59e7982d9680
validation,boogiespook/waltz-test,waltz-service/src/main/java/com/khartec/waltz/service/svg/SvgDiagramService.java,src,application/query source,2836,64,80970f0fa60e550b0e362176f5b6258e63c2f14ec427b49fa014bdada02d4773
validation,boogiespook/waltz-test,waltz-service/src/main/java/com/khartec/waltz/service/usage_info/DataTypeUsageService.java,src,application/query source,6932,133,67df838d6e3cc3770d6bab62b11b3084ee146cf58049495caab2415b518ff21a
validation,boogiespook/waltz-test,waltz-service/src/test/java/com/khartec/waltz/service/usage_info/UsageInfoUtilitiesTest.java,src,application/query source,5479,114,765abb155197bb77b8aae6364bb2eabe66c42fb2697c7e235cc985292a674b58
validation,boogiespook/waltz-test,waltz-service/target/generated-sources/annotations/com/khartec/waltz/service/app_group/ImmutableAppGroupSubscription.java,target/generated-sources,application/query source,9123,234,4504fd3dc9d95fa2ef54ef07d6e1c007355ae9d2a8639ef2329611d555e61355
validation,boogiespook/waltz-test,waltz-web/src/main/java/com/khartec/waltz/web/action/AppChangeAction.java,src,application/query source,1346,31,715cdd3223c15927b120b32139749206161090c350973d05780866135eed0231
validation,boogiespook/waltz-test,waltz-web/src/main/java/com/khartec/waltz/web/action/CreateBookmarkAction.java,src,application/query source,1276,29,6e88aa155abfe6eb04f902863dbfbaa1a4e5bdf82a394530f76bd070ad88119d
validation,boogiespook/waltz-test,waltz-web/src/main/java/com/khartec/waltz/web/action/FieldChange.java,src,application/query source,1727,43,1d47ca475d27c4e1e9220b68561f92578b7a18ded60840d338e9142fb4cd5b03
validation,boogiespook/waltz-test,waltz-web/src/main/java/com/khartec/waltz/web/action/UpdateAppCapabilitiesAction.java,src,application/query source,1406,32,c31cdef67759f2d53dddef9b18db332ea0ebe81722a06620fcd8f3bf54567e75
validation,boogiespook/waltz-test,waltz-web/src/main/java/com/khartec/waltz/web/action/UpdatePhysicalSpecDataTypesAction.java,src,application/query source,1400,31,893a80e26557fc7d92e8375c04751d8f3a12fbf655f7adfd0e210947e1901677
validation,boogiespook/waltz-test,waltz-web/src/main/java/com/khartec/waltz/web/endpoints/api/AssetCostEndpoint.java,src,application/query source,4447,81,d19738a6ef37b7a5222219274bb0938cdb55b1bdc40f5d7749ff8e36a49632d2
validation,boogiespook/waltz-test,waltz-web/src/main/java/com/khartec/waltz/web/endpoints/api/LogicalFlowEndpoint.java,src,application/query source,8427,153,82ac2341aa5daca33998ae9441fb4bb2d7e8f4ae9635900c7415ff59dfaa2c1d
validation,boogiespook/waltz-test,waltz-web/src/main/java/com/khartec/waltz/web/endpoints/extracts/AttestationExtractor.java,src,application/query source,4302,90,106a93a44ad88c090b67fe445911c198b72db8773d6b83805debc0eba670fea8
validation,boogiespook/waltz-test,waltz-web/src/main/java/com/khartec/waltz/web/endpoints/extracts/BaseDataExtractor.java,src,application/query source,2044,45,7a6028661fa4ea77097c0161673d65fac240de5524052d40ab1a2726408fb597
validation,boogiespook/waltz-test,waltz-web/src/main/java/com/khartec/waltz/web/endpoints/extracts/LogicalFlowExtractor.java,src,application/query source,8760,162,c153ca88d5a6cfe5504c9e83d5c5f1d249ba5a10c2281973b937ecf4b9d169ab
validation,boogiespook/waltz-test,waltz-web/src/main/java/com/khartec/waltz/web/endpoints/extracts/MeasurableCategoryExtractor.java,src,application/query source,4932,108,cdd066de898b8466d0a282694bb8517a56254038fda711c2d9126599fb28313b
validation,boogiespook/waltz-test,waltz-web/src/main/java/com/khartec/waltz/web/endpoints/extracts/OrgUnitExtractor.java,src,application/query source,2782,67,90357d3126884d8ffbe15b6bc38dcd90d01677fc446a94c9ea5cecfe1b68df15
validation,boogiespook/waltz-test,waltz-web/src/main/java/com/khartec/waltz/web/endpoints/extracts/ScenarioExtractor.java,src,application/query source,5924,121,1e264639a4c7ed18f7bb7ab9e27dd1630bebe612b41830139b24693cec3454ea
validation,boogiespook/waltz-test,waltz-web/src/main/java/com/khartec/waltz/web/json/ApplicationDatabases.java,src,application/query source,1388,31,3994d02eb69647397c1683ac7606d5b9492815a157d756c9750022860fb5a169
validation,boogiespook/waltz-test,waltz-web/src/main/java/com/khartec/waltz/web/json/BrowserInfo.java,src,application/query source,1250,29,2a2bf6f1146f4e499675e6652e64e6c43a4e4aee907c9c722e30d83abda8fea2
validation,boogiespook/waltz-test,waltz-web/src/main/java/com/khartec/waltz/web/json/EntityStatisticQueryOptions.java,src,application/query source,1384,31,058d0166a49bc5deaee0482cb108924907f42acc1f8dc5e120cdc3a3d941a3ae
validation,boogiespook/waltz-test,waltz-web/src/main/java/com/khartec/waltz/web/json/FullScenario.java,src,application/query source,817,18,e53bb52ced21927d3cc24ec58f0dfe291456c11d0a9e23ac635ac2ba7342e76a
validation,boogiespook/waltz-test,waltz-web/src/main/java/com/khartec/waltz/web/json/SharedPreferenceKeyAndCategory.java,src,application/query source,487,11,80d75f4d759557e061ce82651a6afd59ef6653135feb9e63674c82e290c891b0
validation,boogiespook/waltz-test,waltz-web/src/main/java/com/khartec/waltz/web/json/SurveyQuestionInfo.java,src,application/query source,1475,33,e12d5f1e521611b1fb74edd40cdc6fa9d677b8f2471f4f049b6acfec8c797b07
validation,boogiespook/waltz-test,waltz-web/target/generated-sources/annotations/com/khartec/waltz/web/action/ImmutableAppChangeAction.java,target/generated-sources,application/query source,11722,304,b4de31a4bc2a2186aec1d204cf1b0cfccee9ce7324996333c96496efd839981c
validation,boogiespook/waltz-test,waltz-web/target/generated-sources/annotations/com/khartec/waltz/web/action/ImmutableCreateBookmarkAction.java,target/generated-sources,application/query source,7147,181,2cdf4c745032b943348345bcc6898b6cf96df57b9c06cbe1be59c7f38d87e2bd
validation,boogiespook/waltz-test,waltz-web/target/generated-sources/annotations/com/khartec/waltz/web/action/ImmutableFieldChange.java,target/generated-sources,application/query source,16087,430,554038318d466ba8b0bae9a3c9dd24912ffa8e84ba6c4fb16f430624bcd715d1
validation,boogiespook/waltz-test,waltz-web/target/generated-sources/annotations/com/khartec/waltz/web/action/ImmutableUpdateAppCapabilitiesAction.java,target/generated-sources,application/query source,14384,335,4aab9227dbc5d0d38163c265b8e224ecb067e6a66c21aaa960f534f479f37994
validation,boogiespook/waltz-test,waltz-web/target/generated-sources/annotations/com/khartec/waltz/web/action/ImmutableUpdatePhysicalSpecDataTypesAction.java,target/generated-sources,application/query source,17945,400,8d71c6be7116c701bcdcc48a513623b9074e97c3cb3724313e7f43a28a6b0b43
validation,boogiespook/waltz-test,waltz-web/target/generated-sources/annotations/com/khartec/waltz/web/json/ImmutableApplicationDatabases.java,target/generated-sources,application/query source,12681,304,63ef42160e2ff282a93a416115a0dd228f3b12fcb1518190ccf96382a3e6be67
validation,boogiespook/waltz-test,waltz-web/target/generated-sources/annotations/com/khartec/waltz/web/json/ImmutableBrowserInfo.java,target/generated-sources,application/query source,9046,229,2cd340e03b10195c8bef9442f70fe310af8d3efd1da59cf1f3c296ebaba112d4
validation,boogiespook/waltz-test,waltz-web/target/generated-sources/annotations/com/khartec/waltz/web/json/ImmutableEntityStatisticQueryOptions.java,target/generated-sources,application/query source,12788,306,32c10fb65e11956633cf9f692b11b1987dc37da6d6011fa449bcb43b9e197079
validation,boogiespook/waltz-test,waltz-web/target/generated-sources/annotations/com/khartec/waltz/web/json/ImmutableFullScenario.java,target/generated-sources,application/query source,13648,336,30274e267a391be930f110a7e218ea592dad5171ab7a558c4cfab9cb7c0cf879
validation,boogiespook/waltz-test,waltz-web/target/generated-sources/annotations/com/khartec/waltz/web/json/ImmutableSharedPreferenceKeyAndCategory.java,target/generated-sources,application/query source,9235,230,d7ca00bbac85b7ebf6e8dc0ab1b0afd66f3abd7afc07ad28964b80df193b4028
validation,boogiespook/waltz-test,waltz-web/target/generated-sources/annotations/com/khartec/waltz/web/json/ImmutableSurveyQuestionInfo.java,target/generated-sources,application/query source,13005,305,b142daac1f3cfaa2d8bcf0cb3858f0b6b16f072140e4aff2f20dd53463130240
validation,catsloveme/telegram-bot,scrapper-jooq/src/main/java/ru/tinkoff/edu/java/JooqCodegen.java,src,application/query source,1824,41,7a187196d99af12d5fea75c94cbd59373210b4c2faa6c87855368139823b805e
validation,catsloveme/telegram-bot,scrapper/src/main/java/ru/tinkoff/edu/java/scrapper/configuration/ClientConfiguration.java,src,application/query source,1631,43,3df31d24d9f9a410671f34b6f167d89779ed5dcf4ae0d4a53096776039b49733
validation,catsloveme/telegram-bot,scrapper/src/main/java/ru/tinkoff/edu/java/scrapper/domain/jooq/tables/Chat.java,src,generated schema,4380,154,1aaa5247ff3e7909e0d530d50b932afb08692d40819e8bb4819f563331e3f748
validation,catsloveme/telegram-bot,scrapper/src/main/java/ru/tinkoff/edu/java/scrapper/domain/jooq/tables/ChatLink.java,src,generated schema,5587,186,bd4ce1b9838904ba276c11b309bff0ac8488bed336ef5405d2da037482eb753d
validation,catsloveme/telegram-bot,scrapper/src/main/java/ru/tinkoff/edu/java/scrapper/domain/jooq/tables/Links.java,src,generated schema,5635,185,a6f9d7f391fb4d918050e8f1cbd3e3f2158a381b2f2ddd1ced43761697867571
validation,catsloveme/telegram-bot,scrapper/src/main/java/ru/tinkoff/edu/java/scrapper/repository/jooq/JooqChatRepository.java,src,application/query source,1459,42,8ec056faf3184696a495648e26c81fcaef600c265b0f4838f3f354d51c9af71a
validation,catsloveme/telegram-bot,scrapper/src/main/java/ru/tinkoff/edu/java/scrapper/repository/jooq/JooqLinkRepository.java,src,application/query source,3437,87,9c285849222da26dd5c3e9c774be0d2c8ceb3d5f7b0850af3797e736ca50c525
validation,catsloveme/telegram-bot,scrapper/src/test/java/test_container/DataBaseTest.java,src,application/query source,2121,50,2b7862dd63d5e3e08edb96104be0a915d5cf60856e28f0693d20e9bc1ecc707d
test,corradomio/java_projects,check_jdbc/app/src/main/java/org/hls/check/AppProp.java,src,application/query source,12068,237,b4e031f1b31b56fd82672f42a4ea60ab9fbcf771c9a4da086c51975fd11b6b6f
test,corradomio/java_projects,check_odb4j/src/main/java/org/hls/check/MainJooq.java,src,application/query source,1445,34,7df7a7ea97574a23385b7e196b8126c6502da4193cf53993d13b0b4cf1109428
test,corradomio/java_projects,check_odb4j/src/main/java/test/generated/tables/Author.java,src,generated schema,3751,119,c10a13fd70d4e1ebdf6c38f498ec6e61e27b4f9e1046266ceb03ff59e5eb74e6
test,corradomio/java_projects,check_plots/app/src/main/java/org/hls/example/CheckPlotly.java,src,application/query source,1298,32,6a9a6ce3c415265f09e404a7c1c65d6db0bacbec608f6f8de831fa51034accaa
test,corradomio/java_projects,check_svn/src/main/java/org/tmatesoft/svn/cli/svn/SVNCommandEnvironment.java,src,application/query source,51442,1136,2d37f2ab874acf145ec261eed5f60d7ef24552549fc02278b84b284bc5dcffcb
test,corradomio/java_projects,check_tablesaw/src/main/java/org/hls/examples/CheckTablesaw.java,src,application/query source,693,17,e1c3bf073cc825e2069d7c5bf6b51b76e63715b329fb9b5c98bceae666134bf1
test,corradomio/java_projects,check_vehiclerouting/app/src/main/java/org/hls/examples/PlotSolution.java,src,application/query source,5334,134,7ef41f0204469f441ccb6712e13cdd66316721c2961bd77cb945748c0d87221c
test,corradomio/java_projects,check_vehiclerouting/app/src/main/java/org/hls/examples/PlotSynthData.java,src,application/query source,5296,133,476e3176779f62007c82acd6593bcc640667ff1aff0c38d2396406b54a7bcca9
test,corradomio/java_projects,check_vehiclerouting/app/src/main/java/org/hls/examples/SolveTSP.java,src,application/query source,5340,132,7d58c0c76d810ba0e048dfed6cefe01876516cc986a716dfd1e9381c3d4e3a49
test,corradomio/java_projects,jext.jgit/src/org/eclipse/jgit/blame/BlameResult.java,src,application/query source,9106,299,0d57a5279f550374accbfb7eabc95b7a1728b2ea054f299e090c4c441dc208f3
test,corradomio/java_projects,jext.jgit/src/org/eclipse/jgit/internal/storage/dfs/DfsBlockCache.java,src,application/query source,20305,655,08444cd092888e19a59c0b8fa89f50e945cb1cb01f2e95af3dc805e00a7584d6
test,corradomio/java_projects,jext.jgit/src/org/eclipse/jgit/internal/storage/dfs/DfsGarbageCollector.java,src,application/query source,23567,654,103c301f0d2a74e4134e6ad22b532adebd28483c775fc0cafa085a4c98298257
test,corradomio/java_projects,jext.jgit/src/org/eclipse/jgit/internal/storage/dfs/DfsObjDatabase.java,src,application/query source,22163,654,ced33280ce1211dd7d0742fb802c95bc6feb9caa5ff4d9c256b3212703c3a06c
test,corradomio/java_projects,jext.jgit/src/org/eclipse/jgit/internal/storage/dfs/DfsPackCompactor.java,src,application/query source,14547,440,ea2e5dc3567ae3ce8282e4a02cfdce38b9b8d515c65d41c76369f24bceb33571
test,corradomio/java_projects,jext.jgit/src/org/eclipse/jgit/internal/storage/dfs/DfsPackDescription.java,src,application/query source,14574,494,56070c8677b98559258ccdb3bce60384c186657a89dfd1ec905526f369c20ca5
test,corradomio/java_projects,jext.jgit/src/org/eclipse/jgit/internal/storage/dfs/DfsReftableBatchRefUpdate.java,src,application/query source,4981,142,9158d3297fec4bc737529b0c2a7029dd9a23606b9dff2f6b0a1ce0cdd029262b
test,corradomio/java_projects,jext.jgit/src/org/eclipse/jgit/internal/storage/dfs/DfsReftableDatabase.java,src,application/query source,7509,252,90d747b2425b615c261f784b041dd9c0b078769f89bcdae6135dc9407ecc6475
test,corradomio/java_projects,jext.jgit/src/org/eclipse/jgit/internal/storage/dfs/DfsReftableStack.java,src,application/query source,2438,85,e0fa5d28e32c4bd6bb6d789748106306fffbc22a68bdbd05daf6d055f4b0f1e2
test,corradomio/java_projects,jext.jgit/src/org/eclipse/jgit/internal/storage/file/FileReftableStack.java,src,application/query source,18823,639,8317c3a7eb3656de6c7f7e93a8435100374f27f6055d276f6b55e606b5fd1a1a
test,corradomio/java_projects,jext.jgit/src/org/eclipse/jgit/internal/storage/reftable/MergedReftable.java,src,application/query source,10260,388,9d640dda6b2d87a0b3a3b2cb3f6d29e833454908066b4c1b588b23d7d7a66515
test,corradomio/java_projects,jext.jgit/src/org/eclipse/jgit/internal/storage/reftable/ReftableCompactor.java,src,application/query source,6512,197,cd980401567e79eaaab6df0387ba54c4e6a47ebe8b79cbf340aa523e582e44ab
test,corradomio/java_projects,jext.jgit/src/org/eclipse/jgit/internal/storage/reftable/ReftableDatabase.java,src,application/query source,10336,339,d2c3280eb65571801b08b29a84a674f8c408ef716de3ef25a9cc8db307942255
test,corradomio/java_projects,jext.jgit/src/org/eclipse/jgit/lib/Constants.java,src,application/query source,21918,635,d90ad39f86ed6ae63ddad9223c00dfc5c0158501d5bf971cf559b8bd68cea1bc
test,corradomio/java_projects,jext.plot-plotly/src/main/java/tech/tablesaw/plotly/JsonMapper.java,src,application/query source,1112,20,ae9d4674f987351da043e18c45f4c80dccb446e5dc5262e9a0b61c22a5c8e681
test,corradomio/java_projects,jext.plot-plotly/src/main/java/tech/tablesaw/plotly/Plot.java,src,application/query source,3178,87,87d7af85c6abdd06701df6a8573c4f3db675e658dd3844562eb44896f8d9b0a5
test,corradomio/java_projects,jext.plot-plotly/src/main/java/tech/tablesaw/plotly/Utils.java,src,application/query source,1725,55,8c00b247dc11116b8670bb5491bc54b82a49c064d197601fda956abd9dd37f1e
test,corradomio/java_projects,jext.plot-plotly/src/main/java/tech/tablesaw/plotly/change/Change.java,src,application/query source,1082,32,538e047e6731252a87cfa80217a112d93e68472f90b65fffd3924bc33d01619d
test,corradomio/java_projects,jext.plot-plotly/src/main/java/tech/tablesaw/plotly/change/ChangeLine.java,src,application/query source,1468,47,027c4b6c9fcacac864944280842e831734d953ddab62ccd287aa455862f70c9d
test,corradomio/java_projects,jext.plot-plotly/src/main/java/tech/tablesaw/plotly/change/Decreasing.java,src,application/query source,640,24,11b2d689092e6abd09a1b01b741548759869512afa7b1cc990b43fcb5a1d14b8
test,corradomio/java_projects,jext.plot-plotly/src/main/java/tech/tablesaw/plotly/change/Increasing.java,src,application/query source,640,24,04df18c4a1e6f6e5ec314ba32a72d1f63d1509268af655b9fef60b8d019cef2d
test,corradomio/java_projects,jext.plot-plotly/src/main/java/tech/tablesaw/plotly/components/Annotation.java,src,application/query source,16504,507,70ec0308566404bd8b5ec12a690b4f26edab870f15bb10e4f59d69b05646ba7e
test,corradomio/java_projects,jext.plot-plotly/src/main/java/tech/tablesaw/plotly/components/Axis.java,src,application/query source,21385,615,e3f064b9bdccdbacae2705e589fbf744d2e4fa82243c7fcb2c924bc5827f0f0e
test,corradomio/java_projects,jext.plot-plotly/src/main/java/tech/tablesaw/plotly/components/ColorBar.java,src,application/query source,9634,272,d0a9f5f6d85c1f789453486b697c05b6bc569e055afcffdc5647bd40d146d99f
test,corradomio/java_projects,jext.plot-plotly/src/main/java/tech/tablesaw/plotly/components/Component.java,src,application/query source,869,29,c49ae2f307b7c66a1fe4a1cdfd20fe5612cfa655ff1791c5126be06c2998810e
test,corradomio/java_projects,jext.plot-plotly/src/main/java/tech/tablesaw/plotly/components/Config.java,src,application/query source,2170,71,cffaccce1365b6dc878fd6fd7651b8947d2056038b4292398f31728ce65f120e
test,corradomio/java_projects,jext.plot-plotly/src/main/java/tech/tablesaw/plotly/components/Contours.java,src,application/query source,3896,115,68558bed8e4089bff136699aecb5c88cb99a9119ecfe153da0e6f50e1bc59bb1
test,corradomio/java_projects,jext.plot-plotly/src/main/java/tech/tablesaw/plotly/components/Domain.java,src,application/query source,1309,52,5b03e3d2762e56cd1d114ae64dc4db8199e38bee86446f3d057dc1621bd12528
test,corradomio/java_projects,jext.plot-plotly/src/main/java/tech/tablesaw/plotly/components/Figure.java,src,application/query source,6344,188,a64cd5d4f38e9b7f23b5cc46e6ccc574f64be4aff9b1e60143ee7b72d129e5ed
test,corradomio/java_projects,jext.plot-plotly/src/main/java/tech/tablesaw/plotly/components/Font.java,src,application/query source,2872,85,16b3c47debc9e5f0820fbf3582ceefdba810d9627bee73bb6fa16b7670e928f1
test,corradomio/java_projects,jext.plot-plotly/src/main/java/tech/tablesaw/plotly/components/Geo.java,src,application/query source,5013,138,3a099e30af36012df88b860ec1a9a53eaa9098af58f76b6cfd40c8507099e3ed
test,corradomio/java_projects,jext.plot-plotly/src/main/java/tech/tablesaw/plotly/components/Gradient.java,src,application/query source,1750,66,54d9ea9dbeb288e46eb518d8d959bde664c0ac1055f0f243b230103d3e1029ff
test,corradomio/java_projects,jext.plot-plotly/src/main/java/tech/tablesaw/plotly/components/Grid.java,src,application/query source,7443,211,531e4c5000bb629e197c1befdf4ea902e44cc73a052c06e5ef16b9037f1cee46
test,corradomio/java_projects,jext.plot-plotly/src/main/java/tech/tablesaw/plotly/components/HoverLabel.java,src,application/query source,2770,70,974bcd1aae70d78eb9999ce2a63592c47382f59fc5ff07552bd75d683ce0947b
test,corradomio/java_projects,jext.plot-plotly/src/main/java/tech/tablesaw/plotly/components/Layout.java,src,application/query source,14820,411,a4948d810d6659d452a37939cbab5f174d85f37686a649272311d7f0331ccffb
test,corradomio/java_projects,jext.plot-plotly/src/main/java/tech/tablesaw/plotly/components/LegendGroupTitle.java,src,application/query source,1176,38,aafe30ab22e7c9ab00630001ed0bd1255aae46d75f40d196273224757023b036
test,corradomio/java_projects,jext.plot-plotly/src/main/java/tech/tablesaw/plotly/components/Line.java,src,application/query source,3605,128,4914de0b662f83909c82af421664818d382f210e9f552157c48c610f6cac335b
test,corradomio/java_projects,jext.plot-plotly/src/main/java/tech/tablesaw/plotly/components/LocationMode.java,src,application/query source,727,22,97aec3d25a5c079182280648a4846ff2329964c95e8a855291719ecba7b7cd0e
test,corradomio/java_projects,jext.plot-plotly/src/main/java/tech/tablesaw/plotly/components/Margin.java,src,application/query source,2335,80,42af3d41e338a0d9943697e4c826e77306c5117d76b5ccdbd4054926daf132e5
test,corradomio/java_projects,jext.plot-plotly/src/main/java/tech/tablesaw/plotly/components/Marker.java,src,application/query source,9667,277,cac269a0814a315d99ee6477d3e569c8930e827fc045c3b57a3b47280b4894e8
test,corradomio/java_projects,jext.plot-plotly/src/main/java/tech/tablesaw/plotly/components/Page.java,src,application/query source,2301,67,226d89ac4021684018ec1015d0b4e3c81eeb64d726b81292e923f9d2ef1c9396
test,corradomio/java_projects,jext.plot-plotly/src/main/java/tech/tablesaw/plotly/components/Symbol.java,src,application/query source,3683,93,516c1a9e7f90398d46ba51468e1d5e42e2144df36966121053ba76c0bb959a7c
test,corradomio/java_projects,jext.plot-plotly/src/main/java/tech/tablesaw/plotly/components/TemplateUtils.java,src,application/query source,1517,39,b8f295bca2e86626d34e899c9bd45f09ed517397e6da2ebdea66d9b0b02e7cd1
test,corradomio/java_projects,jext.plot-plotly/src/main/java/tech/tablesaw/plotly/components/TickSettings.java,src,application/query source,13876,394,1ffcb6f9b2df1cf182e2963637cb9172d1ffa730925f9331ba5aa16ffed48906
test,corradomio/java_projects,jext.plot-plotly/src/main/java/tech/tablesaw/plotly/components/threeD/Camera.java,src,application/query source,1168,45,9d48d49b11912273b806aa4970fd222b3a5993783419de03e71b630287a655e7
test,corradomio/java_projects,jext.plot-plotly/src/main/java/tech/tablesaw/plotly/components/threeD/CameraComponent.java,src,application/query source,588,22,088b57ab78b5d4a1931f5fbdedb854e304ab8e3306c46d67d506cb9176ad6aac
test,corradomio/java_projects,jext.plot-plotly/src/main/java/tech/tablesaw/plotly/components/threeD/Center.java,src,application/query source,614,22,4efb6f6d76eb11b2f1e6e1772c3193654667823fd9372b98e0d53a17363e008d
test,corradomio/java_projects,jext.plot-plotly/src/main/java/tech/tablesaw/plotly/components/threeD/Eye.java,src,application/query source,591,22,f29e41e5d546a3810e372a2f6d2fa6aa75d0b81c8a29bafee4c61b069125ba2e
test,corradomio/java_projects,jext.plot-plotly/src/main/java/tech/tablesaw/plotly/components/threeD/Scene.java,src,application/query source,2180,80,617d9fb16af58216cbe1c85bf14a4e1d25d8e45a59190a138b8d63a653a1e7e1
test,corradomio/java_projects,jext.plot-plotly/src/main/java/tech/tablesaw/plotly/components/threeD/Up.java,src,application/query source,648,23,942e8c2ccb980758099e3d4d03cfef4d14541e98a0b84465b8ccfaa06099545a
test,corradomio/java_projects,jext.plot-plotly/src/main/java/tech/tablesaw/plotly/display/Browser.java,src,application/query source,582,19,1a4aba1b90fceed461075054e88071ce9576c86b5992c7ded028bddd86f66b34
test,corradomio/java_projects,jext.plot-plotly/src/main/java/tech/tablesaw/plotly/event/EventHandler.java,src,application/query source,374,11,765f027ed0c549a495e4d2ca35f5b06d03d2cbe43384f856325bb9397f3c47a2
test,corradomio/java_projects,jext.plot-plotly/src/main/java/tech/tablesaw/plotly/event/EventHandlerBody.java,src,application/query source,450,12,6aa6ccb5558fe3b6410f8ac53e73791ddb588bacf03c13e5ad174ffe31238ef2
test,corradomio/java_projects,jext.plot-plotly/src/main/java/tech/tablesaw/plotly/event/HoverBroadcastBody.java,src,application/query source,1963,57,38a94e49882c9cbd21109950b426be7a615d9238cac7be289c988d91f238a468
test,corradomio/java_projects,jext.plot-plotly/src/main/java/tech/tablesaw/plotly/event/HoverEventHandler.java,src,application/query source,1407,39,dab0a30a336130589e25112e140e46ec78da3801da77ae3b85e5f5760e921b95
test,corradomio/java_projects,jext.plot-plotly/src/main/java/tech/tablesaw/plotly/traces/AbstractTrace.java,src,application/query source,5106,142,e84a6e28d9cef10e15665097c4fca2d9626966b66ece4df717dd982e27579334
test,corradomio/java_projects,jext.plot-plotly/src/main/java/tech/tablesaw/plotly/traces/BarTrace.java,src,application/query source,3555,125,8ecd22dc80491c37ec6e7d7c09810db0e1d76489815bfb229e148b647559b3f0
test,corradomio/java_projects,jext.plot-plotly/src/main/java/tech/tablesaw/plotly/traces/BoxTrace.java,src,application/query source,2309,80,19446e6c4ccc7cea84f01a72fcb0b7d752433218b230cce263814afe1b6d84b4
test,corradomio/java_projects,jext.plot-plotly/src/main/java/tech/tablesaw/plotly/traces/ContourTrace.java,src,application/query source,9366,267,ffafe5e312a9a683b0d6dbc972168e5b47db295c81e7e0b157f42e207e8525c3
test,corradomio/java_projects,jext.plot-plotly/src/main/java/tech/tablesaw/plotly/traces/HeatmapTrace.java,src,application/query source,2309,77,8406c9672b36a01812ca1e3ea29fc258c03a5f58f968a4e784d3818aa6629043
test,corradomio/java_projects,jext.plot-plotly/src/main/java/tech/tablesaw/plotly/traces/Histogram2DTrace.java,src,application/query source,2456,82,100057f1766e3c76f8b9610f2110f5a45b1b50eb4b13595cfdd7c3d0c734d899
test,corradomio/java_projects,jext.plot-plotly/src/main/java/tech/tablesaw/plotly/traces/HistogramTrace.java,src,application/query source,7962,244,2436e74c9864f62657b3b9d546db2e9d1c722e7b8614890f7be67f3b02c61435
test,corradomio/java_projects,jext.plot-plotly/src/main/java/tech/tablesaw/plotly/traces/PieTrace.java,src,application/query source,2373,76,23c3289ed43550b7c3c7e1333654d300891ae58107cfe2976597ba65b06eb8b7
test,corradomio/java_projects,jext.plot-plotly/src/main/java/tech/tablesaw/plotly/traces/Scatter3DTrace.java,src,application/query source,4531,148,64e1f19fc3df2afbcd310583311385190e77a0ea7996757ef12890310a292853
test,corradomio/java_projects,jext.plot-plotly/src/main/java/tech/tablesaw/plotly/traces/ScatterGeo.java,src,application/query source,5947,163,24a4537b54ea49f3512a9a37bbfb5b2ab7219d359ad7ddc5e8c3706772d3a745
test,corradomio/java_projects,jext.plot-plotly/src/main/java/tech/tablesaw/plotly/traces/ScatterTrace.java,src,application/query source,11148,357,f3ac55d28d4038f5e3db90cdcbc0ac228dc443667e5dc7021f5343ff3c3f380c
test,corradomio/java_projects,jext.plot-plotly/src/main/java/tech/tablesaw/plotly/traces/Trace.java,src,application/query source,454,14,aa31c720681d006acda44769d71cc6c06f3b06f84f6e28e534d185ecb8ee0983
test,corradomio/java_projects,jext.plot-plotly/src/main/java/tech/tablesaw/plotly/traces/TraceBuilder.java,src,application/query source,3281,91,6f012c5c279ea6a3d25889d5db48890997dd0c596815867e66e3a717ac5c68f3
test,corradomio/java_projects,jext.plot-plotly/src/main/java/tech/tablesaw/plotly/traces/ViolinTrace.java,src,application/query source,3266,111,b3d4f747d40a202b2152e815f31347ec96669c0e3ce8dfad72b397c67534d936
test,corradomio/java_projects,jext.processing/src/main/java/processing/core/PApplet.java,src,application/query source,530716,13930,6198b280a71840164aecc022a0937a361f4722932a8f1fae01881348380872c3
test,corradomio/java_projects,jext.processing/src/main/java/processing/core/PGraphics.java,src,application/query source,255518,6757,d4833ce63f5cea291767b6b3709c0b07fa529332697bdcc47f13808c4508c62a
test,corradomio/java_projects,jext.processing/src/main/java/processing/data/Table.java,src,application/query source,123865,3604,8ce95c71934dd1fdbef077b82adaf7c08241b56ac58911b4af98eb8e00aea0c2
validation,devstronomy/nasa-data-scraper,src/main/java/com/devstronomy/Converter.java,src,application/query source,5909,119,13973372c6a3fb6b07dfda9d30b6017d0eefbd8830fed6aeefcd8a0aa29c8350
validation,devstronomy/nasa-data-scraper,src/main/java/com/devstronomy/jooq/generated/tables/Planet.java,src,generated schema,9054,227,4041db6d3634de66a61136158da14c75761438f90090f0633aeb33f25f64bb0a
validation,devstronomy/nasa-data-scraper,src/main/java/com/devstronomy/jooq/generated/tables/Satellite.java,src,generated schema,5872,181,63f3c0d1727c11aa2844fd0c099bd38b0527be2a6b99096c93fbb9c9c660869b
validation,dndanoff/spring-boot-unit-integration-test-example,generated/src/main/java/jooq/com/danoff/demo/db/tables/Employee.java,src,generated schema,4034,146,fadbed040d4427dd7eaec076087a24187cd4bf9bcf393a41be8a174b6374f173
validation,dndanoff/spring-boot-unit-integration-test-example,src/main/java/com/danoff/demo/repository/EmployeeRepo.java,src,application/query source,1296,39,fff991ce977ab1edfaec9aac2a7e1edb1c2a8718f7dfd0455440fe90863e6762
validation,dndanoff/spring-boot-unit-integration-test-example,src/test/java/com/danoff/demo/repository/EmployeeRepoTest.java,src,application/query source,2535,64,a79b7c9947a733c65ca83f9ca16f46f518bee7da897204f64f8e22f49f83f768
validation,ebi-gene-expression-group/annotare2,app/integration/ae-subs-tracking/src/main/java/uk/ac/ebi/fg/annotare2/autosubs/SubsTracking.java,src,application/query source,18232,371,041dbab62ce992b81bfaa1d6016433de47acf2ccc3c56bcbafd9ac67e15d8c3d
validation,ebi-gene-expression-group/annotare2,app/integration/ae-subs-tracking/src/main/java/uk/ac/ebi/fg/annotare2/autosubs/jooq/tables/DataFiles.java,src,generated schema,5297,149,4f69fa45600f112dbd0f97c7a6b299e215786fa9ec1f83cb65af4db1ad3cc397
validation,ebi-gene-expression-group/annotare2,app/integration/ae-subs-tracking/src/main/java/uk/ac/ebi/fg/annotare2/autosubs/jooq/tables/Experiments.java,src,generated schema,13751,290,ed05a543c38a827c617522ff1d3aaedf827de401aff0541d63b76ac683f9df7f
validation,ebi-gene-expression-group/annotare2,app/integration/ae-subs-tracking/src/main/java/uk/ac/ebi/fg/annotare2/autosubs/jooq/tables/Roles.java,src,generated schema,4222,129,662c73d8981ebec7e71ba5b7ed14ac616c9970770d21310d396aa123a9736216
validation,ebi-gene-expression-group/annotare2,app/integration/ae-subs-tracking/src/main/java/uk/ac/ebi/fg/annotare2/autosubs/jooq/tables/RolesUsers.java,src,generated schema,4327,129,c3e1f452409a25ac2d96392702139942328a773b3a4e66537aeb134fcaae3712
validation,ebi-gene-expression-group/annotare2,app/integration/ae-subs-tracking/src/main/java/uk/ac/ebi/fg/annotare2/autosubs/jooq/tables/Spreadsheets.java,src,generated schema,5208,145,fddfcaebee4f34eae6de360d531cf0417f061d246ec20ca93cfe7d8b9bca7dba
validation,ebi-gene-expression-group/annotare2,app/integration/ae-subs-tracking/src/main/java/uk/ac/ebi/fg/annotare2/autosubs/jooq/tables/Users.java,src,generated schema,5423,150,738947aa26cbe3002d8958bfe3920119ad6672276560acea27afa18109641a66
test,gonzo1138/jOOQinSpring-basics,src/main/java/org/anisation/jooqGenerated/tables/DatabaseEntity.java,src,generated schema,4136,119,009a030b6ddd9393c9a15d85ec459ebe4563f2e7f5b4a5bea47ca33cd5f7a52c
test,gonzo1138/jOOQinSpring-basics,src/main/java/org/anisation/jooqbasics/DbAccess.java,src,application/query source,921,22,dfa0f986787ededb1a3f8713daa7bc0f9808678cf8e667473a38e48e85488051
test,gonzo1138/jOOQinSpring-basics,src/main/java/org/anisation/jooqbasics/HelloController.java,src,application/query source,1398,37,325e8c9393369bd6db6ba30ffd13b89ac5a3f8cd0ed2b3c8934da4436768db26
validation,hpple/revolut-backend-test,src/main/java/revolut/backendtest/persistence/jooq/H2JooqContextProvider.java,src,application/query source,1618,45,ec01e53a139c6111ddb0d9c6cd414df6a20ad59c3a6c02fe20889fd8dfe6d5c7
validation,hpple/revolut-backend-test,src/main/java/revolut/backendtest/persistence/jooq/JooqContextProvider.java,src,application/query source,142,5,210bf89fa91c41ea6a8f617da86c45d065fba7c6400ac22d06c821ad4dc6aaf7
validation,hpple/revolut-backend-test,src/main/java/revolut/backendtest/persistence/jooq/codegen/tables/Accounts.java,src,generated schema,4693,139,66c09dea2ea4122ec830cad38ec444e71f4b5e362708bf98853ee5ed220b5ea3
validation,hpple/revolut-backend-test,src/main/java/revolut/backendtest/persistence/jooq/codegen/tables/Transfers.java,src,generated schema,5627,157,fe28cbd7b15c7368879424e2e98d1ae2c1b14edd72c61bf7ca55ec092d56d3e2
validation,hpple/revolut-backend-test,src/main/java/revolut/backendtest/service/AccountService.java,src,application/query source,3248,88,a76d9eb4c9bac17f30a01f0257bfd7ac1a77a4721a25ff139371303aaa44817b
validation,hpple/revolut-backend-test,src/main/java/revolut/backendtest/service/Mappers.java,src,application/query source,942,27,42c1f1781740f1bd8bf0f0d848ce7c9aa0ce87247e7f3bbcf00fe5b56a84a9b9
validation,hpple/revolut-backend-test,src/main/java/revolut/backendtest/service/TransferService.java,src,application/query source,5118,132,b9c4fed2fb89f9d3e6e1da3a3bade1fe6858e68054199e58076b499c9596452b
validation,hpple/revolut-backend-test,src/test/java/revolut/backendtest/MoneyTransferApiTest.java,src,application/query source,27704,706,b7894bffe8a1fff91712a4e4357b193081afc80c9e7d74097e1f73d42a3067e1
training,jOOQ/demo,jOOQ-demo-oss/jOOQ-demo-java/src/main/java/org/jooq/demo/java/db/tables/Actor.java,src,generated schema,8285,261,6ccb73a9ee8826c7f5be11ca3133b3c460fa37a9a70fa752869a2acef8bbdc12
training,jOOQ/demo,jOOQ-demo-oss/jOOQ-demo-java/src/main/java/org/jooq/demo/java/db/tables/ActorInfo.java,src,generated schema,6683,206,b5f8394d34fcc505241e351c22dc3584fa648439c2066a9d34abcdf1783183b5
training,jOOQ/demo,jOOQ-demo-oss/jOOQ-demo-java/src/main/java/org/jooq/demo/java/db/tables/Address.java,src,generated schema,10281,303,2fdf9df4cf4ac48d2bccc25890cf93ae7885c5e1a17a58a8017154a21c451e42
training,jOOQ/demo,jOOQ-demo-oss/jOOQ-demo-java/src/main/java/org/jooq/demo/java/db/tables/Category.java,src,generated schema,8093,249,2f2bc265d83651b296db34d17594439976cf202c36fe7659d7bdcead494741b1
training,jOOQ/demo,jOOQ-demo-oss/jOOQ-demo-java/src/main/java/org/jooq/demo/java/db/tables/City.java,src,generated schema,8446,267,4be5d20a53d7bcc4f029bc3acda0fc7ff11f0ee0d8b13c19ef027d0f90ff1a20
training,jOOQ/demo,jOOQ-demo-oss/jOOQ-demo-java/src/main/java/org/jooq/demo/java/db/tables/Country.java,src,generated schema,7679,240,da3afb7f5da28e3c70dd88e9938324a8be2e921f77a2c78e3a13ca0871dda250
training,jOOQ/demo,jOOQ-demo-oss/jOOQ-demo-java/src/main/java/org/jooq/demo/java/db/tables/Customer.java,src,generated schema,14224,379,2c5a64d5b1e875da18c16557f0bfeca5416a08dae30fed6e6067251574f3f1fd
training,jOOQ/demo,jOOQ-demo-oss/jOOQ-demo-java/src/main/java/org/jooq/demo/java/db/tables/CustomerList.java,src,generated schema,7617,228,0cfba7b0c842dba93f5704c46e6a459ee58a5cd9ed4f0c665a0378d8f5c363b8
training,jOOQ/demo,jOOQ-demo-oss/jOOQ-demo-java/src/main/java/org/jooq/demo/java/db/tables/Film.java,src,generated schema,13651,366,d7ce7254f2d8a4aeb9b2607ae28b0d4475dd4c760d8d32feed6d262d8290087e
training,jOOQ/demo,jOOQ-demo-oss/jOOQ-demo-java/src/main/java/org/jooq/demo/java/db/tables/FilmActor.java,src,generated schema,8408,257,d85041c4a190824a07670dbd29bed0e780cf1f61ec25cc1b4dc1100e1220dfa9
training,jOOQ/demo,jOOQ-demo-oss/jOOQ-demo-java/src/main/java/org/jooq/demo/java/db/tables/FilmCategory.java,src,generated schema,8522,251,b52cd6a8f625b104ecd73694456b331e64f2f1cfb96f597240bbae350820acdc
training,jOOQ/demo,jOOQ-demo-oss/jOOQ-demo-java/src/main/java/org/jooq/demo/java/db/tables/FilmInStock.java,src,generated schema,4159,131,04bcb79d966acbb7117523da016ed2b2bedbb438b126ed4ed2eabad72a49b488
training,jOOQ/demo,jOOQ-demo-oss/jOOQ-demo-java/src/main/java/org/jooq/demo/java/db/tables/FilmList.java,src,generated schema,7454,224,3dfdc86bb9d561524ffd1ae1e13debfe5ed2f92b1c0d16c741a08140f5e7aa94
training,jOOQ/demo,jOOQ-demo-oss/jOOQ-demo-java/src/main/java/org/jooq/demo/java/db/tables/FilmNotInStock.java,src,generated schema,4308,131,542fb88c71d290468320ef1b0c83a3e8ac27f9499fca513c720105945f44e6f2
training,jOOQ/demo,jOOQ-demo-oss/jOOQ-demo-java/src/main/java/org/jooq/demo/java/db/tables/Inventory.java,src,generated schema,9216,277,c2259169db4044ebe9e39958cdc0c843694507b39a6092df1766d692e812b939
training,jOOQ/demo,jOOQ-demo-oss/jOOQ-demo-java/src/main/java/org/jooq/demo/java/db/tables/Language.java,src,generated schema,8368,251,0b43d03f87745a446f6e4fb6a578709e731eb48ea61d2af00ab20d16d0775d47
training,jOOQ/demo,jOOQ-demo-oss/jOOQ-demo-java/src/main/java/org/jooq/demo/java/db/tables/NicerButSlowerFilmList.java,src,generated schema,8529,226,d9af5bc1f0dd749e6f280302d726df1af1383ed7863727f6830201b7392a2977
training,jOOQ/demo,jOOQ-demo-oss/jOOQ-demo-java/src/main/java/org/jooq/demo/java/db/tables/Payment.java,src,generated schema,9537,285,c21be0b4b28cef40939a1ca3748738869c6ff2d470e71ec02b5cb836d27e9b1a
training,jOOQ/demo,jOOQ-demo-oss/jOOQ-demo-java/src/main/java/org/jooq/demo/java/db/tables/PaymentP2007_01.java,src,generated schema,10600,288,e7259d13b9044c254786de3cde92d8579bd2f3f91bccd8328daf00e885e89f72
training,jOOQ/demo,jOOQ-demo-oss/jOOQ-demo-java/src/main/java/org/jooq/demo/java/db/tables/PaymentP2007_02.java,src,generated schema,10600,288,015eedc0255b19b5e58dc1005b01b5d5210b6027b67d36f88ac4c2ba6473c968
training,jOOQ/demo,jOOQ-demo-oss/jOOQ-demo-java/src/main/java/org/jooq/demo/java/db/tables/PaymentP2007_03.java,src,generated schema,10600,288,a6338619c3bd4e6933d597e0b5bedc3ac4134eec3cfba4602aecded47c856854
training,jOOQ/demo,jOOQ-demo-oss/jOOQ-demo-java/src/main/java/org/jooq/demo/java/db/tables/PaymentP2007_04.java,src,generated schema,10600,288,a1c627a4e49f65f1ec30192ae412e46acd6d7e57a90e06b9e94c700e89d6beab
training,jOOQ/demo,jOOQ-demo-oss/jOOQ-demo-java/src/main/java/org/jooq/demo/java/db/tables/PaymentP2007_05.java,src,generated schema,10600,288,1b62ffefa254ec77adab5debc0064bf38c2fb4df91c7be89b9df3d23aa00b129
training,jOOQ/demo,jOOQ-demo-oss/jOOQ-demo-java/src/main/java/org/jooq/demo/java/db/tables/PaymentP2007_06.java,src,generated schema,10600,288,aca1078c8c92f8832238e9ddac0609850c3b254937cedd824809f44f64333708
training,jOOQ/demo,jOOQ-demo-oss/jOOQ-demo-java/src/main/java/org/jooq/demo/java/db/tables/Rental.java,src,generated schema,13335,365,ca014018e9cc749d67abfdff7a3552d05676a813d3d9685894fd38589fe010c5
training,jOOQ/demo,jOOQ-demo-oss/jOOQ-demo-java/src/main/java/org/jooq/demo/java/db/tables/RewardsReport.java,src,generated schema,6964,175,9053dee16cb7e349550eaa67c4b23674843caca89e7758362989bae4f25d16e1
training,jOOQ/demo,jOOQ-demo-oss/jOOQ-demo-java/src/main/java/org/jooq/demo/java/db/tables/SalesByFilmCategory.java,src,generated schema,6502,197,f86fb85f773f331a7804ab6e431ffc66388a2cb5e4de2b55b8124ac3fca58b52
training,jOOQ/demo,jOOQ-demo-oss/jOOQ-demo-java/src/main/java/org/jooq/demo/java/db/tables/SalesByStore.java,src,generated schema,6612,202,9521db96e94715a6eec1e136d6c5bae257f03ab94126fb2166341b0243f17445
training,jOOQ/demo,jOOQ-demo-oss/jOOQ-demo-java/src/main/java/org/jooq/demo/java/db/tables/Staff.java,src,generated schema,13765,376,774371d88d2e1733261511c7d1141b0f3d80e72db111bd5204e7244950c190ec
training,jOOQ/demo,jOOQ-demo-oss/jOOQ-demo-java/src/main/java/org/jooq/demo/java/db/tables/StaffList.java,src,generated schema,7087,220,8eee2ca2f94ca8b776acd20c88fd4ab442a8bfddd4521cbea7115d57cff95653
training,jOOQ/demo,jOOQ-demo-oss/jOOQ-demo-java/src/main/java/org/jooq/demo/java/db/tables/Store.java,src,generated schema,9419,288,41b21044a0b6723d32d1bf674832d7e7e885481ff3ace9b56d6d3b747410913a
training,jOOQ/demo,jOOQ-demo-oss/jOOQ-demo-java/src/test/java/org/jooq/demo/java/Demo01Querying.java,src,application/query source,23614,454,5780887a0c8a47e369425babc260c1c7bb56f1c5de936a9159fe248837af002b
training,jOOQ/demo,jOOQ-demo-oss/jOOQ-demo-java/src/test/java/org/jooq/demo/java/Demo02DynamicSQL.java,src,application/query source,2952,69,89ee01914d2eb7a385d959454867fafb4fa627e740904c41278db08eb8287744
training,jOOQ/demo,jOOQ-demo-oss/jOOQ-demo-java/src/test/java/org/jooq/demo/java/Demo03Functions.java,src,application/query source,4605,92,932325578d0dbabeb2e80a2ebc8f2a183bb202be848ab0fb06e4382a95640857
training,jOOQ/demo,jOOQ-demo-oss/jOOQ-demo-java/src/test/java/org/jooq/demo/java/Demo04DML.java,src,application/query source,3020,60,b1b3318aa07113139dd3611d8688cb58f1b2775394322ed7bc87aaa6458b5e4b
training,jOOQ/demo,jOOQ-demo-oss/jOOQ-demo-java/src/test/java/org/jooq/demo/java/Demo05Batch.java,src,application/query source,2852,68,b97de09d7afcca3541a3849e037ed118ec5f4e34daed0ed70312e6ac7f9ece9b
training,jOOQ/demo,jOOQ-demo-oss/jOOQ-demo-java/src/test/java/org/jooq/demo/java/Demo06Transactions.java,src,application/query source,5413,119,6e87b96d2df28475e6f4f0b580c4b42e53c6fd64147bdbb96bf744f707bb1d67
training,jOOQ/demo,jOOQ-demo-oss/jOOQ-demo-java/src/test/java/org/jooq/demo/java/Demo07Parser.java,src,application/query source,5047,108,4babbca07dadf1eb5cf04a2417801810070323b5fbefc23e58df027dba7536bc
training,jOOQ/demo,jOOQ-demo-oss/jOOQ-demo-java/src/test/java/org/jooq/demo/java/Demo08ImportExportAndMore.java,src,application/query source,7542,173,e7c5edda05f0fbf61f770ae55282ecced06086dd5cf58af2b12ffc1416eed5a1
training,jOOQ/demo,jOOQ-demo-oss/jOOQ-demo-java/src/test/java/org/jooq/demo/java/Demo09DAOs.java,src,application/query source,2417,49,e239cb6cc2971f21d7c79f0d8f88e6dcb7cd9c6ca571e38d4f129f4b2f867d44
training,jOOQ/demo,jOOQ-demo-oss/jOOQ-demo-java/src/test/java/org/jooq/demo/java/Demo10SPIs.java,src,application/query source,3460,80,de4f5db872f38fbf99c3068dbe09fcce4a9b6a8e6f1471a78375e69f5c0057fc
training,jOOQ/demo,jOOQ-demo-oss/jOOQ-demo-java/src/test/java/org/jooq/demo/java/Demo11QueryObjectModel.java,src,application/query source,4940,123,050d1dc79417296174b644925909ff5c37798d8ffc0e3b11d6f87227d09ff14c
training,jOOQ/demo,jOOQ-demo-oss/jOOQ-demo-java/src/test/java/org/jooq/demo/java/Demo12StoredProcedures.java,src,application/query source,3505,71,b001b54bc3fb0f8fd4921ed6284f0097f5ba52d52c755d362f119cda41c75354
training,jOOQ/demo,jOOQ-demo-oss/jOOQ-demo-java/src/test/java/org/jooq/demo/java/Demo13Reactive.java,src,application/query source,3201,68,9ff62dc6a65260c2c51a66bd4fd2cec3569e9fc9b2d9cf1f1ddecbbbfe9b1585
training,jOOQ/demo,jOOQ-demo-oss/jOOQ-demo-java/src/test/java/org/jooq/demo/java/Demo14Mocking.java,src,application/query source,4448,97,e0863a21b749314837b759772890167e3b6a35c708c98bcc1f16ef13e826ae2e
training,jOOQ/demo,jOOQ-demo-oss/jOOQ-demo-java/src/test/java/org/jooq/demo/java/Demo15ComputedColumns.java,src,application/query source,1279,33,7af6c0d63985272b96efaa07442855aad745f45da0a9b5bc249d865ea594428b
training,jOOQ/demo,jOOQ-demo-oss/jOOQ-demo-java/src/test/java/org/jooq/demo/java/Demo16Diagnostics.java,src,application/query source,4721,92,100eabee334bf79791f1c47fa42a160f632c3b7f3aa7f1dce9f51753a67c415e
training,jOOQ/demo,jOOQ-demo-oss/jOOQ-demo-java/src/test/java/org/jooq/demo/java/Demo17Policies.java,src,application/query source,2088,53,e4a7cdb8bf46e4be7349d1c7bc0cfa9eafc8d89a7430ccf1ab87cc653edb31e4
training,jOOQ/demo,jOOQ-demo-oss/jOOQ-demo-utils/src/main/java/org/jooq/demo/AbstractDemo.java,src,application/query source,4750,119,d6d658dd95afe0771db0fd629524d8a32e362dcc9a01a54fa45e14dac3e3bb97
training,jOOQ/demo,jOOQ-demo-pro/jOOQ-demo-java/src/main/java/org/jooq/demo/java/db/Triggers.java,src,application/query source,1396,28,ac46a45cc491074af433d1b64cf51e64b0aa1a7b3d5f70acf052eb28752a6d4a
training,jOOQ/demo,jOOQ-demo-pro/jOOQ-demo-java/src/main/java/org/jooq/demo/java/db/tables/Actor.java,src,generated schema,8479,267,2760c4def2d02f12bf6917602c7b20dc6719f5c4e9e51c1a6311ad84bb8a1810
training,jOOQ/demo,jOOQ-demo-pro/jOOQ-demo-java/src/main/java/org/jooq/demo/java/db/tables/ActorInfo.java,src,generated schema,6683,206,b5f8394d34fcc505241e351c22dc3584fa648439c2066a9d34abcdf1783183b5
training,jOOQ/demo,jOOQ-demo-pro/jOOQ-demo-java/src/main/java/org/jooq/demo/java/db/tables/Address.java,src,generated schema,10296,303,f3d12299e14892d2381466566dfda8defd17509786ed780bbfbf856aa83a8216
training,jOOQ/demo,jOOQ-demo-pro/jOOQ-demo-java/src/main/java/org/jooq/demo/java/db/tables/Category.java,src,generated schema,8108,249,25c7fe970ad5c6b90bd944c3e311b188d5879219c071a40a8edf964dbd4e6164
training,jOOQ/demo,jOOQ-demo-pro/jOOQ-demo-java/src/main/java/org/jooq/demo/java/db/tables/City.java,src,generated schema,8461,267,0b6f31da979271e27caf7a057d612c59c7d9c1eb1936e1e06feef7cf48039a29
training,jOOQ/demo,jOOQ-demo-pro/jOOQ-demo-java/src/main/java/org/jooq/demo/java/db/tables/Country.java,src,generated schema,7694,240,f4b8e260b96e96560454e3ffc8938899c25a8379858e11fbca4fb338bbb7cf60
training,jOOQ/demo,jOOQ-demo-pro/jOOQ-demo-java/src/main/java/org/jooq/demo/java/db/tables/Customer.java,src,generated schema,14239,379,39785457da4caa7a771e3486e73fc97a496b8445d2c45cb2621bcce3df181540
training,jOOQ/demo,jOOQ-demo-pro/jOOQ-demo-java/src/main/java/org/jooq/demo/java/db/tables/CustomerList.java,src,generated schema,7617,228,0cfba7b0c842dba93f5704c46e6a459ee58a5cd9ed4f0c665a0378d8f5c363b8
training,jOOQ/demo,jOOQ-demo-pro/jOOQ-demo-java/src/main/java/org/jooq/demo/java/db/tables/Film.java,src,generated schema,13854,372,bf0f109496d7dee9cd2fe4281bd27a023d778292c98fa178c09d744b603b9202
training,jOOQ/demo,jOOQ-demo-pro/jOOQ-demo-java/src/main/java/org/jooq/demo/java/db/tables/FilmActor.java,src,generated schema,8423,257,a9c0c758b2b29aa60921b47b432d63435f11276a7a02682cb04095c71159775b
training,jOOQ/demo,jOOQ-demo-pro/jOOQ-demo-java/src/main/java/org/jooq/demo/java/db/tables/FilmCategory.java,src,generated schema,8537,251,64f985a746f5ea0bd1c1dff1fa783be17dfb6cf6d2568059e0b0146aa3ad4349
training,jOOQ/demo,jOOQ-demo-pro/jOOQ-demo-java/src/main/java/org/jooq/demo/java/db/tables/FilmInStock.java,src,generated schema,4159,131,04bcb79d966acbb7117523da016ed2b2bedbb438b126ed4ed2eabad72a49b488
training,jOOQ/demo,jOOQ-demo-pro/jOOQ-demo-java/src/main/java/org/jooq/demo/java/db/tables/FilmList.java,src,generated schema,7454,224,3dfdc86bb9d561524ffd1ae1e13debfe5ed2f92b1c0d16c741a08140f5e7aa94
training,jOOQ/demo,jOOQ-demo-pro/jOOQ-demo-java/src/main/java/org/jooq/demo/java/db/tables/FilmNotInStock.java,src,generated schema,4308,131,542fb88c71d290468320ef1b0c83a3e8ac27f9499fca513c720105945f44e6f2
training,jOOQ/demo,jOOQ-demo-pro/jOOQ-demo-java/src/main/java/org/jooq/demo/java/db/tables/Inventory.java,src,generated schema,9231,277,ed4fe93c3817296ab043b86b4e7def3cb81bf0532f60c2fc32c15bb894580e18
training,jOOQ/demo,jOOQ-demo-pro/jOOQ-demo-java/src/main/java/org/jooq/demo/java/db/tables/Language.java,src,generated schema,8383,251,4fa42bfb79268d6dd79715aa6526ef4fd78790dd2c821cc3b325b7e9a84ce334
training,jOOQ/demo,jOOQ-demo-pro/jOOQ-demo-java/src/main/java/org/jooq/demo/java/db/tables/NicerButSlowerFilmList.java,src,generated schema,8529,226,d9af5bc1f0dd749e6f280302d726df1af1383ed7863727f6830201b7392a2977
training,jOOQ/demo,jOOQ-demo-pro/jOOQ-demo-java/src/main/java/org/jooq/demo/java/db/tables/Payment.java,src,generated schema,9537,285,c21be0b4b28cef40939a1ca3748738869c6ff2d470e71ec02b5cb836d27e9b1a
training,jOOQ/demo,jOOQ-demo-pro/jOOQ-demo-java/src/main/java/org/jooq/demo/java/db/tables/PaymentP2007_01.java,src,generated schema,10600,288,e7259d13b9044c254786de3cde92d8579bd2f3f91bccd8328daf00e885e89f72
training,jOOQ/demo,jOOQ-demo-pro/jOOQ-demo-java/src/main/java/org/jooq/demo/java/db/tables/PaymentP2007_02.java,src,generated schema,10600,288,015eedc0255b19b5e58dc1005b01b5d5210b6027b67d36f88ac4c2ba6473c968
training,jOOQ/demo,jOOQ-demo-pro/jOOQ-demo-java/src/main/java/org/jooq/demo/java/db/tables/PaymentP2007_03.java,src,generated schema,10600,288,a6338619c3bd4e6933d597e0b5bedc3ac4134eec3cfba4602aecded47c856854
training,jOOQ/demo,jOOQ-demo-pro/jOOQ-demo-java/src/main/java/org/jooq/demo/java/db/tables/PaymentP2007_04.java,src,generated schema,10600,288,a1c627a4e49f65f1ec30192ae412e46acd6d7e57a90e06b9e94c700e89d6beab
training,jOOQ/demo,jOOQ-demo-pro/jOOQ-demo-java/src/main/java/org/jooq/demo/java/db/tables/PaymentP2007_05.java,src,generated schema,10600,288,1b62ffefa254ec77adab5debc0064bf38c2fb4df91c7be89b9df3d23aa00b129
training,jOOQ/demo,jOOQ-demo-pro/jOOQ-demo-java/src/main/java/org/jooq/demo/java/db/tables/PaymentP2007_06.java,src,generated schema,10600,288,aca1078c8c92f8832238e9ddac0609850c3b254937cedd824809f44f64333708
training,jOOQ/demo,jOOQ-demo-pro/jOOQ-demo-java/src/main/java/org/jooq/demo/java/db/tables/Rental.java,src,generated schema,13350,365,146b6c8a9619d9d9d80cedf212cc79bfbefec4ce425eefd4bc4aedf1c51d03bd
training,jOOQ/demo,jOOQ-demo-pro/jOOQ-demo-java/src/main/java/org/jooq/demo/java/db/tables/RewardsReport.java,src,generated schema,6979,175,08d9d87ef4d8c56dd0d08552d5ea8eda69a964e4754408fdf75d332e0c258460
training,jOOQ/demo,jOOQ-demo-pro/jOOQ-demo-java/src/main/java/org/jooq/demo/java/db/tables/SalesByFilmCategory.java,src,generated schema,6502,197,f86fb85f773f331a7804ab6e431ffc66388a2cb5e4de2b55b8124ac3fca58b52
training,jOOQ/demo,jOOQ-demo-pro/jOOQ-demo-java/src/main/java/org/jooq/demo/java/db/tables/SalesByStore.java,src,generated schema,6612,202,9521db96e94715a6eec1e136d6c5bae257f03ab94126fb2166341b0243f17445
training,jOOQ/demo,jOOQ-demo-pro/jOOQ-demo-java/src/main/java/org/jooq/demo/java/db/tables/Staff.java,src,generated schema,14439,384,92b02eab33171a85229fdd2735abac1349d6e0e67968fa568c8fef1f613e7a27
training,jOOQ/demo,jOOQ-demo-pro/jOOQ-demo-java/src/main/java/org/jooq/demo/java/db/tables/StaffList.java,src,generated schema,7087,220,8eee2ca2f94ca8b776acd20c88fd4ab442a8bfddd4521cbea7115d57cff95653
training,jOOQ/demo,jOOQ-demo-pro/jOOQ-demo-java/src/main/java/org/jooq/demo/java/db/tables/Store.java,src,generated schema,9827,292,9c90afc88925ddc46b2eff975c5f875a128528e048b6f634d312da0afc888a8c
training,jOOQ/demo,jOOQ-demo-pro/jOOQ-demo-java/src/test/java/org/jooq/demo/java/Demo01Querying.java,src,application/query source,23614,454,5780887a0c8a47e369425babc260c1c7bb56f1c5de936a9159fe248837af002b
training,jOOQ/demo,jOOQ-demo-pro/jOOQ-demo-java/src/test/java/org/jooq/demo/java/Demo02DynamicSQL.java,src,application/query source,2952,69,89ee01914d2eb7a385d959454867fafb4fa627e740904c41278db08eb8287744
training,jOOQ/demo,jOOQ-demo-pro/jOOQ-demo-java/src/test/java/org/jooq/demo/java/Demo03Functions.java,src,application/query source,4605,92,932325578d0dbabeb2e80a2ebc8f2a183bb202be848ab0fb06e4382a95640857
training,jOOQ/demo,jOOQ-demo-pro/jOOQ-demo-java/src/test/java/org/jooq/demo/java/Demo04DML.java,src,application/query source,3020,60,b1b3318aa07113139dd3611d8688cb58f1b2775394322ed7bc87aaa6458b5e4b
training,jOOQ/demo,jOOQ-demo-pro/jOOQ-demo-java/src/test/java/org/jooq/demo/java/Demo05Batch.java,src,application/query source,2852,68,b97de09d7afcca3541a3849e037ed118ec5f4e34daed0ed70312e6ac7f9ece9b
training,jOOQ/demo,jOOQ-demo-pro/jOOQ-demo-java/src/test/java/org/jooq/demo/java/Demo06Transactions.java,src,application/query source,5413,119,6e87b96d2df28475e6f4f0b580c4b42e53c6fd64147bdbb96bf744f707bb1d67
training,jOOQ/demo,jOOQ-demo-pro/jOOQ-demo-java/src/test/java/org/jooq/demo/java/Demo07Parser.java,src,application/query source,5042,105,3ff529040349e5edaec948f4e0c2274bbda20abfecec7a40cbb5277182d01f27
training,jOOQ/demo,jOOQ-demo-pro/jOOQ-demo-java/src/test/java/org/jooq/demo/java/Demo08ImportExportAndMore.java,src,application/query source,7542,173,e7c5edda05f0fbf61f770ae55282ecced06086dd5cf58af2b12ffc1416eed5a1
training,jOOQ/demo,jOOQ-demo-pro/jOOQ-demo-java/src/test/java/org/jooq/demo/java/Demo09DAOs.java,src,application/query source,2417,49,e239cb6cc2971f21d7c79f0d8f88e6dcb7cd9c6ca571e38d4f129f4b2f867d44
training,jOOQ/demo,jOOQ-demo-pro/jOOQ-demo-java/src/test/java/org/jooq/demo/java/Demo10SPIs.java,src,application/query source,3460,80,de4f5db872f38fbf99c3068dbe09fcce4a9b6a8e6f1471a78375e69f5c0057fc
training,jOOQ/demo,jOOQ-demo-pro/jOOQ-demo-java/src/test/java/org/jooq/demo/java/Demo11QueryObjectModel.java,src,application/query source,4909,108,d4256fa0b818ec32d7062a578f910b3ae18b392826283d2134add2c39143f107
training,jOOQ/demo,jOOQ-demo-pro/jOOQ-demo-java/src/test/java/org/jooq/demo/java/Demo12StoredProcedures.java,src,application/query source,3520,71,79301d32db8c127884fca6b09e62c9afb6b05fc0b671b792e61f6f1fcf5b8133
training,jOOQ/demo,jOOQ-demo-pro/jOOQ-demo-java/src/test/java/org/jooq/demo/java/Demo13Reactive.java,src,application/query source,3201,68,9ff62dc6a65260c2c51a66bd4fd2cec3569e9fc9b2d9cf1f1ddecbbbfe9b1585
training,jOOQ/demo,jOOQ-demo-pro/jOOQ-demo-java/src/test/java/org/jooq/demo/java/Demo14Mocking.java,src,application/query source,4448,97,e0863a21b749314837b759772890167e3b6a35c708c98bcc1f16ef13e826ae2e
training,jOOQ/demo,jOOQ-demo-pro/jOOQ-demo-java/src/test/java/org/jooq/demo/java/Demo15ComputedColumns.java,src,application/query source,1306,32,5adc70e766970759b1addc16ad7751b7e61d04163dda42237d58126f4421702b
training,jOOQ/demo,jOOQ-demo-pro/jOOQ-demo-java/src/test/java/org/jooq/demo/java/Demo16Diagnostics.java,src,application/query source,4721,92,100eabee334bf79791f1c47fa42a160f632c3b7f3aa7f1dce9f51753a67c415e
training,jOOQ/demo,jOOQ-demo-pro/jOOQ-demo-java/src/test/java/org/jooq/demo/java/Demo17Policies.java,src,application/query source,2110,49,18fc531a58c2ea9d7cc60d599820123898f9d09bb531ec3b5593dfdb55c40ef2
training,jOOQ/demo,jOOQ-demo-pro/jOOQ-demo-utils/src/main/java/org/jooq/demo/AbstractDemo.java,src,application/query source,4750,119,d6d658dd95afe0771db0fd629524d8a32e362dcc9a01a54fa45e14dac3e3bb97
test,jOOQ/jOOQ-mcve,jOOQ-mcve-java-h2/src/main/java/org/jooq/mcve/java/h2/tables/Test.java,src,generated schema,5460,194,2d99dc0ffefcabd656a96d699e633fc38b4bc1f6e0420f2fcd3adf6fa640ab55
test,jOOQ/jOOQ-mcve,jOOQ-mcve-java-h2/src/test/java/org/jooq/mcve/test/java/h2/JavaTest.java,src,application/query source,1174,39,3aff45b6e4a762c5f5252433561d04e7ba8760738c7396bc77c8b94d911187ab
test,jOOQ/jOOQ-mcve,jOOQ-mcve-java-mariadb/src/main/java/org/jooq/mcve/java/mariadb/tables/Test.java,src,generated schema,5551,194,5648454d39c3abc182899b6cad6fbb64a1ba083c06218c7a878fe4998e5acadb
test,jOOQ/jOOQ-mcve,jOOQ-mcve-java-mariadb/src/test/java/org/jooq/mcve/test/java/mariadb/JavaTest.java,src,application/query source,2750,74,e23d30d92fa96b5daaabc11d0f3b6b34b86033cd283f03f635402b53fad297a4
test,jOOQ/jOOQ-mcve,jOOQ-mcve-java-mysql/src/test/java/org/jooq/mcve/test/java/mysql/JavaTest.java,src,application/query source,2727,74,b14fb2515bccc6863be07756dd4bc66fe5bfdf3a6129c1ced5b57bc4f9cfbe08
test,jOOQ/jOOQ-mcve,jOOQ-mcve-java-oracle/src/main/java/org/jooq/mcve/java/oracle/tables/Test.java,src,generated schema,5476,194,ff618312fba9fc11c45b7ffd4d188632d0473c2748310eb06ea982148bfdbc30
test,jOOQ/jOOQ-mcve,jOOQ-mcve-java-oracle/src/test/java/org/jooq/mcve/test/java/oracle/JavaTest.java,src,application/query source,3705,93,78e9e00d253bf42ca0cdf7ac8455f17a3b5b08528e7c409d2985b0773f441952
test,jOOQ/jOOQ-mcve,jOOQ-mcve-java-postgres/src/main/java/org/jooq/mcve/java/postgres/tables/Test.java,src,generated schema,5484,194,3080c49a0f1a0460849146d02a0983deb82b49a5fb59bde76d261181e3c50786
test,jOOQ/jOOQ-mcve,jOOQ-mcve-java-postgres/src/test/java/org/jooq/mcve/test/java/postgres/JavaTest.java,src,application/query source,3025,79,5d145abc936db9779035d8b26f00659a1384fa4a422679b23ae7c0613f85205f
test,jOOQ/jOOQ-mcve,jOOQ-mcve-java-sqlite/src/main/java/org/jooq/mcve/java/h2/tables/Test.java,src,generated schema,4364,143,2a97b231c118a4758ff73f710349d1d74930080de5c99a2ec81b46f209be566b
test,jOOQ/jOOQ-mcve,jOOQ-mcve-java-sqlite/src/main/java/org/jooq/mcve/java/sqlite/tables/Test.java,src,generated schema,5480,194,b37824861d181afc39f9d6b740a19c6245fafc6ecc53036c596f971c0e413916
test,jOOQ/jOOQ-mcve,jOOQ-mcve-java-sqlite/src/test/java/org/jooq/mcve/test/java/sqlite/JavaTest.java,src,application/query source,1263,39,71aec2544605dcf0e4abe64b3a04cea5437bf8be12fde6b85e33df9b84d03c13
test,jOOQ/jOOQ-mcve,jOOQ-mcve-java-sqlserver/src/main/java/org/jooq/mcve/java/sqlserver/tables/Test.java,src,generated schema,5536,194,58bc4f85a3c2d78feb20d49a283c6a294e2087a2ef3ed86135a554a1f87358ff
test,jOOQ/jOOQ-mcve,jOOQ-mcve-java-sqlserver/src/test/java/org/jooq/mcve/test/java/sqlserver/JavaTest.java,src,application/query source,2977,77,545ab5502c5e0add6fbb882f58e7f9398a8edaa9cc7dc5feb8ee790645d395c8
training,jasontran320/texera_compose,core/amber/src/main/scala/edu/uci/ics/texera/web/SqlServer.java,src,application/query source,942,24,e6af8a9c7e0d1e3ddddc813438a908b6fc10c3f31a8fcae1d6c824d7e71e1297
training,jasontran320/texera_compose,core/amber/src/main/scala/edu/uci/ics/texera/web/model/jooq/generated/tables/File.java,src,generated schema,5586,154,a89c50c975f74083dd5fc247608098e613d31a1f869d7b7122351ef01c7ce462
training,jasontran320/texera_compose,core/amber/src/main/scala/edu/uci/ics/texera/web/model/jooq/generated/tables/FileOfProject.java,src,generated schema,4618,131,9e922168c35bd6832244c61c9f13cc4c8fec06117776bb53c98615e592279945
training,jasontran320/texera_compose,core/amber/src/main/scala/edu/uci/ics/texera/web/model/jooq/generated/tables/FileOfWorkflow.java,src,generated schema,4671,131,34e0e74814468fb7ba960b699bb4dc0349621a025786102ec7738986df2e08a4
training,jasontran320/texera_compose,core/amber/src/main/scala/edu/uci/ics/texera/web/model/jooq/generated/tables/Project.java,src,generated schema,5510,150,52cf8e11a457ff3c5a21647232689a6f2ab5b26e638178e3a6204ae6fefe0d5e
training,jasontran320/texera_compose,core/amber/src/main/scala/edu/uci/ics/texera/web/model/jooq/generated/tables/ProjectUserAccess.java,src,generated schema,5395,136,bff32a87633c582706c334c7a9cde4dced50548b7b8cb4d98ab94ebfb2669fc5
training,jasontran320/texera_compose,core/amber/src/main/scala/edu/uci/ics/texera/web/model/jooq/generated/tables/PublicProject.java,src,generated schema,4435,128,51f25b9df0cce09152a7ab3ced5dc701dc9e88ad282e47a1491ee3404b7e0cf0
training,jasontran320/texera_compose,core/amber/src/main/scala/edu/uci/ics/texera/web/model/jooq/generated/tables/User.java,src,generated schema,5170,143,808546b523d6a03d4baebcd23a330bcf9a0e82f8ec218948ed19889a73f5c633
training,jasontran320/texera_compose,core/amber/src/main/scala/edu/uci/ics/texera/web/model/jooq/generated/tables/UserConfig.java,src,generated schema,4532,132,17b59d2cfe3b48e27707f6fc4fd71373dd004492d28b4c1de8189a44a18460d2
training,jasontran320/texera_compose,core/amber/src/main/scala/edu/uci/ics/texera/web/model/jooq/generated/tables/UserFileAccess.java,src,generated schema,5218,136,d33ab9b156d383b7c23e3045cd5d4fbcb25735141683a1fa2d6fdbc28301ed2d
training,jasontran320/texera_compose,core/amber/src/main/scala/edu/uci/ics/texera/web/model/jooq/generated/tables/Workflow.java,src,generated schema,5401,143,5e0a41307fe864f916f9af5e665516924ca75710bb5a8572051f7e51cc4ca788
training,jasontran320/texera_compose,core/amber/src/main/scala/edu/uci/ics/texera/web/model/jooq/generated/tables/WorkflowExecutions.java,src,generated schema,7608,169,b29abdbd35cc8a800594266355c24f37f033147b0de5919b7e17bc1a930d4692
training,jasontran320/texera_compose,core/amber/src/main/scala/edu/uci/ics/texera/web/model/jooq/generated/tables/WorkflowOfProject.java,src,generated schema,4829,131,b289aa0ab785d54bfef6915b0ac6ccac98a2ee101db414d981ee9960d839ea8d
training,jasontran320/texera_compose,core/amber/src/main/scala/edu/uci/ics/texera/web/model/jooq/generated/tables/WorkflowOfUser.java,src,generated schema,4671,131,451727b4256871f057856958f72beccc929ab6d954f52790298a99dc1d4e44cf
training,jasontran320/texera_compose,core/amber/src/main/scala/edu/uci/ics/texera/web/model/jooq/generated/tables/WorkflowUserAccess.java,src,generated schema,5452,136,93eeb1397799b4b68a7da9a10a6e5fd34c597b234dff2ef9acfbabac2f8f38cc
training,jasontran320/texera_compose,core/amber/src/main/scala/edu/uci/ics/texera/web/model/jooq/generated/tables/WorkflowVersion.java,src,generated schema,5416,142,08aed282c9b96dba828507b78d7b35900fef246a86225163ad8bd6b8ef1e80bd
training,jasontran320/texera_compose,core/amber/src/main/scala/edu/uci/ics/texera/workflow/operators/projection/AttributeUnit.java,src,application/query source,1531,42,7933fb91e7d1b8e4732e8cd193510faa1f76276cd0d57b9558acef75ea074791
training,jasontran320/texera_compose,core/archive/old-engine/api/src/main/java/edu/uci/ics/texera/api/utils/TestUtils.java,src,application/query source,5977,123,46d84145e830785bd425a0e7b0f286df70497377a282ebac0b9b7a396d6a64f9
training,jasontran320/texera_compose,core/archive/old-engine/dataflow/src/main/java/edu/uci/ics/texera/dataflow/join/JoinDistancePredicate.java,src,application/query source,14532,293,2e4aaef5bb89510e68c192012883e3b4366e3b7632b5f8bf664e41967416357b
training,jasontran320/texera_compose,core/archive/old-engine/dataflow/src/main/java/edu/uci/ics/texera/dataflow/join/SimilarityJoinPredicate.java,src,application/query source,11932,232,0ce4af418ee1a1ecbcaf02a0e85d5c737e192b261a7cf2fcd7ea9ca2ab3309b8
training,jasontran320/texera_compose,core/archive/old-engine/dataflow/src/main/java/edu/uci/ics/texera/dataflow/jooq/RunCodegen.java,src,application/query source,1867,37,747579f641445045fdab49bfadb7d28d1bceaa7fae22b29534df0795ba410037
training,jasontran320/texera_compose,core/archive/old-engine/dataflow/src/main/java/edu/uci/ics/texera/dataflow/jooq/generated/tables/File.java,src,generated schema,5134,149,3cd1df448ffefdc94901e87b97ae655cd0e597c08a0d1d8cca375bf24eac59ac
training,jasontran320/texera_compose,core/archive/old-engine/dataflow/src/main/java/edu/uci/ics/texera/dataflow/jooq/generated/tables/KeywordDictionary.java,src,generated schema,5664,145,0e7318b5c17cd4554782ada4ef104ce692705e0a02eac5c1930a4440c049fdee
training,jasontran320/texera_compose,core/archive/old-engine/dataflow/src/main/java/edu/uci/ics/texera/dataflow/jooq/generated/tables/User.java,src,generated schema,3949,126,b0dd34ecb2dbd81a9bf20ec13a656e36a8f24f332eed542954651d73124812d2
training,jasontran320/texera_compose,core/archive/old-engine/dataflow/src/main/java/edu/uci/ics/texera/dataflow/jooq/generated/tables/Workflow.java,src,generated schema,5097,139,dfe5997850e5a413e4afda971316b5f5561f2ef5abcaf668295229fead72319b
training,jasontran320/texera_compose,core/archive/old-engine/dataflow/src/main/java/edu/uci/ics/texera/dataflow/jooq/generated/tables/WorkflowOfUser.java,src,generated schema,4665,131,e5e088c98322e86a7cf8057a8100aab303f95145e035dac0092f30080f0df3e6
training,jasontran320/texera_compose,core/archive/old-engine/dataflow/src/main/java/edu/uci/ics/texera/dataflow/source/mysql/MysqlSource.java,src,application/query source,9741,211,2ae64fa4cf109bd7a61bfcc8b7fe4a867f0b68bd0ab2d7164691a9f8cc50b0ce
training,jasontran320/texera_compose,core/archive/old-engine/dataflow/src/main/java/edu/uci/ics/texera/dataflow/sqlServerInfo/SqlServer.java,src,application/query source,1049,25,2f8b1e06e77aa022c3e6256d1655f0582f1022368ee2af3cad43e0042d1c5c98
training,jasontran320/texera_compose,core/archive/old-engine/dataflow/src/test/java/edu/uci/ics/texera/dataflow/dictionarymatcher/DictionaryMatcherTest.java,src,application/query source,64727,1041,1e03aa2fd2f84755669aedbe5411ecb7288345c42d409a891e94b9db796c8fde
training,jasontran320/texera_compose,core/archive/old-engine/dataflow/src/test/java/edu/uci/ics/texera/dataflow/dictionarymatcher/DictionaryMatcherTestHelper.java,src,application/query source,8339,151,015dff4d06424a616ca416a924801e222c544d2b97c81e4431e56861c046d4f5
training,jasontran320/texera_compose,core/archive/old-engine/dataflow/src/test/java/edu/uci/ics/texera/dataflow/fuzzytokenmatcher/FuzzyTokenMatcherTest.java,src,application/query source,20250,308,73aa8ee4cace0af284bf9ab33e0010992c3a06ba6c2b91b804c43a6590043032
training,jasontran320/texera_compose,core/archive/old-engine/dataflow/src/test/java/edu/uci/ics/texera/dataflow/fuzzytokenmatcher/FuzzyTokenMatcherTestHelper.java,src,application/query source,6913,129,95fd1aca70859f0f39baa3c3163bd8faee1098169db20aa30cf7bfece93d8d39
training,jasontran320/texera_compose,core/archive/old-engine/dataflow/src/test/java/edu/uci/ics/texera/dataflow/join/JoinDistanceTest.java,src,application/query source,46585,742,509da94ed539ea9ec16023b6969bb6f55a35bf6fee2098e2ecd91f0ed094d123
training,jasontran320/texera_compose,core/archive/old-engine/dataflow/src/test/java/edu/uci/ics/texera/dataflow/join/JoinTestHelper.java,src,application/query source,8404,173,d06d8c1f1c1d206743a4a36ce761df95c44b13acd6cad138b5b491ec0aca8b2b
training,jasontran320/texera_compose,core/archive/old-engine/dataflow/src/test/java/edu/uci/ics/texera/dataflow/join/SimilarityJoinTest.java,src,application/query source,11544,191,2048f92be511b12441518e41c2e4cb1ef9ce7a5fd1f11ed405dd4b1887a2ade8
training,jasontran320/texera_compose,core/archive/old-engine/dataflow/src/test/java/edu/uci/ics/texera/dataflow/keywordmatcher/KeywordConjunctionTest.java,src,application/query source,23411,431,66fb47843bede9f0d48961143dd88da6c42337cd1750511585a8747c6a58acc2
training,jasontran320/texera_compose,core/archive/old-engine/dataflow/src/test/java/edu/uci/ics/texera/dataflow/keywordmatcher/KeywordPhraseTest.java,src,application/query source,19088,333,e8e3e5ca4b3aab1949631a27dacf57100940b15d559bf676a9d5c9f4c09d1614
training,jasontran320/texera_compose,core/archive/old-engine/dataflow/src/test/java/edu/uci/ics/texera/dataflow/keywordmatcher/KeywordSubstringTest.java,src,application/query source,8211,167,0ed4ad56b11fcfed58068acdd54eaa0285390efab8b65e4732c6c0284671b73c
training,jasontran320/texera_compose,core/archive/old-engine/dataflow/src/test/java/edu/uci/ics/texera/dataflow/keywordmatcher/KeywordTestHelper.java,src,application/query source,7914,139,1be4ec977b3174c77625928f746a20d0908a5ba1a75377b369ab4f482ddfdd43
training,jasontran320/texera_compose,core/archive/old-engine/dataflow/src/test/java/edu/uci/ics/texera/dataflow/plangen/LogicalPlanTest.java,src,application/query source,29966,606,3d587e52646797fb25e03f7de53eb6e4c049e8a78ddd87864c7616d32e9607e9
training,jasontran320/texera_compose,core/archive/old-engine/dataflow/src/test/java/edu/uci/ics/texera/dataflow/regexmatcher/RegexMatcherTest.java,src,application/query source,23542,412,0e82664546f3e29675d33154a47e08eba56f7582373ec3e017dad5108857bd25
training,jasontran320/texera_compose,core/archive/old-engine/dataflow/src/test/java/edu/uci/ics/texera/dataflow/regexmatcher/RegexMatcherTestHelper.java,src,application/query source,17982,290,3618490ba10efb4688e06a86115fa3db4c4d28372081ab23256c8614875771b9
training,jasontran320/texera_compose,core/archive/old-engine/dataflow/src/test/java/edu/uci/ics/texera/dataflow/regexmatcher/label/LabeledRegexMatcherTest.java,src,application/query source,11795,199,150109a9863976dbf567bccd4ab96135184543893e8f4f24316fe9363661cb2a
training,jasontran320/texera_compose,core/archive/old-engine/dataflow/src/test/java/edu/uci/ics/texera/dataflow/source/file/FileSourceOperatorTest.java,src,application/query source,4254,92,897dbc6cf9be750ed20f2dde7b07f9271b751078cea6a70dd97e9160cb76b6de
training,jasontran320/texera_compose,core/archive/old-engine/dataflow/src/test/java/edu/uci/ics/texera/dataflow/source/file/FileSourcePptPdfTest.java,src,application/query source,3155,81,bc2107ee6f97855cf456533a4f2396a399581cbb372cf2a565ace0cf9fd5d889
training,jasontran320/texera_compose,core/archive/old-engine/storage/src/main/java/edu/uci/ics/texera/storage/RelationManager.java,src,application/query source,19703,418,fb2866648765e1255ef2d6409447ee3b296ae0f9d8c7271fc870e1da9f1077b5
training,jasontran320/texera_compose,core/archive/old-engine/storage/src/test/java/edu/uci/ics/texera/storage/RelationManagerTest.java,src,application/query source,17809,344,ef87c537e123336b4337d2ec1f856d1bbd86cd3c0ee32aa8de1f6e80b6a6a071
training,jasontran320/texera_compose,core/archive/old-engine/web/src/main/java/edu/uci/ics/texera/web/resource/KeywordDictionaryResource.java,src,application/query source,13665,298,053a0f7a6662e54726f6c937221869203839f59431e13cd77a70f3967fc60445
training,jasontran320/texera_compose,core/archive/old-engine/web/src/main/java/edu/uci/ics/texera/web/resource/UserFileResource.java,src,application/query source,8702,192,142855b9bf4c8eb0f3b68cd7a570426f2f78058880dc45f99173f283eb6745a0
training,jasontran320/texera_compose,core/archive/old-engine/web/src/main/java/edu/uci/ics/texera/web/resource/UserResource.java,src,application/query source,5660,145,0cd07991dc3fd0b7473e0f5178ed7678bc1462d1d1c98d93efd131b89823429f
training,jasontran320/texera_compose,core/archive/old-engine/web/src/main/java/edu/uci/ics/texera/web/resource/WorkflowResource.java,src,application/query source,4889,118,cebc1946b2c0c5b768c50559c1babbb9bbfe5cf8855841f1cfd523fc152d4af2
training,jasontran320/texera_compose,core/util/src/main/java/edu/uci/ics/util/RunCodegen.java,src,application/query source,1862,35,9a6ed6d3858737283d1f9a06babfda91df3127be74fdf712b1846cca2b31b399
validation,jiangtj/jc-platform,micro-sql-jooq/src/main/java/com/jiangtj/platform/sql/jooq/ExtendGenerator.java,src,application/query source,2721,60,04edbfb257c21ed24fddac64e3a3f98c467fd1aa37cb12d07e24c82beac70148
validation,jiangtj/jc-platform,micro-sql-jooq/src/main/java/com/jiangtj/platform/sql/jooq/GenerateHelper.java,src,application/query source,1842,53,981bf2c2005f0535f661bd15b87e8e2e72671da74499d37a0909b99213f11a53
validation,jiangtj/jc-platform,micro-sql-jooq/src/main/java/com/jiangtj/platform/sql/jooq/PageUtils.java,src,application/query source,5467,110,c4d3229e54603594256a3e8d008b0fab885236de3e9ed7f141ef26c9f3c3efa3
validation,jiangtj/jc-platform,micro-sql-jooq/src/test/java/com/jiangtj/platform/sql/jooq/PageUtilsTest.java,src,application/query source,2835,68,af5fbc7e590cecf98037ee4daf995c4993987eba5fb5f00e9b247739eee5ad31
validation,jiangtj/jc-platform,micro-sql-jooq/src/test/java/com/jiangtj/platform/sql/jooq/jooq/tables/SystemOperateRecord.java,src,generated schema,5737,149,f1d2b63e18e4d6a609772f39cd0aca27f1f4113ce6e2434ae78f21e7e73be2b0
validation,jiangtj/jc-platform,micro-sql-jooq/src/test/java/com/jiangtj/platform/sql/jooq/jooq/tables/SystemUser.java,src,generated schema,5030,139,39fe7f2c013e37d06313810776c6c017d8634ad6cca15510cc4eb765e97d7344
validation,jiangtj/jc-platform,micro-sql-jooq/src/test/java/com/jiangtj/platform/sql/jooq/jooq/tables/SystemUserRole.java,src,generated schema,4455,127,d478b12d8492f71c38b849abe355a8e9dad5b681df60172ea1174f3f10fa57aa
validation,jiangtj/jc-platform,system-server/src/main/java/com/jiangtj/platform/system/UserRoleService.java,src,application/query source,2046,54,6ec65f2c9f93dfa8a3ea5d0d856b508bdeee4dd9c30e858cca3fbc4971a2f14e
validation,jiangtj/jc-platform,system-server/src/main/java/com/jiangtj/platform/system/UserService.java,src,application/query source,5337,123,5ef99c693d2bbc281ec8d86e4791553e4a310661e492054645aa910ecc7c4327
validation,jiangtj/jc-platform,system-server/src/main/java/com/jiangtj/platform/system/jooq/tables/SystemOperateRecord.java,src,generated schema,6070,162,d2d6527aeac278a9ff58b9d962a61e99c036adb3fbdd8456324b3c6b7e2429cd
validation,jiangtj/jc-platform,system-server/src/main/java/com/jiangtj/platform/system/jooq/tables/SystemUser.java,src,generated schema,5334,151,37dec234f366118d0efda9bcdc790cfb152bd76fa1f7c028ac8a2c37d38fa240
validation,jiangtj/jc-platform,system-server/src/main/java/com/jiangtj/platform/system/jooq/tables/SystemUserRole.java,src,generated schema,4743,138,fde55680c478f0d47524eb03bac6144538ebef6027a0d4aa42446840aeb47de3
validation,jiangtj/jc-platform,system-server/src/test/java/com/jiangtj/platform/system/GenerateTest.java,src,application/query source,2694,56,f31209447d3e5be5250ab06246e445d56fa487bfc469b427f93a5d9e182ce73c
validation,jiangtj/jc-platform,system-server/src/test/java/com/jiangtj/platform/system/UserRoleTest.java,src,application/query source,2144,57,d0793dd0b06d0946c47f94799484f3efcee0599958fb0d3e4a086b23009ad3c1
validation,jiangtj/jc-platform,system-server/src/test/java/com/jiangtj/platform/system/UserTest.java,src,application/query source,4906,138,776c0842f4c640404d3d66bac5b52b55a959d0a2bc24a3b0b1573eb3f1c51e67
validation,juanhaugaard/H2-sakila,jooq-generated-sakila/src/main/java/org/tayrona/sakila/data/tables/Actor.java,src,generated schema,5382,160,4ca7288db0620a52d603aa7915b479b426e8a65c3dc646cd358a9e8ee76ec7cc
validation,juanhaugaard/H2-sakila,jooq-generated-sakila/src/main/java/org/tayrona/sakila/data/tables/Address.java,src,generated schema,6835,183,27e5bc39b67908fd0d22795585a09ccfbbf7752ac0dd915b8675e4f3e1b14544
validation,juanhaugaard/H2-sakila,jooq-generated-sakila/src/main/java/org/tayrona/sakila/data/tables/Category.java,src,generated schema,5211,154,1149195a07d58ce87c8e02bfcb0d0c50fb779d3ace89495cffd004331f32062c
validation,juanhaugaard/H2-sakila,jooq-generated-sakila/src/main/java/org/tayrona/sakila/data/tables/City.java,src,generated schema,5541,167,802f52cb2a45501356addfeb381ba5702a7d0a40b25a0f1bdfa6209cb071f679
validation,juanhaugaard/H2-sakila,jooq-generated-sakila/src/main/java/org/tayrona/sakila/data/tables/Country.java,src,generated schema,5265,152,b20156332fb43152d7d46ef119401f7896408af81d695ba77183f9cd80d66fd9
validation,juanhaugaard/H2-sakila,jooq-generated-sakila/src/main/java/org/tayrona/sakila/data/tables/Customer.java,src,generated schema,7773,202,4791416bfe1986404551b41e05049b07651222dd9521b0633bf87d9f0b5b9058
validation,juanhaugaard/H2-sakila,jooq-generated-sakila/src/main/java/org/tayrona/sakila/data/tables/Film.java,src,generated schema,9848,230,fdedb4fede148431a3cc8eafdf6f4609a2798749232a36db7257b4b5500fb265
validation,juanhaugaard/H2-sakila,jooq-generated-sakila/src/main/java/org/tayrona/sakila/data/tables/FilmActor.java,src,generated schema,5662,167,c8b3c1829ec6303d66cf3e788ad3b53b3b5858389dc85d40d97a2a2d30ffd181
validation,juanhaugaard/H2-sakila,jooq-generated-sakila/src/main/java/org/tayrona/sakila/data/tables/FilmCategory.java,src,generated schema,5860,167,d466180f552e50fdbfb466ee12adad9f192be13e5371118ee5e0817c09b7e398
validation,juanhaugaard/H2-sakila,jooq-generated-sakila/src/main/java/org/tayrona/sakila/data/tables/FilmText.java,src,generated schema,4968,150,75ffbbac5ea81a4cf1105911a649e519256e68435c1e2ceea1d1f2c6f6a8fa8d
validation,juanhaugaard/H2-sakila,jooq-generated-sakila/src/main/java/org/tayrona/sakila/data/tables/Inventory.java,src,generated schema,6264,182,50e9c62f051fdfcf2d2938b05638e4219f8c0fdb95c9876c2a8590205db09848
validation,juanhaugaard/H2-sakila,jooq-generated-sakila/src/main/java/org/tayrona/sakila/data/tables/Language.java,src,generated schema,5027,148,36973a3843d94e95dbb6493a72da589ad9a7451149b6318f55bec8d9da40e06b
validation,juanhaugaard/H2-sakila,jooq-generated-sakila/src/main/java/org/tayrona/sakila/data/tables/Payment.java,src,generated schema,7254,199,ba9cb408c6cb6efafcb632f3d00342153a21caf764a514b3f4903f0db9d18221
validation,juanhaugaard/H2-sakila,jooq-generated-sakila/src/main/java/org/tayrona/sakila/data/tables/Rental.java,src,generated schema,7436,204,e29a33934199b21eb1aad57396725ecbe25889b54aeeb4f22d45983b4395608e
validation,juanhaugaard/H2-sakila,jooq-generated-sakila/src/main/java/org/tayrona/sakila/data/tables/Staff.java,src,generated schema,7837,204,39e5bd52337e6ec2a3adc620c1e80b76f7efd785b534bba99e9bd9f56afee55b
validation,juanhaugaard/H2-sakila,jooq-generated-sakila/src/main/java/org/tayrona/sakila/data/tables/Store.java,src,generated schema,6030,180,07c2100d418bf4f2fc1ca1410040739476954cd63f7e83e027560079df195d3d
validation,juanhaugaard/H2-sakila,sakila-data-generator/src/main/java/org/tayrona/sakila/data/GeneratorApplication.java,src,application/query source,662,19,b485ea5954355ce005035752d9c9cf3620b7c71936fee8c3a1e62e2cd1e2cc71
validation,juanhaugaard/H2-sakila,sakila-data-generator/src/main/java/org/tayrona/sakila/data/generators/AddressGenerator.java,src,application/query source,8999,195,0b57bdb1ba9259e9890474f38e0afc106b57fafcb2592f598ddf1b1f48a298ed
validation,juanhaugaard/H2-sakila,sakila-data-generator/src/main/java/org/tayrona/sakila/data/generators/FilmGenerator.java,src,application/query source,16422,379,bd1d1c340b777b265b38cd75daaea55e0829b255489ff7f3346fa0f634603b9f
validation,juanhaugaard/H2-sakila,sakila-data-generator/src/main/java/org/tayrona/sakila/data/generators/StoreGenerator.java,src,application/query source,10163,197,39a846f0c8dde03c49b39fb14ebca94cdfbc7f9d2b336173cffb44e45056127e
validation,juanhaugaard/H2-sakila,sakila-data-generator/src/main/java/org/tayrona/sakila/data/generators/TransactionGenerator.java,src,application/query source,8346,168,5cbca351f24c3d30acd2ce053fc4d9c9c5c7c8db8afdc0d73c5b4e74e40219c3
validation,juanhaugaard/H2-sakila,sakila-data-generator/src/main/java/org/tayrona/sakila/data/utils/CsvTranscoder.java,src,application/query source,2498,58,73467e2bc4290538a2aa0abc7f1c8eda2c342dfe6a309148ed53873f609752bd
test,kaeru61/chat_app,src/main/java/com/chatapp/internal/adapter/adapterImpl/ChatRoomDBAdapterImpl.java,src,application/query source,4758,105,c09340f4fbd8630a0a7f1028f8d83828236ebc633c6adabf9878f738d287b6c1
test,kaeru61/chat_app,src/main/java/com/chatapp/internal/adapter/adapterImpl/MessageDBAdapterImpl.java,src,application/query source,1848,45,a032dbf54bfa4401f789c228c9c829182e9e4f4abda610c025d6c619737799c7
test,kaeru61/chat_app,src/main/java/com/chatapp/internal/adapter/adapterImpl/UserDBAdapterImpl.java,src,application/query source,2554,69,d5c5d42230af8ca96c44de775db29afa4d5a5369f3be4fec013790d5933b14b0
test,kaeru61/chat_app,src/main/java/com/chatapp/jooq/com/chatapp/jooq/tables/ChatRoomUsers.java,src,generated schema,6357,177,39f1aa08b0203f84ffd2223fb81f988e0f2a1914da4064c5ea46726f85420016
test,kaeru61/chat_app,src/main/java/com/chatapp/jooq/com/chatapp/jooq/tables/ChatRooms.java,src,generated schema,6367,170,d33d7e3195c5bd9a1e38791ce770080ef963512b6d9d49cda8dd71a5e13c4a54
test,kaeru61/chat_app,src/main/java/com/chatapp/jooq/com/chatapp/jooq/tables/Messages.java,src,generated schema,6304,181,19e09a21d118e3bff84ad60f5eda1a13efc6bbe2525e3a941363c92e58c7b88d
test,kaeru61/chat_app,src/main/java/com/chatapp/jooq/com/chatapp/jooq/tables/Users.java,src,generated schema,5149,152,0d738b1766bff3a791edcddba43eb2ac9141eb50301cb96551e25e68808f4c1e
training,kamil-sita/labelle,core-common/src/main/java/place/sita/labelle/core/persistence/JqRepo.java,src,application/query source,1180,29,b161937673981e30d55928d633e6b4340f0682564ba4088ae540907ccc4569cc
training,kamil-sita/labelle,core-common/src/main/java/place/sita/labelle/datasource/impl/jooq/JooqContextProvider.java,src,application/query source,146,5,34663db1290d66735ce529562cc8f603a17ecac2707be352dc6d13c688d6dc64
training,kamil-sita/labelle,core-common/src/main/java/place/sita/labelle/datasource/impl/jooq/JooqUnderlyingDataSourceBuilder.java,src,application/query source,9219,194,be8746938bdfa6a616a3afeae22d7272dae9d590a2d2bb4bba257b897aa993c0
training,kamil-sita/labelle,core-common/src/main/java/place/sita/labelle/datasource/impl/jooq/JooqUnderlyingDataSourceBuilderWithRemoval.java,src,application/query source,340,6,555aa83a648e70c34558c1db70190c7b3547ea9b9195caaa6353d2c79e9e7719
training,kamil-sita/labelle,core-common/src/main/java/place/sita/labelle/datasource/impl/jooq/JooqUnderlyingDataSourceBuilderWithoutRemoval.java,src,application/query source,400,7,322c0f2cd6397504771b63d261b726c8a2087baf509398255447d328157b171d
training,kamil-sita/labelle,core-common/src/main/java/place/sita/labelle/datasource/impl/jooq/JooqUnderlyingDataSourceQueryBuilder.java,src,application/query source,777,14,d699bfae85cf4e5fd64c50506ffc0442a22514817a29551480782ea6cff27c98
training,kamil-sita/labelle,core-common/src/main/java/place/sita/labelle/datasource/impl/jooq/TableFieldAndValue.java,src,application/query source,152,4,b777137b161f0834a82e950c52612bf238adc53c3dfa865db70f0acfaa2ea251
training,kamil-sita/labelle,core-common/src/main/java/place/sita/labelle/datasource/impl/jooq/binding/BindingContextFactoryBuilders.java,src,application/query source,6594,160,d78c4b40b9400c71ef5eeb3325cd5ae60d365b87d510b15bceaefcc0aad6e66f
training,kamil-sita/labelle,core-common/src/main/java/place/sita/labelle/datasource/impl/jooq/binding/JooqFilteringVisitor.java,src,application/query source,4497,121,fc262d73458865d55e85d3e09e8c1c2c9ab69ec5960293dedce27344d3a85f6c
training,kamil-sita/labelle,core-common/src/main/java/place/sita/labelle/datasource/impl/jooq/binding/TypeUtil.java,src,application/query source,1323,35,1bb47bb2f1cc22e824c8cd8086e7125e2aaebdbccaf4e3eb1299b85e3f292c24
training,kamil-sita/labelle,core-common/src/main/java/place/sita/labelle/datasource/impl/jooq/binding/binding/BindingContextFactory.java,src,application/query source,209,5,8620d76783ed679a61e21889d119dba69a64041b905bd56148ccf0601765ad3e
training,kamil-sita/labelle,core-common/src/main/java/place/sita/labelle/datasource/impl/jooq/binding/binding/PropertyBindingContext.java,src,application/query source,239,6,23606c88cf1c7671520489e463f00cc6324d65137f53976937dcdf136323bd95
training,kamil-sita/labelle,core-common/src/main/java/place/sita/labelle/datasource/impl/jooq/binding/binding/PropertyBindingSubEntityContext.java,src,application/query source,282,7,d90ad747c9564b5c5a2b6f42067cf9319fba8728a445dc8373ac24faa3116137
training,kamil-sita/labelle,core-common/src/main/java/place/sita/labelle/datasource/impl/jooq/binding/builder/BindingContextFactoryBuilder.java,src,application/query source,666,11,a3be25e86c2a669d0fd42c83a547c65f64b02cb11edd6bf473841108c3aee88d
training,kamil-sita/labelle,core-common/src/main/java/place/sita/labelle/datasource/impl/jooq/binding/builder/ParentBindingContextFactoryBuilder.java,src,application/query source,340,6,a49b05b1f9e7c11bac9206ab38159bfc709e2288697f89731cdec45e514a69b4
training,kamil-sita/labelle,core/src/main/java/place/sita/labelle/core/images/imagelocator/ImageLocatorService.java,src,application/query source,1074,29,206d39a82b0dc06752d9841a0c6356f58b615fe723c7245441f4ac6fe280a755
training,kamil-sita/labelle,core/src/main/java/place/sita/labelle/core/preferences/Preferences.java,src,application/query source,838,21,bf6fce5b6b8746ff0231f20f73a501ed38eee9efd0a1302de0ac1324b5fecc57
training,kamil-sita/labelle,core/src/main/java/place/sita/labelle/core/repository/RootRepository.java,src,application/query source,3182,86,a8e4d12e49cdbba5c66cb71b7079bd49602c10496f42b545e0c75bb8c0e20bad
training,kamil-sita/labelle,core/src/main/java/place/sita/labelle/core/repository/automation/tagtranslation/TagTranslationService.java,src,application/query source,4108,89,d024c669dda7ca3c8292454c61ad5ab9af7564054c685508f16db147226eaa2b
training,kamil-sita/labelle,core/src/main/java/place/sita/labelle/core/repository/inrepository/InRepositoryService.java,src,application/query source,4902,115,3271a582238920d70e1d7e4b0ebaec0e34fc9393a79b9a576276d13d478f9ce6
training,kamil-sita/labelle,core/src/main/java/place/sita/labelle/core/repository/inrepository/delta/DeltaRepository.java,src,application/query source,7009,168,6bcbd8fcea52bb47c56fbfe0652f925f9028477b4b00d034df35adad3dd95d8a
training,kamil-sita/labelle,core/src/main/java/place/sita/labelle/core/repository/inrepository/delta/DeltaService.java,src,application/query source,2545,72,e47415cf76cf7231d523b17128e898b558077a7d209a67cb07f9f9b794ac49c1
training,kamil-sita/labelle,core/src/main/java/place/sita/labelle/core/repository/inrepository/image/ImageRepository.java,src,application/query source,12674,290,f969916f101e041b4fce1a602c552a5bd318e19e29307a8ed3a8765f7c465dd1
training,kamil-sita/labelle,core/src/main/java/place/sita/labelle/core/repository/inrepository/image/ImageService.java,src,application/query source,7528,183,e19d6dbf94d25d9408536a9265198829949e3f1f17571ac7e6578c90aaccb9f0
training,kamil-sita/labelle,core/src/main/java/place/sita/labelle/core/repository/inrepository/image/replication/ImageReplication.java,src,application/query source,16118,332,30992a2347b5d63a1a99738a85f3f19ce784f45b48233825dc501ff21aef0fd0
training,kamil-sita/labelle,core/src/main/java/place/sita/labelle/core/repository/inrepository/statistics/StatisticsService.java,src,application/query source,945,24,3ce23a0e17b856026ac3bb5dcc66ee8c2ccff69aa17f37730e5407ac4abf2197
training,kamil-sita/labelle,core/src/main/java/place/sita/labelle/core/repository/inrepository/tags/TagRepository.java,src,application/query source,11945,309,4061b4aa91df0ddf112868bd0675ba66918f68c6f1ab9cbe2546083d1715bb35
training,kamil-sita/labelle,core/src/main/java/place/sita/labelle/core/repository/repositories/RepositoryService.java,src,application/query source,3559,102,e6279fa1638cc15037f5f578466940b9dd82f10f914a9619be2586c85d3c8189
training,kamil-sita/labelle,core/src/main/java/place/sita/labelle/extensions/tag/suggestions/TagSuggestions.java,src,application/query source,2169,48,958a9dfce14a5eb38438c9c87e97500730c149ed7a77e01ec64c3d20beb125fd
training,kamil-sita/labelle,core/src/test/java/place/sita/labelle/core/automation/tasks/clear/ClearRepositoryTaskTest.java,src,application/query source,3522,78,b933635be637635a7b4f273e1017e38f149f0957ee65adaf31854d879285349c
training,kamil-sita/labelle,core/src/test/java/place/sita/labelle/core/automation/tasks/clone/CloneRepositoryTaskTest.java,src,application/query source,2375,61,988c1fc90e9ffca7ef0bd6d76ba470c3bf117e908ab22abd897c25112a93d010
training,kamil-sita/labelle,core/src/test/java/place/sita/labelle/core/automation/tasks/createchild/CreateChildRepositoryTaskTest.java,src,application/query source,5933,131,f068fdcd63020397557abddc5cd8fee1d1fec7e66ad57e73f3f4afc0836ea005
training,kamil-sita/labelle,core/src/test/java/place/sita/labelle/core/extensions/tag/suggestions/TagSuggestionsTest.java,src,application/query source,8750,194,fae0b3d3a6abab7c10a725996e0dbfc4802b253ac1ef138327d510e62b951c6c
training,kamil-sita/labelle,core/src/test/java/place/sita/labelle/core/repository/inrepository/InRepositoryParentTagsTest.java,src,application/query source,4109,77,0162ca1403bd8d0c12b78a64a0fa1543ef1d31e7b3591cb2d050e3a59128f942
training,kamil-sita/labelle,core/src/test/java/place/sita/labelle/core/repository/inrepository/delta/DeltaServiceTest.java,src,application/query source,14660,297,8f9615c07d9f703e7b6615ccef361068fa13c629efea0e975d807c92f0827721
training,kamil-sita/labelle,core/src/test/java/place/sita/labelle/core/repository/inrepository/image/ImageRepositoryTest.java,src,application/query source,32699,727,8b5d912009f2f3387a6cc4f6df581d9643a22cf2d5eaf35245ccfd7362bbe6c2
training,kamil-sita/labelle,core/src/test/java/place/sita/labelle/core/repository/inrepository/image/ImageServiceIdsTest.java,src,application/query source,5857,118,247888ded855bfa9b81658aa7548a9e56abbb397b4b9e0ba2a0c20d97b2473ff
training,kamil-sita/labelle,core/src/test/java/place/sita/labelle/core/repository/inrepository/statistics/StatisticsServiceTest.java,src,application/query source,3844,92,620fe2762b0fd088e9091a1b22f64abb2b0ef0a5467e5fe9bd03717ec6d92785
training,kamil-sita/labelle,core/src/test/java/place/sita/labelle/core/repository/inrepository/tags/TagRepositoryTest.java,src,application/query source,11682,245,5eb0e6418a90956d4d8ff71238d0581b246d2e9e4630994a02525f97af36270f
training,kamil-sita/labelle,core/src/test/java/place/sita/labelle/core/repository/repositories/RepositoryServiceTest.java,src,application/query source,2298,63,cbb6fe4a219a6821fe9d20e22afa1456104c257fda155987d62c7128fb31b5d4
training,kamil-sita/labelle,core/src/test/java/place/sita/labelle/core/tasks/MassTagTaskTypeTest.java,src,application/query source,5077,123,30243f689da56eb9469d7a72e38ec7fc101f8efb9a04f10a8699a16d49b2dc70
training,kamil-sita/labelle,db-codegen/src/main/java/place/sita/labelle/jooq/tables/EffectiveHistoricConfiguration.java,src,generated schema,6079,134,780b2e84bbc098abfdf537eac356462714b21fcb9d02f11c04465dbeaea15c5d
training,kamil-sita/labelle,db-codegen/src/main/java/place/sita/labelle/jooq/tables/Image.java,src,generated schema,5854,157,3427a3e7b3fae192bac0f021df64f31a49f2e6023a329dc0044d89f7a531cf4c
training,kamil-sita/labelle,db-codegen/src/main/java/place/sita/labelle/jooq/tables/ImageDelta.java,src,generated schema,4206,124,f82e2c7a70205414f9ca113858e579621e75ab619187079bb18b43f9d0d57058
training,kamil-sita/labelle,db-codegen/src/main/java/place/sita/labelle/jooq/tables/ImageFile.java,src,generated schema,4132,127,a479e06781cc8d9cc49992f64661882b5a87f6d6cce1acd80a54b1978f79df24
training,kamil-sita/labelle,db-codegen/src/main/java/place/sita/labelle/jooq/tables/ImageResolvable.java,src,generated schema,4458,127,003c549fc2d95253d7730510e7f7e1fc42772af40724b165df494ca5bbbbcf6b
training,kamil-sita/labelle,db-codegen/src/main/java/place/sita/labelle/jooq/tables/ImageTags.java,src,generated schema,4112,113,235f895feb4610ed16a79dc41fce3c069a649820380d976e881989fda9ff8f23
training,kamil-sita/labelle,db-codegen/src/main/java/place/sita/labelle/jooq/tables/Marker.java,src,generated schema,4070,126,93dbecde6d7f864116d360aa01488299132f1670ff19d2e369218d83c0575299
training,kamil-sita/labelle,db-codegen/src/main/java/place/sita/labelle/jooq/tables/ParentChildImage.java,src,generated schema,4082,105,73cc7e309fa8c48ee0e337bf14bf681bd1daa0db614e66bfd7d5d7b3a68176b4
training,kamil-sita/labelle,db-codegen/src/main/java/place/sita/labelle/jooq/tables/Preferences.java,src,generated schema,3545,110,3e6c6eea6e3e15e1493b2813ea78cef3add282b91b1be35534037581840a8cb4
training,kamil-sita/labelle,db-codegen/src/main/java/place/sita/labelle/jooq/tables/Repository.java,src,generated schema,3516,111,00a331dea6140d6d70571767ac374853cae5c8a7f40b840f433be9f2e0dc6b8a
training,kamil-sita/labelle,db-codegen/src/main/java/place/sita/labelle/jooq/tables/RepositoryRelationship.java,src,generated schema,5089,131,b01a7d8b0fba30b73063861895967f50566fd66984c174dfe3aff3c9a3bd3c3d
training,kamil-sita/labelle,db-codegen/src/main/java/place/sita/labelle/jooq/tables/Root.java,src,generated schema,3295,111,a00fd95a00e2a285b379da87f25ca286faa9beb53f6f453c1f28da75fdf8b13e
training,kamil-sita/labelle,db-codegen/src/main/java/place/sita/labelle/jooq/tables/Tag.java,src,generated schema,3902,127,5a1d33c708fb511b86cab198e0da3d0ad8cafa288a78efd715baa59a208642af
training,kamil-sita/labelle,db-codegen/src/main/java/place/sita/labelle/jooq/tables/TagDelta.java,src,generated schema,4177,126,4e95b70d8295860a4f987d546f8418f56d0cf42f6a9d7da439675c4064894fed
training,kamil-sita/labelle,db-codegen/src/main/java/place/sita/labelle/jooq/tables/TagDeltaCalc.java,src,generated schema,5170,113,729c6a7b2c2435f2844207fb937931458a1270925032cd598f8783737ca0961e
training,kamil-sita/labelle,db-codegen/src/main/java/place/sita/labelle/jooq/tables/TagImage.java,src,generated schema,3909,124,c2aec6d8595557ebe4d3d279b62ca046fb2a78727d28a6621992ed65982c214b
training,kamil-sita/labelle,db-codegen/src/main/java/place/sita/labelle/jooq/tables/TagTranslation.java,src,generated schema,4731,131,659fa9715cd55a35f8aa6bf661199bada85d49cb7b750f88ffd278d2cb7513ff
training,kamil-sita/labelle,db-codegen/src/main/java/place/sita/labelle/jooq/tables/Task.java,src,generated schema,4526,137,b359e11a439958d2d8e32476431b701084f3986b3e156b4628e759544904d28c
training,kamil-sita/labelle,db-codegen/src/main/java/place/sita/labelle/jooq/tables/TaskConfig.java,src,generated schema,3937,123,04d23be4d39e36c93757a478a08c27f020ca310938ba66dd82b67631646f1d8c
training,kamil-sita/labelle,db-codegen/src/main/java/place/sita/labelle/jooq/tables/TaskDependencies.java,src,generated schema,4628,125,9dec051bd97a8b0d5919997beebaea654c2ed148730a54b9b869b495d2154415
training,kamil-sita/labelle,db-codegen/src/main/java/place/sita/labelle/jooq/tables/TaskExecution.java,src,generated schema,5707,149,8eb3443d6e4deeccdd9d50c3de63413cbf867a5c90c5434693b47093ba4baa09
training,kamil-sita/labelle,db-codegen/src/main/java/place/sita/labelle/jooq/tables/TaskPlanning.java,src,generated schema,4597,114,21594631120c5874665517e964ec31264b4f6c21bc298e4305a3926e9dd34781
training,kamil-sita/labelle,db-codegen/src/main/java/place/sita/labelle/jooq/tables/TaskType.java,src,generated schema,3664,115,1f35b2c86c1b8fbe976251d8e1de266f946f2f63d8a6558082171a960f6ae5ee
training,kamil-sita/labelle,gui-local/src/main/java/place/sita/labelle/gui/local/repositoryfx/RepositoryTab.java,src,application/query source,14250,327,89edbd9e6d034d6f0c49f25c9ddb0aeedb62ee7e8ed76688d91971869f51f518
training,kamil-sita/labelle,gui-local/src/test/java/place/sita/labelle/GuiTest.java,src,application/query source,1403,35,4671335ea203d95a4e16509d140477c540ae561a688d071a97d9798e87dfdc88
training,kamil-sita/labelle,magic-scheduler/src/main/java/place/sita/magicscheduler/ExecutionsService.java,src,application/query source,8250,170,603b664fb6e599618aa86ebc826bf19bfcbc822150f9d4e8ed6a4578256d0906
training,kamil-sita/labelle,magic-scheduler/src/main/java/place/sita/magicscheduler/InternalTaskSubmitterImpl.java,src,application/query source,4228,87,c56f0179bef7f9c0367be1fe1709b93142f32e883eadc838aa30e1a021ca873c
training,kamil-sita/labelle,magic-scheduler/src/main/java/place/sita/magicscheduler/scheduler/TaskStateRepository.java,src,application/query source,2480,56,9d33e115da4d29c2e8278e38464b7895cd943bb0921463d5929650b554f2c93c
training,kamil-sita/labelle,magic-scheduler/src/main/java/place/sita/magicscheduler/scheduler/TypeSpecificQueue.java,src,application/query source,9418,214,98f1281c1fd0e2996356e447d5a65ca73df81fe746d53bd8e997eafcc0422e2f
training,kamil-sita/labelle,magic-scheduler/src/main/java/place/sita/magicscheduler/scheduler/environment/SchedulerAwareTaskExecutionEnvironment.java,src,application/query source,3577,69,2b5e0d7754d7f0dfa531c3f1dbe5d347f1334af4b0c0a80b37288c2ae07dcde1
training,kamil-sita/labelle,magic-scheduler/src/main/java/place/sita/magicscheduler/tasktype/TaskTypeRegistry.java,src,application/query source,5455,123,830da14a09be3d292d6b5a4e78d49edcc01ad9161cbe95071a302740cdf047f6
test,killbill/killbill-stripe-plugin,src/main/java/org/killbill/billing/plugin/stripe/StripePaymentMethodInfoPlugin.java,src,application/query source,2033,38,39431f785d36edf148c26c5ba1bbba1bc4c73bdc6415e185fcc2867115bbdf3c
test,killbill/killbill-stripe-plugin,src/main/java/org/killbill/billing/plugin/stripe/StripePaymentMethodPlugin.java,src,application/query source,2338,44,7d60113ae87fa37dfb5e748435c4ad1c1ab329fca3dcb0cb159f43186c8e3d10
test,killbill/killbill-stripe-plugin,src/main/java/org/killbill/billing/plugin/stripe/StripePaymentPluginApi.java,src,application/query source,67978,939,8c03c308081accab36828bcc9627c757dddb9772055bec6b9f9e0b9d37b5fed5
test,killbill/killbill-stripe-plugin,src/main/java/org/killbill/billing/plugin/stripe/StripePaymentTransactionInfoPlugin.java,src,application/query source,9266,170,be583940b4b2de87e3de822d520c1649522aa8183edae904093c681005f7d6db
test,killbill/killbill-stripe-plugin,src/main/java/org/killbill/billing/plugin/stripe/dao/StripeDao.java,src,application/query source,18731,299,0a515f5eaf726496ae955ca8a134abe6d17fa187b9e86358ca65a3468140c85c
test,killbill/killbill-stripe-plugin,src/main/java/org/killbill/billing/plugin/stripe/dao/gen/tables/StripeHppRequests.java,src,generated schema,6508,152,7f35a6024c9c65e8c8c9300c90728d5711e8745a2bdb8be65f7b7e4a0ba7dbec
test,killbill/killbill-stripe-plugin,src/main/java/org/killbill/billing/plugin/stripe/dao/gen/tables/StripePaymentMethods.java,src,generated schema,7353,160,8c1ae58938aaf019e0334bc9bd282f9f5da3fc8aa11e0ff2fdee49b5398afaa4
test,killbill/killbill-stripe-plugin,src/main/java/org/killbill/billing/plugin/stripe/dao/gen/tables/StripeResponses.java,src,generated schema,7191,165,60b88df4b3e9f92e0902f51773b86d4cfbf1f5b8f7bef14481920f962902ccd2
test,killbill/killbill-stripe-plugin,src/test/java/org/killbill/billing/plugin/stripe/EmbeddedDbHelper.java,src,application/query source,2296,55,4c741d06c7e63f23f75d52c00a50c5c66defb39a0364e2f7253e150463cb2556
training,kryakobess/TinkoffBackendCourse,scrapper-jooq/src/main/java/org/example/JooqCodegenApplication.java,src,application/query source,2181,46,4e4ec77f27cd08f1681d5a0c1f5fc1fe2e6fc140215e037694e2740a10f7382e
training,kryakobess/TinkoffBackendCourse,scrapper/src/main/ru/tinkoff/edu/java/scrapper/Repositories/jooq/JooqLinkRepository.java,src,application/query source,3516,82,f34412a1d0115e90914504dc9b8965eba6d077848c083826d3b71ee9508dacee
training,kryakobess/TinkoffBackendCourse,scrapper/src/main/ru/tinkoff/edu/java/scrapper/Repositories/jooq/JooqTelegramUserRepository.java,src,application/query source,2481,62,e76ecef8e226532e98c476893d105d76c1e84b2de88ef0a5c58aa2530d126416
training,kryakobess/TinkoffBackendCourse,scrapper/src/main/ru/tinkoff/edu/java/scrapper/configuration/ScrapperConfiguration.java,src,application/query source,1500,36,cd0641007180ba330c42945ec00eaef7e5ae6c7334a07a295469fc19522f2c15
training,kryakobess/TinkoffBackendCourse,scrapper/src/main/ru/tinkoff/edu/java/scrapper/domains/jooq/tables/LinkSubscription.java,src,generated schema,6393,189,f9cea432034b33f359327e8a544e75a78f29cb96fb8df4c34f8fe21373c563dd
training,kryakobess/TinkoffBackendCourse,scrapper/src/main/ru/tinkoff/edu/java/scrapper/domains/jooq/tables/TgUser.java,src,generated schema,5065,171,9c40e32478221ee5ea3a9de19a76fea5df377ce0be96440a1fa58dc13b468e66
training,kryakobess/TinkoffBackendCourse,scrapper/src/test/java/scrapper/IntegrationEnvironment.java,src,application/query source,2705,60,789d08d2cadacb979b74b21e60efcd040c3d2985548f770b080cc62ed7e0d77c
test,lightningdevkit/vss-server,java/app/src/main/generated/jooq/org/vss/postgres/tables/VssDb.java,src,generated schema,5597,170,db27bc1362ff5d93efd18fd185a772bb053d9c9a634dbc95442d41fd37cf5421
test,lightningdevkit/vss-server,java/app/src/main/java/org/vss/guice/BaseModule.java,src,application/query source,4215,85,1193025a57aa8e5299892cc8b4b6ab7ab0eec0fb6b91c4b448677bf0d7827684
test,lightningdevkit/vss-server,java/app/src/main/java/org/vss/impl/postgres/PostgresBackendImpl.java,src,application/query source,9777,227,34b91fb1a8aa0a9e1221ac71d0911b88b54f224ed5258e2e478a791768699b92
test,lightningdevkit/vss-server,java/app/src/test/java/org/vss/impl/postgres/PostgresBackendImplIntegrationTest.java,src,application/query source,2095,49,970a02481fe0be4f15c41dfebde07724864b37380c1b3d64291410262c317944
test,linux-china/jooq-demo,src/main/java/org/mvnsearch/domain/model/language/LanguageRepository.java,src,application/query source,676,21,3869c05694df07f746d3e55e3e96c0f666b7b9c5da286a4c0b47fd5fc9456f9e
test,linux-china/jooq-demo,src/main/java/org/mvnsearch/infrastructure/InfraConfiguration.java,src,application/query source,1329,29,2ae72b5c68d009eb28e1489c815572b721a63f24f49715032ec1e026155d8c80
test,linux-china/jooq-demo,src/main/java/org/mvnsearch/infrastructure/jooq/tables/Author.java,src,generated schema,6785,217,d2b8464bb251fc3900c7ad81441f8f07d87f8e0fc1db7f48f111eed04134cea3
test,linux-china/jooq-demo,src/main/java/org/mvnsearch/infrastructure/jooq/tables/Book.java,src,generated schema,6249,208,be34a8b30fc6022571e2d264b04d0225b50be25736944b9f8013f199123e07b4
test,linux-china/jooq-demo,src/main/java/org/mvnsearch/infrastructure/jooq/tables/BookStore.java,src,generated schema,5534,189,4a6fa80365de35af040264e2ebfb490b6eb57dc506a54d554f0a7a2b9baf6072
test,linux-china/jooq-demo,src/main/java/org/mvnsearch/infrastructure/jooq/tables/BookToBookStore.java,src,generated schema,6224,195,f2b62ba61177448dc327e3f5fbd8d23a24edf919203f9b6bc2a6a13396f141ca
test,linux-china/jooq-demo,src/main/java/org/mvnsearch/infrastructure/jooq/tables/Language.java,src,generated schema,6007,200,89b31dc820d6e20640c4c76583771a570a4e6c9ab5230cf17a3a766fa243f334
test,linux-china/jooq-demo,src/main/java/org/mvnsearch/infrastructure/util/TableSuffixGeneratorStrategy.java,src,application/query source,746,23,ecf9062cc2399c517f29edcb78bef97ebb4f3b219e9a860f6cb15ba195e6a410
test,linux-china/jooq-demo,src/test/java/org/mvnsearch/domain/model/language/LanguageRepositoryTest.java,src,application/query source,727,18,3b306b4d3a6bcde877e58e2f791463031abcb32c70c56b4ae1116ae1b2507c13
test,linux-china/jooq-demo,src/test/java/org/mvnsearch/jooq/JooqDemoTest.java,src,application/query source,1144,36,ea643dd1770d089ecb6ebad607189aab96d2f976a37c9b961d636cef5fe1a55a
test,linux-china/jooq-demo,src/test/java/org/mvnsearch/jooq/JooqDslTest.java,src,application/query source,1261,38,42a5ce97477a128dae80239ef9881cd934e873d9df629a3e90bddeb55d479167
test,linux-china/jooq-demo,src/test/java/org/mvnsearch/jooq/JooqMetadataTest.java,src,application/query source,1050,28,bd9ac4ad542fcc30724256b4cd4897432ff71847c68e86c1598ff789ca98d31d
test,linux-china/jooq-demo,src/test/java/org/mvnsearch/spring/JdbcTemplateTest.java,src,application/query source,1169,36,8da03066e7aa623fe879b15944aa717e595e788f6cab3a76478103c0e7fd6ee8
training,matuolis/vehicle-marketplace-be,src/main/java/org/example/JOOQCodeGenerator.java,src,application/query source,1449,28,5fc9e31517a76a46cf31f2aab12442683eb0d37c0d3e089e27336888aee721c9
training,matuolis/vehicle-marketplace-be,src/main/java/org/example/Main.java,src,application/query source,13599,257,be350396585cc16ca3fa4168527031112d9c7b3f9f580c2c2d5fb37a0d992728
training,matuolis/vehicle-marketplace-be,src/main/java/org/example/db/migration/V1__create_table.java,src,application/query source,2708,54,5af89d43453da7a0a5857fe91ec199814a32a79cb9fec030677418a32dc307a1
training,matuolis/vehicle-marketplace-be,src/main/java/org/example/db/migration/V2__seed_data.java,src,application/query source,11171,71,e7596c81a836731c70d4480d45a04c68d3de88b734d6aa9889dea9dbbcea3ae6
training,matuolis/vehicle-marketplace-be,src/main/java/org/example/db/migration/V3__hash_user_passwords.java,src,application/query source,1793,39,94a8a6ee4598ae3702882647af8997c9ee3188b02ec0e23aa8a50a7430c0379f
training,matuolis/vehicle-marketplace-be,src/main/java/org/example/gateway/postgres/PostgresCategoryGateway.java,src,application/query source,3599,87,47f43140d0e2eabcc3bc613dade62378b32f2f6f46e134a314979e285d754e92
training,matuolis/vehicle-marketplace-be,src/main/java/org/example/gateway/postgres/PostgresCommentGateway.java,src,application/query source,2790,71,d3277c0a4de2d92ed676d854e77a65cce6786f1a898eb2e3cdb88b7b8ed93485
training,matuolis/vehicle-marketplace-be,src/main/java/org/example/gateway/postgres/PostgresPostGateway.java,src,application/query source,5011,114,84cd04984ba5929d57eb99593d86b3a61d6915a307b944d1a1ae170cc95c43c6
training,matuolis/vehicle-marketplace-be,src/main/java/org/example/gateway/postgres/PostgresUserGateway.java,src,application/query source,3986,100,543e8a264e4939bdeec65a7cc76ed5dbd40d2a4513c79c1ffada1e433a16b11d
training,matuolis/vehicle-marketplace-be,src/main/java/org/example/generated/jooq/tables/Categories.java,src,generated schema,6222,199,d3d72330559016d9d417976af2c2a05b9e6a444b0fdeb0c7bd4cf6933570772b
training,matuolis/vehicle-marketplace-be,src/main/java/org/example/generated/jooq/tables/Comments.java,src,generated schema,7989,229,ff77c98ab0d2979a757f8a596ffe623d4898fb4959af64bed0cf39c2dcf97ed1
training,matuolis/vehicle-marketplace-be,src/main/java/org/example/generated/jooq/tables/Posts.java,src,generated schema,8177,239,288c1f02257222ff17222d5957e614c15ef1b3aeb5ed9b867b6186d3531a2d95
training,matuolis/vehicle-marketplace-be,src/main/java/org/example/generated/jooq/tables/Users.java,src,generated schema,6895,215,8750c2820f20b01cd5df75c906cc7d059895ef5ec1f67a72336ee6639727ac75
validation,puzink/Wallet,SpringJpaJooq/src/main/java/org/wallet/JooqCodeGenerator.java,src,application/query source,2401,55,12a15b9865eaf246fb27310c19566fb09fb582d63741acdfe46be183cfc40a11
validation,puzink/Wallet,SpringJpaJooq/src/main/java/org/wallet/dao/WalletDao.java,src,application/query source,1336,34,1496275496be07cb4a1d709b7529174cff0b8fa4f957273a75aebd4dc9caf839
validation,puzink/Wallet,SpringJpaJooq/src/main/java/org/wallet/dao/domain/tables/Wallet.java,src,generated schema,5741,199,0a58938c52bbbb549299d2a30ba7f032de05381d0e7f9e7f49a58c861f9adeab
validation,puzink/Wallet,SpringJpaJooq/src/main/java/org/wallet/services/JdbcWalletService.java,src,application/query source,1531,39,921849f069ef76750f99697c438182474d3f85e61dd3d94e7f19f942c25b9a4b
validation,puzink/Wallet,SpringJpaJooq/src/test/java/org/wallet/liquibase/DatabaseMetaDao.java,src,application/query source,348,8,50775208ab83111eaceaeefafa6855272da21471d50d241a071c0af807d54878
validation,puzink/Wallet,SpringJpaJooq/src/test/java/org/wallet/liquibase/DatabaseMetaDaoImpl.java,src,application/query source,1712,40,3ff83972af16a800c9ae0212b61d9107388fe9dbef2e4097ef67e248ac796128
validation,puzink/Wallet,SpringJpaJooq/src/test/java/org/wallet/liquibase/UpdateMigrationTest.java,src,application/query source,3077,75,43910782c035e8af5d9a591347f52e92815ac155a38a3ea2ff639779ccc2bdef
validation,ralscha/attic,attic/blank/blankwebapp/src/ch/ess/base/persistence/hibernate/AppLocalSessionFactoryBean.java,src,application/query source,4279,131,4299e19e52f937b0de56053db955d54bd896f793f6cfbe498addb1d8a191c463
validation,ralscha/attic,attic/misc/CountryBean/Translator.java,other,application/query source,3145,116,a917e9b1cb035d089f4147006a34c844b87c6bad0230a934fb701c04771e8d3d
validation,ralscha/attic,attic/misc/Tests/Type.java,other,application/query source,2257,84,b88c2485067bb60ede8cfc17d4562fa16cf101359ee181a49790bb97c676dd1a
validation,ralscha/attic,attic/misc/common/swing/ExcelAdapter.java,other,application/query source,4134,105,2c6d61d6516caa66192cdaa3e1378d6abe1f04f5e3326d2e57658a49b8280172
validation,ralscha/attic,attic/misc/cs/SWIFTInput/swift/util/InitSWIFTDb.java,other,application/query source,6680,194,b8c89bfe118d6999c95da6cd04feb47437068062bfe2df4a68c50520e2a6dce0
validation,ralscha/attic,attic/misc/cs/SwissSearch/gtf/ss/update/InitSwissSearchDb.java,other,application/query source,2610,87,09fd1309121c233b8f93f137004561b3fdcfb3473f36ef0f2d4cc6cdf5940aeb
validation,ralscha/attic,attic/misc/cs/gtf/common/Account.java,other,application/query source,1919,71,bafb2ef2fb1e549a50a8da13dd208739bf3867dd9391d09e0a6f0c20be09fb6b
validation,ralscha/attic,attic/misc/cs/payment_recon/InitDb.java,other,application/query source,3611,122,2c9a450688659272397297e28cd645a102780147412d913518964f1019fd571c
validation,ralscha/attic,attic/misc/cs/payment_recon/InitLegalEntityDb.java,other,application/query source,3659,105,9f8051790e5cf6853758971bb6113365643f48d02d4112404d64e019161d3d2d
validation,ralscha/attic,attic/misc/cs/payment_recon/InitParticipantDb.java,other,application/query source,2434,83,db2935e841351adaafd76e98b74652164536fd23a583b9cee1efe73c72a00d24
validation,ralscha/attic,attic/misc/lbw/src/ch/ess/base/web/upload/ExtendedMultiPartRequestHandler.java,src,application/query source,17920,493,5da2baefbffb96f644ee8ed96abca692f26158010c02de0fbc8f3f66368f6940
validation,ralscha/attic,attic/misc2/BrowserCapabilities/Capability.java,other,application/query source,7247,294,c28e8be2b1823b576a7de63500e045482736ce8d80a9112803f80217009992b5
validation,ralscha/attic,attic/misc2/BrowserCapabilities/old/Capability.java,other,application/query source,7547,310,1ba5e0750854756e00a43a19951aa2de26246140ff2dc2ef44045f28b82875cc
validation,ralscha/attic,attic/misc2/CORBA/Chapter24/jdbcbank/DCBank/BankAdmin.java,other,application/query source,9034,261,bf9b3756417c5760c2eb892adb4aee3dc2e4990566091d68277a922633939167
validation,ralscha/attic,attic/misc2/SWIFTInput/gtf/swift/util/InitSWIFTDb.java,other,application/query source,6641,193,f2d3951da7078bb671a5754efed61491b8e354ae5d895bdbd6cb24f52ea71430
validation,ralscha/attic,attic/misc2/gtf/servlets/ExchangeRateCheckServlet.java,other,application/query source,6384,148,acf6a2109584f1f2f29db86933c2522eaa1970255e4481f0bf4a2a5951757e84
validation,ralscha/attic,attic/misc2/gtf/util/Account.java,other,application/query source,1912,71,979f37bead3b90c6329db5f077e4c073923c7507738c7bc8aa9925ce120860f5
validation,ralscha/attic,attic/misc2/gtf/util/Cif.java,other,application/query source,2026,77,b532350ad955272f61a016865bc53a531ab4c98a89cb7b57969554de2fc69438
validation,ralscha/attic,attic/misc2/jrfsourcegen/DBObjectSourceGen.java,other,application/query source,7245,220,75a2dddba24d4b15c0b6f6ca73ebc0c5969ec380c44587cf4441ef8ff671a44e
validation,ralscha/attic,attic/misc2/jrfsourcegen/JRFSourceGen.java,other,application/query source,8017,225,86ca9262688b8bb449557917668ed30e839e65d36e8db349720223b9e2db7de8
validation,ralscha/attic,attic/misc2/jrfsourcegen/MetaDataReader.java,other,application/query source,2066,53,cb144949ff9f06fb07e1c41eba86c386c18098946d128379b0c674ebe3811e12
validation,ralscha/attic,attic/misc2/mbooker/InitDb.java,other,application/query source,2836,90,b7ea55780da22d41bbfc8dd45b3c10ec2ecbb942716e6c288c3816f1af54ec52
validation,ralscha/attic,attic/misc2/woerterbuch/CreateTables.java,other,application/query source,5862,177,ea7ee43219c1dab18fb3a7fd0e0a6825d0e095494c0580026dca5e38e853c156
validation,ralscha/attic,attic/misc3/excel/ch/ess/excel/record/CalcModeRecord.java,other,application/query source,1575,43,d24e6f14a787aaf26fb1b1e18c71b505ddb006ccaa86cb4dd2234556e5ea9019
validation,ralscha/attic,attic/misc4/OLDSTUFF/Crapa/Test.java,other,application/query source,4307,134,2ef3657d41a6ec4c8d0c92060ba7860ab124ed88ea80a2455a31531dd6492fbc
validation,ralscha/attic,attic/misc4/SWIFTInput/gtf/swift/util/InitSWIFTDb.java,other,application/query source,6641,193,f2d3951da7078bb671a5754efed61491b8e354ae5d895bdbd6cb24f52ea71430
validation,ralscha/attic,attic/misc4/gtf/servlets/ExchangeRateCheckServlet.java,other,application/query source,6384,148,acf6a2109584f1f2f29db86933c2522eaa1970255e4481f0bf4a2a5951757e84
validation,ralscha/attic,attic/misc4/gtf/util/Account.java,other,application/query source,1912,71,979f37bead3b90c6329db5f077e4c073923c7507738c7bc8aa9925ce120860f5
validation,ralscha/attic,attic/misc4/gtf/util/Cif.java,other,application/query source,2026,77,b532350ad955272f61a016865bc53a531ab4c98a89cb7b57969554de2fc69438
validation,ralscha/attic,attic/misc4/mbooker/InitDb.java,other,application/query source,2836,90,b7ea55780da22d41bbfc8dd45b3c10ec2ecbb942716e6c288c3816f1af54ec52
validation,ralscha/attic,attic/stacks/springwicket/src/ch/ralscha/springwicket/web/HelloWorldApplication.java,src,application/query source,277,10,f0f8aa28963dd06445711ed81be7b3fec104578e452e7b10416a1ae89ba672c4
validation,ralscha/attic,attic/tools/DbTableMapping/ScriptMaker.java,other,application/query source,3727,117,d6642cff794545b298c96d31474fd67de1e8664af9dfe3f07aa3eeafdfc80ee2
validation,ralscha/attic,attic/tools/dbSchemaCompare/src/ReferenceFix.java,src,application/query source,3707,111,a037221fbc485fb756b3f0acec7850b772ac6b8686209ab333bb47345b13d1fa
validation,ralscha/attic,attic/tools/dbSchemaCompare/src/WriteIndex.java,src,application/query source,1673,48,0ebf7d79ecdf7ca3d908f8fe61bff0d1f3ad619e8fa73934222a777fabc906ab
validation,ralscha/attic,attic/tools/dbSchemaCompare/src/ch/ess/tools/schemacompare/DBSchemaCompare.java,src,application/query source,5271,124,76b7db8bd891a41bd8819972744375b29726f981fd6aa74f8844e834877a8a99
validation,ralscha/attic,attic/tools/dbSchemaCompare/src/ch/ess/tools/schemacompare/Gui.java,src,application/query source,5960,162,3fc36a8a587a6d57cd63bcd6903fd8931571e7b788985a6577b917bd43d296c6
validation,ralscha/attic,attic/tools/dbexport/src/main/java/ch/ess/dbexport/DBTool.java,src,application/query source,12305,311,0ae751a7a9e25d1e592344364ef3806579654f41f30e199c524016eeb61b8d2c
validation,ralscha/attic,attic/webcal/webcal/src/ch/ess/calendar/tools/CreateInterbaseTables.java,src,application/query source,5123,133,b97b8de7b13af2ec21ff095cf9274495f2a25099415d9cc88feb1aade897c75f
validation,ralscha/attic,attic/webcal/webcal/src/ch/ess/calendar/tools/CreateMSSqlServerTables.java,src,application/query source,5697,133,2b28f183c337382ed2d147e740c69d53e18ef87a3a6a0aaf8e150d67bfcf4783
validation,ralscha/attic,attic/webcal/webcal/src/ch/ess/calendar/tools/CreateMcKoiTables.java,src,application/query source,5931,138,143940657aa0ce8c56614001e5dcff50129f256214f25dcdceedbff35ff9b8ea
validation,ralscha/attic,attic/webcal/webcal/src/ch/ess/calendar/tools/CreateMySqlTables.java,src,application/query source,5111,133,dcc9b766ea58fcab8f36eeb29a219489e8d0b6932c96d8c8d605412c1de95b6b
validation,ralscha/attic,attic/webcal/webcal/src/ch/ess/calendar/tools/CreateTables.java,src,application/query source,5114,135,2fad8ab68c8c9c9ea26d67c5de1275237ed252c2aa32888b74f9d0c69567c4eb
validation,ralscha/attic,attic/webcal/webcal2old/test/ch/ess/ct/tests/DatabaseChecker.java,other,application/query source,9106,242,c6b26aac1970c2631366d5960696a4063b1a28f3ab16bb1a6467c2389f6de644
validation,ralscha/attic,attic/webcal/webcal3/src/ch/ess/cal/persistence/hibernate/AppLocalSessionFactoryBean.java,src,application/query source,5032,151,d29923d3265d1d74d958788fbd706ee663dc4239f4401e802ea3304d134a5234
validation,ralscha/attic,attic/webcal/webcal5/src/ch/ess/base/hibernate/H2Dialect.java,src,application/query source,13564,273,847844944d0511bbb92af604168c8d09c94940cfe21edbf4fa662f110d307237
validation,ralscha/attic,attic/webcal/webcal5/src/ch/ess/base/web/upload/ExtendedMultiPartRequestHandler.java,src,application/query source,18027,494,896cc7557ad2c4fff8f1493e334e1d89a1dbab989768c31587e8861b3abb9048
validation,ralscha/attic,attic/webcal/webcal_a/src/ch/ess/calendar/tools/CreateInterbaseTables.java,src,application/query source,5123,133,b97b8de7b13af2ec21ff095cf9274495f2a25099415d9cc88feb1aade897c75f
validation,ralscha/attic,attic/webcal/webcal_a/src/ch/ess/calendar/tools/CreateMSSqlServerTables.java,src,application/query source,5697,133,2b28f183c337382ed2d147e740c69d53e18ef87a3a6a0aaf8e150d67bfcf4783
validation,ralscha/attic,attic/webcal/webcal_a/src/ch/ess/calendar/tools/CreateMcKoiTables.java,src,application/query source,5931,138,143940657aa0ce8c56614001e5dcff50129f256214f25dcdceedbff35ff9b8ea
validation,ralscha/attic,attic/webcal/webcal_a/src/ch/ess/calendar/tools/CreateMySqlTables.java,src,application/query source,5111,133,dcc9b766ea58fcab8f36eeb29a219489e8d0b6932c96d8c8d605412c1de95b6b
validation,ralscha/attic,attic/webcal/webcal_a/src/ch/ess/calendar/tools/CreateTables.java,src,application/query source,5114,135,2fad8ab68c8c9c9ea26d67c5de1275237ed252c2aa32888b74f9d0c69567c4eb
validation,ralscha/attic,attic/webcal/webcal_source/ch/ess/calendar/tools/CreateMySqlTables.java,other,application/query source,5139,135,6148fc566007165a804cd7d0f3c683c1517308e0ac415173b9c4738a1f5d4149
validation,ralscha/attic,attic/webcal/webcal_source/ch/ess/calendar/tools/CreateTables.java,other,application/query source,5142,137,e53cc35e915c90d581c4d32409cd45e595c93a07d9ac290bf75e0941b4495f59
validation,ralscha/attic,attic/webcal/webcalfr/src/ch/ess/calendar/tools/CreateInterbaseTables.java,src,application/query source,5123,133,b97b8de7b13af2ec21ff095cf9274495f2a25099415d9cc88feb1aade897c75f
validation,ralscha/attic,attic/webcal/webcalfr/src/ch/ess/calendar/tools/CreateMSSqlServerTables.java,src,application/query source,5697,133,2b28f183c337382ed2d147e740c69d53e18ef87a3a6a0aaf8e150d67bfcf4783
validation,ralscha/attic,attic/webcal/webcalfr/src/ch/ess/calendar/tools/CreateMcKoiTables.java,src,application/query source,5931,138,143940657aa0ce8c56614001e5dcff50129f256214f25dcdceedbff35ff9b8ea
validation,ralscha/attic,attic/webcal/webcalfr/src/ch/ess/calendar/tools/CreateMySqlTables.java,src,application/query source,5111,133,dcc9b766ea58fcab8f36eeb29a219489e8d0b6932c96d8c8d605412c1de95b6b
validation,ralscha/attic,attic/webcal/webcalfr/src/ch/ess/calendar/tools/CreateTables.java,src,application/query source,5114,135,2fad8ab68c8c9c9ea26d67c5de1275237ed252c2aa32888b74f9d0c69567c4eb
validation,ralscha/attic,attic/webcal/webcalold/ch/ess/calendar/tools/CreateInterbaseTables.java,other,application/query source,5151,135,ed7da1ca0450e110f6f6fb9447c38126037de98c2be0d77ffbc6cd2e2ea3271b
validation,ralscha/attic,attic/webcal/webcalold/ch/ess/calendar/tools/CreateMySqlTables.java,other,application/query source,5139,135,aa41b9a6d67805ae4ed90b92d01c6673c5931e3d1a2f4da4d5a008748385a4ca
validation,ralscha/attic,attic/webcal/webcalold/ch/ess/calendar/tools/CreateTables.java,other,application/query source,5154,137,32f5c30e877fa809a4da71bd13f2acbd2c1a8de3e69e6dc1bdaa127e724d856d
validation,ralscha/attic,attic/webcal/webcalold/com/codestudio/util/SQLResult.java,other,application/query source,4848,167,ad0a49051220d9db5e4a882906d9942448933258e829da4aec58260b6f289286
validation,ralscha/attic,attic/webcal/webcalold/com/codestudio/util/SQLUtil.java,other,application/query source,9764,306,41b70cf031a9f62453879dba74ce8439f4da4e43a0532bb7fdea69a36fb95f89
validation,ralscha/attic,attic/webcal/webcalvbsf/src/ch/ess/calendar/tools/CreateInterbaseTables.java,src,application/query source,5151,135,ed7da1ca0450e110f6f6fb9447c38126037de98c2be0d77ffbc6cd2e2ea3271b
validation,ralscha/attic,attic/webcal/webcalvbsf/src/ch/ess/calendar/tools/CreateMSSqlServerTables.java,src,application/query source,5722,135,f3eb6a79540717efb82d2ef820611404bd800e614d54c4dd7e8797319ed1f192
validation,ralscha/attic,attic/webcal/webcalvbsf/src/ch/ess/calendar/tools/CreateMySqlTables.java,src,application/query source,5139,135,6148fc566007165a804cd7d0f3c683c1517308e0ac415173b9c4738a1f5d4149
validation,ralscha/attic,attic/webcal/webcalvbsf/src/ch/ess/calendar/tools/CreateTables.java,src,application/query source,5142,137,e53cc35e915c90d581c4d32409cd45e595c93a07d9ac290bf75e0941b4495f59
validation,ralscha/attic,attic/webcal/webcalx/src/ch/ess/calendar/tools/CreateInterbaseTables.java,src,application/query source,5181,136,12caf4138ed5183f58ac718123d5debe1a65f766230ad7abf93f4742148af81d
validation,ralscha/attic,attic/webcal/webcalx/src/ch/ess/calendar/tools/CreateMSSqlServerTables.java,src,application/query source,5755,136,30044dbc058f460de6935dfe3a1f398b9ac79bd041f3cf3a41d12d10493755c4
validation,ralscha/attic,attic/webcal/webcalx/src/ch/ess/calendar/tools/CreateMySqlTables.java,src,application/query source,5169,136,5b478a1c5b89d1cb3399ad411c4e7ea4e2eaf255f9f940cce3740d88201f51ef
validation,ralscha/attic,attic/webcal/webcalx/src/ch/ess/calendar/tools/CreateTables.java,src,application/query source,5172,138,0d130cd859a4e691f839042604d0ef314e4bd486da49ac5806017fc7ce8355fd
validation,ralscha/attic,dashboard/server/src/main/java/ch/rasc/dashboard/PunktEvent.java,src,application/query source,544,16,063ddd6b4ff5a95ad8fabf89a8076d882cabf167913b1a03667f5deae266abfc
validation,ralscha/attic,jsonbenchmark/src/main/java/json/application/immutables/Friend.java,src,application/query source,367,11,8669a9b2397e059274388c96515d406c0807b8d2165d43fad35d0b03b49bf22a
validation,ralscha/attic,jsonbenchmark/src/main/java/json/application/immutables/Image.java,src,application/query source,410,13,305855e033759defd05f72b08856068a4d073ec7b88b906abfe0dc7db978d329
validation,ralscha/attic,jsonbenchmark/src/main/java/json/application/immutables/ImmutablesSupplier.java,src,application/query source,2573,69,22f16c280095669a5f97da765f38aab052022f1dc3324bc2727f2a39c634764d
validation,ralscha/attic,jsonbenchmark/src/main/java/json/application/immutables/Name.java,src,application/query source,367,11,608d1030f390b6737d5870734cfa5c235e5d612345d54b455cf31a1315ac95ce
validation,ralscha/attic,jsonbenchmark/src/main/java/json/application/immutables/Response.java,src,application/query source,643,19,bfe118f95c907fa484ce49b18221650c695d87ab972df037b3baf13ad3a75a66
validation,ralscha/attic,jsonbenchmark/src/main/java/json/application/immutables/User.java,src,application/query source,1337,51,3196e78d297ed8e552749b274fc4567b8140488bc9df0a4c28744973a7880aa4
validation,ralscha/attic,jsonbenchmark/src/main/java/json/benchmark/immutables/GsonBenchmark.java,src,application/query source,2731,80,c172b46badd094c7049ae716bb218b298e260a0cd13ac8f06229730d2bd244f3
validation,ralscha/attic,jsonbenchmark/src/main/java/json/benchmark/immutables/JacksonBenchmark.java,src,application/query source,2818,89,5b107b6f25a21c92d5ce5c33980cf882d44a0f5f72a98a139004267b955b0e87
validation,ralscha/attic,jsonbenchmark/src/main/java/json/benchmark/immutables/MoshiBenchmark.java,src,application/query source,2443,72,63e3801f76d7c932135e8258aed26e12b94131977ca27cca92db43274dae28a2
validation,ralscha/attic,smninfo/src/main/java/ch/rasc/smninfo/domain/TimeDouble.java,src,application/query source,210,9,ee18d9421284078a59073b537feda37417dd825a2fc30b741b6fba18f38b71aa
validation,ralscha/attic,sqrl/demo-server/src/main/java/ch/rasc/sqrldemo/config/AppSqrlIdentityService.java,src,application/query source,2945,77,65f3d64bb45254505d5b931d37bcd2ff089395217aa5ca68cc67c8f54c31c27e
validation,ralscha/attic,sqrl/demo-server/src/main/java/ch/rasc/sqrldemo/db/tables/AppUser.java,src,generated schema,4472,150,c916762280a7132afe10864d6a7fbb548c51dd98b635616e800f275511e22983
validation,ralscha/attic,sqrl/demo-server/src/main/java/ch/rasc/sqrldemo/db/tables/PreviousIdentityKey.java,src,generated schema,4366,137,b48e40619e7d0c9bb5a0cec4fa9e4f38af61305a16bb9b6246167f5941876576
validation,ralscha/attic,sqrl/demo-server/src/main/java/ch/rasc/sqrldemo/db/tables/records/PreviousIdentityKeyRecord.java,src,generated schema,3359,119,8b2a944db342d682d40dea47aac53adac02b6f8a87f9b93bc96159baa1edc55f
validation,ralscha/attic,sqrl/demo-server/src/main/java/ch/rasc/sqrldemo/security/AppSqrlIdentity.java,src,application/query source,1194,39,640278fe0fa77b686e2ee770a45a4fb0d10ba727171d545dc38cc026d09bebf8
validation,ralscha/attic,todo_svn/src/main/java/ch/rasc/todo/dto/EntityChangeEvent.java,src,application/query source,555,17,82cbfe38cb2338e9ce62fb703787294d5eb24022490715742629810817a288d3
validation,ralscha/attic,todo_svn/src/main/java/ch/rasc/todo/eventbus/EventBusClient.java,src,application/query source,545,15,84e297f9e75588adb8c71d8b40d8229cd35317bb95b3d7ff76a102fa42ae67ea
validation,ralscha/attic,todo_svn/src/main/java/ch/rasc/todo/eventbus/EventBusEvent.java,src,application/query source,603,19,0846fc1d769d4ce0c03e0556737a8900ad3e91560c478a16fea4317b1979f092
validation,ralscha/attic,travellog/server/src/main/java/ch/rasc/travellog/TestController.java,src,application/query source,1838,50,c999183c1ee8a0619bc707494b30be376f31c5a0568157e0af328a965e3aa750
validation,ralscha/attic,travellog/server/src/main/java/ch/rasc/travellog/config/security/AppLogoutSuccessHandler.java,src,application/query source,1253,29,86a5ca8cea6f680540f2b289467be2799bd814ed88bc89deb36885b54c3d00ad
validation,ralscha/attic,travellog/server/src/main/java/ch/rasc/travellog/config/security/CleanupJob.java,src,application/query source,2478,57,a4a1e93a60f46db7d4cd3f7ff2799f9b81ba9c0b788ab49ec99b74eaabc7988a
validation,ralscha/attic,travellog/server/src/main/java/ch/rasc/travellog/config/security/SessionCacheService.java,src,application/query source,5502,151,907f76f1fcfcc9ea4344bdb3bb1d967d600ed37e5297c28d8199f8fa2f50203d
validation,ralscha/attic,travellog/server/src/main/java/ch/rasc/travellog/controller/AdminController.java,src,application/query source,2924,69,42b973fd68aeaa4bb4497b1fd9751e26fd14752373c66bba774286bd59d4e9c1
validation,ralscha/attic,travellog/server/src/main/java/ch/rasc/travellog/controller/AuthController.java,src,application/query source,8752,204,8139aa6ef70b070353dc66d57fe600142a5f026b3f06caae1c5906979501f4bb
validation,ralscha/attic,travellog/server/src/main/java/ch/rasc/travellog/controller/LogController.java,src,application/query source,5867,156,82da915df9d895ea812340af3a7c7f4d05a90c88b294efbbad194118b1f8921a
validation,ralscha/attic,travellog/server/src/main/java/ch/rasc/travellog/controller/LogPhotoController.java,src,application/query source,7299,172,4f2b1181aca25660db0a543cb68087dac6315214b027262a66e3dfabaf24f7a4
validation,ralscha/attic,travellog/server/src/main/java/ch/rasc/travellog/controller/LogViewController.java,src,application/query source,1478,37,f7361bb64a4d458e8c24a0a1e8c159a9707a7f95b2ba79da7b681c3c179f6ae0
validation,ralscha/attic,travellog/server/src/main/java/ch/rasc/travellog/controller/ProfileController.java,src,application/query source,8733,205,0c06bab065be428e21fc6dbf9885fc90b17dc22a52282d553f9d4b39e8c0440b
validation,ralscha/attic,travellog/server/src/main/java/ch/rasc/travellog/controller/TravelController.java,src,application/query source,4739,133,a006f28ad96caad11b7600c9924e8a805e2ad0b18339123a5ac4acd57092e576
validation,ralscha/attic,travellog/server/src/main/java/ch/rasc/travellog/db/tables/AppSession.java,src,generated schema,5712,187,05d4a148bd8a5ffd881697524c64cf75fc4953f9a055a6aad2735f998f58c61a
validation,ralscha/attic,travellog/server/src/main/java/ch/rasc/travellog/db/tables/AppUser.java,src,generated schema,7746,226,8a3ab4a3976ca63617f839306e0b3344b5581911a9d7aabd4057e6056401817c
validation,ralscha/attic,travellog/server/src/main/java/ch/rasc/travellog/db/tables/Log.java,src,generated schema,6301,208,2965941e874c93835ba23c00581fdc444cd4e173c148e58ee4eddc4c97454291
validation,ralscha/attic,travellog/server/src/main/java/ch/rasc/travellog/db/tables/LogPhoto.java,src,generated schema,7267,225,4ba7e1be100b6fd7d5a095a05299b4a65d714aa86269a9013f05501de4698923
validation,ralscha/attic,travellog/server/src/main/java/ch/rasc/travellog/db/tables/Travel.java,src,generated schema,5297,182,698451588e1581d7f3be151acd423fd58856d7fc96a318b2939a4df0a0aa1ef5
validation,ralscha/attic,travellog/server/src/main/java/ch/rasc/travellog/dto/User.java,src,application/query source,1751,68,39b6fc9fa811fddc581c01e59acf8d0ddbc916a209d07c12aff52233f58a780b
validation,ralscha/attic,travellog/server/src/main/java/ch/rasc/travellog/migration/V0002__initial_import.java,src,application/query source,1594,41,07b9adb3d2c143635878b50e6d701b3cc2e8e1f5a71b6585e5e8c8752fc9694e
validation,ralscha/attic,travellog/server/src/test/java/ch/rasc/travellog/AbstractBaseTest.java,src,application/query source,1126,36,8e62d6ed55f357b4afe3465c65ba1c7abdfe87552f8442bf04a657f380074f3b
validation,ralscha/attic,travellog/server/src/test/java/ch/rasc/travellog/CleanupJobTest.java,src,application/query source,6627,134,7ce60597e476ce279c4e4b1b9e43310c4b222617cbb46f831cc600c8a9b5fcda
validation,ralscha/attic,travellog/server/src/test/java/ch/rasc/travellog/EmailChangeTest.java,src,application/query source,6772,135,954bbb61e7feda2d950013be91ad8fa5ace5b007ecbaa2d23f8b4a38ebf38598
validation,ralscha/attic,travellog/server/src/test/java/ch/rasc/travellog/PasswordResetTest.java,src,application/query source,5635,117,af1ef10a3f1abdb7f54a777470f79977cc953b59692292dbce7de9c3c47a82b1
validation,ralscha/attic,travellog/server/src/test/java/ch/rasc/travellog/ProfileServiceTest.java,src,application/query source,9160,185,ad43659aff03fc3a7ad019095d058d3b29a4bcc319485fb24dda6c132cea012d
validation,ralscha/attic,travellog/server/src/test/java/ch/rasc/travellog/SecurityTests.java,src,application/query source,2662,53,9f77b89091bfac1814a99ad07263a939edfdbae69a5d0bd8e853e7555b288974
validation,ralscha/attic,travellog/server/src/test/java/ch/rasc/travellog/SignupTest.java,src,application/query source,8072,157,4e10f247a229112f1ce3b310b8126f2b2643b1415555f27e0809c028ceaeca8e
validation,ralscha/attic,travellog/server/src/test/java/ch/rasc/travellog/UtilService.java,src,application/query source,2462,55,b60bfa5eab052bb71d055158b7ee5590d3e161f3ed0663258c61789d9befdbc6
validation,ralscha/blog2020,hashupgrade/jooq/src/main/java/ch/rasc/hashupgrade/AppUserDetail.java,src,application/query source,813,28,a14771fb521246afad6d3ba8cdbea515f9704b41da7ddef2f8bb6d0f3731b4d8
validation,ralscha/blog2020,hashupgrade/jooq/src/main/java/ch/rasc/hashupgrade/AuthController.java,src,application/query source,2612,55,97b212cb6725fa4d07dec92a88b1da83af977b0646ce61e3756530129a1f095f
validation,ralscha/blog2020,hashupgrade/jooq/src/main/java/ch/rasc/hashupgrade/db/tables/AppUser.java,src,generated schema,4981,162,d4458d13f9c3b2bccab645442fb9ab19cb145efc602aba428d875ffafc1d4b07
training,ralscha/webauthn-demo,server/src/main/java/ch/rasc/webauthn/db/tables/AppUser.java,src,generated schema,7799,263,444055cb1e9d7a9c6ed8bf5b60db0fa90734c4310f0bacf7c29aae6ba29175cb
training,ralscha/webauthn-demo,server/src/main/java/ch/rasc/webauthn/db/tables/Credentials.java,src,generated schema,8513,276,b63fda8272a6efb08838f72193776fe11710c919b4240b51972bde33118e835f
training,ralscha/webauthn-demo,server/src/main/java/ch/rasc/webauthn/security/AppUserDetail.java,src,application/query source,733,23,27e95a6ebdcb85c7945a61e35a2a86541c0ec62e56997baf0bd8105e753fda22
training,ralscha/webauthn-demo,server/src/main/java/ch/rasc/webauthn/security/AuthController.java,src,application/query source,12146,251,19bccd2cca0576fa9634ab484e60908fdb7cd36935a2c3fcf29d8c67689c7959
training,ralscha/webauthn-demo,server/src/main/java/ch/rasc/webauthn/security/CleanupJob.java,src,application/query source,708,20,1a43221795b560ca9945d07d9afcea7ce5a578a603992140d4a1051903f786c7
training,ralscha/webauthn-demo,server/src/main/java/ch/rasc/webauthn/security/JooqCredentialRepository.java,src,application/query source,4524,96,1f364f6e839a5d108832ac676076743629c2d2cca699ab8f0db51e1b660cf77b
test,revensif/Tinkoff_Course2024,scrapper-jooq/src/main/java/edu/java/JooqCodegen.java,src,application/query source,2010,48,9acea8a3e8f9c114b6a63bff7e5051a7a91b45dd52e0e34cda79615b832242d2
test,revensif/Tinkoff_Course2024,scrapper/src/main/java/edu/java/configuration/JooqConfig.java,src,application/query source,2482,60,5f3f5e617532d989be3b7a5ebe3ed4e442ef6da88dce7c94f727abb889e02d9c
test,revensif/Tinkoff_Course2024,scrapper/src/main/java/edu/java/dao/jooq/tables/Chat.java,src,generated schema,4362,154,c89ea40771799768c0057c4ba060d06a9719de33a7a4ddfdf5a2a54cf72051d4
test,revensif/Tinkoff_Course2024,scrapper/src/main/java/edu/java/dao/jooq/tables/ChatLink.java,src,generated schema,5513,183,1ead515f7611b3d883322a347ef91a50dfa5064c6e75752ee3032f6c4f44dd58
test,revensif/Tinkoff_Course2024,scrapper/src/main/java/edu/java/dao/jooq/tables/Link.java,src,generated schema,5302,176,e89a3f1602aaa5e17b0fcfe26fddb996573096261d0332d579425f2e9ba8aea9
test,revensif/Tinkoff_Course2024,scrapper/src/main/java/edu/java/dao/jooq/tables/Question.java,src,generated schema,5487,178,e772a0cae1039586a90a342ae1c6a7ae8638f8156826c0a5eca0a7557141e708
test,revensif/Tinkoff_Course2024,scrapper/src/main/java/edu/java/dao/repository/jooq/JooqChatLinkRepository.java,src,application/query source,2205,59,cc64b063fb888f301a4a86c7ea22e14a2394eb3c7efd11b3d3d13c5003f936c1
test,revensif/Tinkoff_Course2024,scrapper/src/main/java/edu/java/dao/repository/jooq/JooqChatRepository.java,src,application/query source,1258,41,d26ec17bd93eb13b1405b6e88236dcae214d3d6d7e7effe35cb9036c1ed0f1e0
test,revensif/Tinkoff_Course2024,scrapper/src/main/java/edu/java/dao/repository/jooq/JooqLinkRepository.java,src,application/query source,2018,61,eb7e64f51eac2d8a21025dd99e902e850dadc899b1ffeee3306151dbc855e265
test,revensif/Tinkoff_Course2024,scrapper/src/main/java/edu/java/dao/repository/jooq/JooqQuestionRepository.java,src,application/query source,1803,50,5d9c4a70540d6df6d7172979cee2787d6cd4d2dc96807d041ed8533d732f0e6d
test,revensif/Tinkoff_Course2024,scrapper/src/test/java/edu/java/scrapper/LiquibaseSetupTest.java,src,application/query source,1328,38,7ff5815ee9f93dd5fc30240eeb57e570a53d0b106e1e0a59fcdf5e487ca90581
test,revensif/Tinkoff_Course2024,scrapper/src/test/java/edu/java/scrapper/dao/repository/jooq/JooqQuestionRepositoryTest.java,src,application/query source,4692,102,f672ca82e3db5e02575d7ac6fff27c6a1f5dfa70a65720ce1bb8afb887843ae8
test,rodano/rodano,backend/src/main/java/ch/rodano/api/controller/widget/dashboard/DashboardWidgetController.java,src,application/query source,2128,49,dace5f8b2d551d6745415081b4fd71ccc63b0deb8a4129ddcc9143ebfa0eb134
test,rodano/rodano,backend/src/main/java/ch/rodano/api/epro/EproController.java,src,application/query source,6460,154,8e7d0b0e82b71982cd1fd57b4d5463833c66d51d0b757897d469f5b961ee44b8
test,rodano/rodano,backend/src/main/java/ch/rodano/application/DatabaseInitConfiguration.java,src,application/query source,1857,44,9e3ed5112c85e20f15a190aef0992a5117e5cd06cd8ae399b959d1df77d08bb1
test,rodano/rodano,backend/src/main/java/ch/rodano/configuration/model/dataset/DatasetModel.java,src,application/query source,10268,319,4f774f532b7e8ae3e2ba99d1cbeb304d9e19025d2fc6c6b80d765b7465dbdbe8
test,rodano/rodano,backend/src/main/java/ch/rodano/configuration/model/profile/Profile.java,src,application/query source,16477,442,a5423bb74bf14b3cef60435aa1cd2b83ba8c93ad0fac660aaa48ac4b344ae7af
test,rodano/rodano,backend/src/main/java/ch/rodano/configuration/utils/ExportableUtils.java,src,application/query source,22950,552,b80b0ee9defef2a1d4f1827aece8ec62c49c3fa1d15d6c596a57b27cd26cf36e
test,rodano/rodano,backend/src/main/java/ch/rodano/core/configuration/jooq/PersistentContext.java,src,application/query source,1687,48,cacdf6709dba29da3ca0709545cc0e168c7354c11438ba800d931dd86b53f1b4
test,rodano/rodano,backend/src/main/java/ch/rodano/core/database/initializer/DatabaseInitializer.java,src,application/query source,10640,241,52529207dcd5ceab8edd197352c07cd86ab688e05184f4b3826e097f38b6e793
test,rodano/rodano,backend/src/main/java/ch/rodano/core/database/migrations/AbstractDatabaseMigration.java,src,application/query source,3878,116,952cf1678687aa6de3c0d927fbabfdf18ae9cb502841b37d1e410f2be5003613
test,rodano/rodano,backend/src/main/java/ch/rodano/core/database/migrations/scripts/DBConsistencyCheck.java,src,application/query source,9756,248,492add959222e3b8c6c90e3e8af44de91441214276c450d36be18bc34de14822
test,rodano/rodano,backend/src/main/java/ch/rodano/core/helpers/RequestHelperService.java,src,application/query source,6253,153,d9ce51a7b275dc6c0b2129c98debf1986d21c63e07a828671e6f136bb85fc3cc
test,rodano/rodano,backend/src/main/java/ch/rodano/core/helpers/configuration/DataByteConverter.java,src,application/query source,669,25,fb100fe5fc5b5ae2fae5066533a07b965c88e177a3ae2d6386e72088d762e3de
test,rodano/rodano,backend/src/main/java/ch/rodano/core/helpers/configuration/DateConverter.java,src,application/query source,781,30,5a8c6638febc96cd3a6028bfb5eddba562541995bf332bc55699e173d27c27d3
test,rodano/rodano,backend/src/main/java/ch/rodano/core/helpers/configuration/StringScopeDataConverter.java,src,application/query source,1339,46,18e5b0814a3261ec84ad3b64508e3233038975a3c8011f0443640cb034f69c99
test,rodano/rodano,backend/src/main/java/ch/rodano/core/helpers/configuration/StringSetConverter.java,src,application/query source,1106,43,ef99b2ff4e889e100d0884004b384481c7fd7813ad642dc17a4087139f810c9e
test,rodano/rodano,backend/src/main/java/ch/rodano/core/model/common/PaginatedSearch.java,src,application/query source,1796,55,fdc1684f26a390421eba889699bf80b66d667c8d207e0ddf15bd96908d2f0c50
test,rodano/rodano,backend/src/main/java/ch/rodano/core/model/graph/highchart/instance/EnrollmentChartFactoryService.java,src,application/query source,5089,118,c1d93a463f53e95e107ec9d1f365f7e2da1ab2fc5c577713b8da0af5b4f70d4a
test,rodano/rodano,backend/src/main/java/ch/rodano/core/model/graph/highchart/instance/WorkflowStatusChartFactoryService.java,src,application/query source,3552,81,7e304e9ad94ec939945c94bed9cf02e5d0c49c449d173c8a6a3051c37814fd63
test,rodano/rodano,backend/src/main/java/ch/rodano/core/model/graph/timeline/TimelineServiceImpl.java,src,application/query source,13915,313,b2436d53c9cd6b69af345a607ea7b021c844f7d17671b49161bd99a76d8c3079
test,rodano/rodano,backend/src/main/java/ch/rodano/core/model/jooq/tables/AuditAction.java,src,generated schema,11908,356,6d2023ef5a653d9a5d59c16a4cf542b0fe311b90d92ccc9c05cf0c84c3d32c1f
test,rodano/rodano,backend/src/main/java/ch/rodano/core/model/jooq/tables/Chart.java,src,generated schema,11293,292,8965a4ee8d4f90d4a35c0ccfd08fe20f441b66ba3e609e86cb91b2154bd2d9eb
test,rodano/rodano,backend/src/main/java/ch/rodano/core/model/jooq/tables/ChartCategory.java,src,generated schema,6421,210,e1a9e750a4e26247b3e1f88168af8238a934d97601f29b196558843d88cd382a
test,rodano/rodano,backend/src/main/java/ch/rodano/core/model/jooq/tables/ChartColor.java,src,generated schema,5684,202,49be8b5da3708fb1d6ce4a9920952adb1f264641e656da00ede511c810373b28
test,rodano/rodano,backend/src/main/java/ch/rodano/core/model/jooq/tables/ChartState.java,src,generated schema,5479,198,e606c4662927214e1fb9fedc978b22d8718cf4891f64c7304a701d80b89ede39
test,rodano/rodano,backend/src/main/java/ch/rodano/core/model/jooq/tables/Dataset.java,src,generated schema,10119,317,4c96605c92dd6dbd90b5ef15b0331935feceef813b7e0e9dbc52bb60b8a8c6eb
test,rodano/rodano,backend/src/main/java/ch/rodano/core/model/jooq/tables/DatasetAudit.java,src,generated schema,11068,318,3d8a2ff56aa812e39c46b8f4f8a0acec45cc6fbee1eb9cab2b721c2ca2e0a6e8
test,rodano/rodano,backend/src/main/java/ch/rodano/core/model/jooq/tables/Event.java,src,generated schema,12220,355,786d7b9440b820c3204a732d8ca315e3175762727ef216b1b47de8685e6bf146
test,rodano/rodano,backend/src/main/java/ch/rodano/core/model/jooq/tables/EventAudit.java,src,generated schema,12682,346,75da031a8047e42cff4643f42f05329fc516b57b20d03dfca4dc4fd3d3656d20
test,rodano/rodano,backend/src/main/java/ch/rodano/core/model/jooq/tables/Field.java,src,generated schema,9159,292,44c07ce60182e57f0d3c6f095c5e77758a4db6086b87fe77aa263aec18f03297
test,rodano/rodano,backend/src/main/java/ch/rodano/core/model/jooq/tables/FieldAudit.java,src,generated schema,10566,314,5f54cd8fb823e525b282c979c8008d6a4974b6b6462cc40bb4af28cf124e065f
test,rodano/rodano,backend/src/main/java/ch/rodano/core/model/jooq/tables/File.java,src,generated schema,10666,331,67f09d41642ab0562fc0d1e7b5b872b57b71b88d4617be9348864fc8e9175354
test,rodano/rodano,backend/src/main/java/ch/rodano/core/model/jooq/tables/Form.java,src,generated schema,9288,299,ea66cf1c8ee95f3182212237142b993878a2d66c39c03b5b5c9a5a8bff9e6d61
test,rodano/rodano,backend/src/main/java/ch/rodano/core/model/jooq/tables/FormAudit.java,src,generated schema,10530,314,b5e232253c346cb4f5056f4f995c801bd3ce817079724c817d930b7b6d0a3417
test,rodano/rodano,backend/src/main/java/ch/rodano/core/model/jooq/tables/Mail.java,src,generated schema,10389,302,f79717781143ff62619d0c87c7f9874d75d101be8dc40d9835162f02b432e72c
test,rodano/rodano,backend/src/main/java/ch/rodano/core/model/jooq/tables/MailAttachment.java,src,generated schema,8443,259,4ed490411962922252082c52d1a1fc1a9f3fed9da6d0be88e92bdcce21dee4ba
test,rodano/rodano,backend/src/main/java/ch/rodano/core/model/jooq/tables/Payment.java,src,generated schema,10048,301,01c670cf5663c0125d0772b1f0aee3b849db0403f87a1acc52fb6e1d4c51b704
test,rodano/rodano,backend/src/main/java/ch/rodano/core/model/jooq/tables/PaymentBatch.java,src,generated schema,9989,281,d02a398ea65ca62a737a218552c69e7c3c9a095d62a94727b36e64e80bcdd453
test,rodano/rodano,backend/src/main/java/ch/rodano/core/model/jooq/tables/PaymentTarget.java,src,generated schema,8914,269,ff77821ba25a07753a7f79a87d11023442aff5da50af779e43b6524b7595fc89
test,rodano/rodano,backend/src/main/java/ch/rodano/core/model/jooq/tables/Resource.java,src,generated schema,10063,303,527f1996261adeddb059b9cdb78f6e0ce64cf7d5cd32419d9a2cf35ba8d8b3a2
test,rodano/rodano,backend/src/main/java/ch/rodano/core/model/jooq/tables/Robot.java,src,generated schema,13189,391,643dc25aca5c80fc5602764354d1ccd8340782498ce30889ee62c30307f370a8
test,rodano/rodano,backend/src/main/java/ch/rodano/core/model/jooq/tables/RobotAudit.java,src,generated schema,10791,315,858bb4c23441fb791d5fe7dbcb4344aae8ac09d7cd7df2ed8bdc833f74b07d32
test,rodano/rodano,backend/src/main/java/ch/rodano/core/model/jooq/tables/Role.java,src,generated schema,9447,305,310fe6399bc2c6a2e0847f889d7e37e4def017e8975b5e6c2f42082058f6f1ee
test,rodano/rodano,backend/src/main/java/ch/rodano/core/model/jooq/tables/RoleAudit.java,src,generated schema,10670,318,490e96e261a2d33699f8aa8a531a6319ff3c9779113f99a45020cbe5109c7bbf
test,rodano/rodano,backend/src/main/java/ch/rodano/core/model/jooq/tables/Scope.java,src,generated schema,14343,402,299c371ef944de13c23bd19a35f48024cf3a84b428c4fe3c75fd239175a03ebe
test,rodano/rodano,backend/src/main/java/ch/rodano/core/model/jooq/tables/ScopeAncestor.java,src,generated schema,9143,209,8a90501bb81d0c379e9d5e716f47c3962456ca8d2ebc8aa502b8c847d7a537b1
test,rodano/rodano,backend/src/main/java/ch/rodano/core/model/jooq/tables/ScopeAudit.java,src,generated schema,13381,356,44b1a9c71bb9d9e89614b64fd0fdacf858cfc0d28ffd5a473657ef988a67d67e
test,rodano/rodano,backend/src/main/java/ch/rodano/core/model/jooq/tables/ScopeRelation.java,src,generated schema,9654,278,dda5c63598a28558aba0a97f79e5a361b058988509de7d80372a9856abbf1a7a
test,rodano/rodano,backend/src/main/java/ch/rodano/core/model/jooq/tables/User.java,src,generated schema,19784,501,ca5159493000414207446d51e83b191e8ce91ef41ad49ffdc630136276aade62
test,rodano/rodano,backend/src/main/java/ch/rodano/core/model/jooq/tables/UserAudit.java,src,generated schema,16504,395,30f4db88f63c6be39d84aef4a795274f6f495d282cd250d20f807ec44ad2463a
test,rodano/rodano,backend/src/main/java/ch/rodano/core/model/jooq/tables/UserSession.java,src,generated schema,7986,255,18d600a9747f1ee93ea2faac2d381c81da15d55b5987d14778252f84e950e3d9
test,rodano/rodano,backend/src/main/java/ch/rodano/core/model/jooq/tables/WorkflowStatus.java,src,generated schema,14126,376,7970ad74267e895457ecc6ccba24b43378432e1558c5983ee9db61c7ab65727e
test,rodano/rodano,backend/src/main/java/ch/rodano/core/model/jooq/tables/WorkflowStatusAudit.java,src,generated schema,14095,350,7fc21291dd61bf33f185f1f5e5b6a903457460eedc8c8cfd6a21531290a27577
test,rodano/rodano,backend/src/main/java/ch/rodano/core/model/jooqutils/AuditTable.java,src,application/query source,904,30,f23d5567e74145c4178038bb9810bef0c9810ff562bb7257c881e90b95394dbb
test,rodano/rodano,backend/src/main/java/ch/rodano/core/model/jooqutils/JOOQTranslator.java,src,application/query source,2005,51,675e74fd227174be4010467826f730b6163e9041b7f7fbee369e2fe4ff8f7617
test,rodano/rodano,backend/src/main/java/ch/rodano/core/model/mail/MailSortBy.java,src,application/query source,571,14,643c63e4f14d612ee284c75ffd4fabd69beb35821477b321812e3af6911fbf00
test,rodano/rodano,backend/src/main/java/ch/rodano/core/model/resource/ResourceSortBy.java,src,application/query source,553,18,211911250fa0af067c670783f815673f7f5c36542532a3f5c0c96ed8f1e1187b
test,rodano/rodano,backend/src/main/java/ch/rodano/core/model/robot/RobotSortBy.java,src,application/query source,460,16,1269e4ed6f741d891d58e53296617f0080f82872ab1ccebc607c82cf532f29b8
test,rodano/rodano,backend/src/main/java/ch/rodano/core/model/scope/FieldModelCriterion.java,src,application/query source,4838,121,2b868b1f032db00ad45fe2fb4121b80661eafddef6fb76d47fd2be9265746296
test,rodano/rodano,backend/src/main/java/ch/rodano/core/model/scope/ScopeSortBy.java,src,application/query source,522,17,e896ae832dd1d61225bb3816c92f81fa240d490bd0ec7e63f9f40f0cc4ee4efa
test,rodano/rodano,backend/src/main/java/ch/rodano/core/model/user/UserSortBy.java,src,application/query source,496,17,5a878ca7603235d55015536da896a2db52602482ef5f90ef0617528c1d660de3
test,rodano/rodano,backend/src/main/java/ch/rodano/core/model/workflow/WorkflowStatusSortBy.java,src,application/query source,652,17,afa6cabf95b595fd8403400a99885901dfb8854ad1bed9edeeba622e408a46e5
test,rodano/rodano,backend/src/main/java/ch/rodano/core/plugins/dashboard/DashboardPlugin.java,src,application/query source,379,13,e911fd95469e60c389e61808937e46e18c7bc72ad045f716a73bdddd55afc18d
test,rodano/rodano,backend/src/main/java/ch/rodano/core/services/bll/export/extract/ExtractServiceImpl.java,src,application/query source,9515,240,12701123ff5b1ac761586263ac1e33ca4fcdd2bfccc753fb23ede3c17a3976b6
test,rodano/rodano,backend/src/main/java/ch/rodano/core/services/bll/export/report/ReportServiceImpl.java,src,application/query source,7773,183,2af4f6793b05d5062d85c25d291c5563d84b6a5bdcbbb9234823b5d0279cbaf6
test,rodano/rodano,backend/src/main/java/ch/rodano/core/services/bll/export/views/AggregateWorkflowViewService.java,src,application/query source,1733,36,ef4dbd3d063b78218fdc34fe8d32bf5d798ffef3c9c11ec33dbf2e94a32a59df
test,rodano/rodano,backend/src/main/java/ch/rodano/core/services/bll/export/views/ExportViewServiceImpl.java,src,application/query source,6734,200,60861ee3f59c726e08207b0156a8a55d09e111d8fa90e2bc30ebae1ed1c5cfd6
test,rodano/rodano,backend/src/main/java/ch/rodano/core/services/bll/file/FileServiceImpl.java,src,application/query source,9400,262,4ff8d034eaa22325ea77caf44a07834d7934f2de965c01783f796eefe4db0c75
test,rodano/rodano,backend/src/main/java/ch/rodano/core/services/bll/statistics/LockSummaryService.java,src,application/query source,12476,266,0dbe3e7ea5f1fc2b1a09263657ea9cf070381f247fcb3cc145fbccef1e57df74
test,rodano/rodano,backend/src/main/java/ch/rodano/core/services/bll/widget/workflow/WorkflowSummaryServiceImpl.java,src,application/query source,30655,656,51927c39bf5e22375aa9f2486bdbc00d031d700a1f6d0926d155a719a31f9e87
test,rodano/rodano,backend/src/main/java/ch/rodano/core/services/bll/widget/workflow/WorkflowWidgetServiceImpl.java,src,application/query source,19772,409,5d2dbffa7c60850f3efe4e2dad87ca746c09e7fa0a02fe84dd051100e40e2166
test,rodano/rodano,backend/src/main/java/ch/rodano/core/services/bll/workflowStatus/AggregateWorkflowDAOService.java,src,application/query source,16919,313,ada2084fb37d45cac5b50445abf53168991b303bbb9d500f28421f3ae86979c4
test,rodano/rodano,backend/src/main/java/ch/rodano/core/services/dao/audit/AuditActionService.java,src,application/query source,1141,28,c5641093dfc3e9b4729b031d951eaa381c16200bf75ec2d2de4649e10f628104
test,rodano/rodano,backend/src/main/java/ch/rodano/core/services/dao/chart/ChartMapper.java,src,application/query source,2260,44,208e9596ab53d5391af2afa878933ec052fe96a858f4df6751b43001bf6618a9
test,rodano/rodano,backend/src/main/java/ch/rodano/core/services/dao/chart/ChartRepositoryImpl.java,src,application/query source,8291,198,4ec484cf4fb627a0fbfc6dacf60d1f60532b5c9cbe2f7bc6df80d4df5df95abe
test,rodano/rodano,backend/src/main/java/ch/rodano/core/services/dao/chart/data/EnrollmentStatusChartService.java,src,application/query source,2988,78,e0e6f46b177bb0233d62bd0d1c66e731317c09b5d94a9925febc30ef0972116e
test,rodano/rodano,backend/src/main/java/ch/rodano/core/services/dao/chart/data/StatisticsChartServiceNew.java,src,application/query source,17572,414,cee136deb592bc2a56b11be663f63f212dc2f1feffeee637e1ba14236bcc7d20
test,rodano/rodano,backend/src/main/java/ch/rodano/core/services/dao/chart/data/WorkflowStatusChartService.java,src,application/query source,4727,122,b6067c6a9a54cb8c9cc8b1d45672e3e46024cd60c8599995544d5f270f6ac449
test,rodano/rodano,backend/src/main/java/ch/rodano/core/services/dao/commons/AbstractDAOService.java,src,application/query source,7586,207,df4d490f157d85f1f36f44616e02a34ba9aa4da2d5a0cf9abbabaa69a8a8b161
test,rodano/rodano,backend/src/main/java/ch/rodano/core/services/dao/commons/AuditableDAOService.java,src,application/query source,4353,109,4950576ef5dff075d36b894a85cc1e5872242d6d728bef2ce3304ebafc3819b1
test,rodano/rodano,backend/src/main/java/ch/rodano/core/services/dao/commons/cache/transaction/TransactionCacheDAO.java,src,application/query source,3877,97,6d4cca25c8776d36650512817a9add3cbb77dff6220bac70832fed44a7606b91
test,rodano/rodano,backend/src/main/java/ch/rodano/core/services/dao/dataset/DatasetDAOServiceImpl.java,src,application/query source,4757,114,b8441e371acf7c6fac7f212d523be12074566ff79db1e599cfd231376e599d1f
test,rodano/rodano,backend/src/main/java/ch/rodano/core/services/dao/event/EventDAOServiceImpl.java,src,application/query source,3889,104,a34e6666645b9a9b00e0f8866dad7a430ba1de2f04fcbf52e0b4752d9a37cbfc
test,rodano/rodano,backend/src/main/java/ch/rodano/core/services/dao/field/FieldDAOServiceImpl.java,src,application/query source,4647,123,d133427ba9b48bd9d0c7627d40114d07c826f468c5c64c50d0eccab0bbac13fe
test,rodano/rodano,backend/src/main/java/ch/rodano/core/services/dao/file/FileDAOServiceImpl.java,src,application/query source,3615,123,22c366a99d09256c97d322e59b147a71591ba175e790e9c3030d4d289d77b8b1
test,rodano/rodano,backend/src/main/java/ch/rodano/core/services/dao/form/FormDAOServiceImpl.java,src,application/query source,3329,89,92d1e429129345fc33ef76c9820dfc3f75d1370ccf889a219db8e38e3907951f
test,rodano/rodano,backend/src/main/java/ch/rodano/core/services/dao/mail/MailAttachmentDAOServiceImpl.java,src,application/query source,1970,50,af7955d51da464866926d58bcd8010a8f5967f7b6e01d2ccc887cd96d82db43f
test,rodano/rodano,backend/src/main/java/ch/rodano/core/services/dao/mail/MailDAOServiceImpl.java,src,application/query source,4972,146,576377b7d04bd9d6befdfd960a3eb3a5a8808cc18399cb489fb8971abaf52ae4
test,rodano/rodano,backend/src/main/java/ch/rodano/core/services/dao/payment/PaymentBatchDAOServiceImpl.java,src,application/query source,1669,43,ffad01b4cdd28385c623480bb67db02bc4146a390a01e523cdf4e6eea9206660
test,rodano/rodano,backend/src/main/java/ch/rodano/core/services/dao/payment/PaymentDAOServiceImpl.java,src,application/query source,1985,54,3b7ceb360aba596c68471917b13b9049fe9c28cd9d35bb3ded9670bac6746538
test,rodano/rodano,backend/src/main/java/ch/rodano/core/services/dao/payment/PaymentTargetDAOServiceImpl.java,src,application/query source,1937,49,7ebd5a7abbee344053b7f990f8439b76afa7ec0431a14962370f69c695db9ffb
test,rodano/rodano,backend/src/main/java/ch/rodano/core/services/dao/resource/ResourceDAOServiceImpl.java,src,application/query source,4082,99,596c72ebf33322e9bb967676c3ef7cf852ffd22ca3faa2ebeaf9cc04a19299d8
test,rodano/rodano,backend/src/main/java/ch/rodano/core/services/dao/robot/RobotDAOServiceImpl.java,src,application/query source,4197,109,8bd75b1a8bdbac3826d3acff436736505749352968eab316b6e21faa93e0142e
test,rodano/rodano,backend/src/main/java/ch/rodano/core/services/dao/role/RoleDAOServiceImpl.java,src,application/query source,3957,110,80753b077858ff912c55b4020b6842f1cc8e3aab92b7edb09870d129d9d6330a
test,rodano/rodano,backend/src/main/java/ch/rodano/core/services/dao/scope/ScopeDAOServiceImpl.java,src,application/query source,19774,510,c6c38c234080497d3383ae4a7c8c985344cc19379bae72809e29b797bf061e26
test,rodano/rodano,backend/src/main/java/ch/rodano/core/services/dao/scope/ScopeRelationDAOServiceImpl.java,src,application/query source,2770,72,a8286ea98c943888e7ff2ceaa3526d1523db01884916cde5adcc1ba3185deece
test,rodano/rodano,backend/src/main/java/ch/rodano/core/services/dao/session/SessionDAOServiceImpl.java,src,application/query source,1652,49,f17160111182758924db4bd7025f1876c1771d376ee55c6fbc4da38501bf30bd
test,rodano/rodano,backend/src/main/java/ch/rodano/core/services/dao/strategy/DAOStrategy.java,src,application/query source,3412,83,169fd3c8ce745ba9951245650074a8fd1f0ac21a4b7ec24511c4966680102f94
test,rodano/rodano,backend/src/main/java/ch/rodano/core/services/dao/strategy/DAOStrategyImpl.java,src,application/query source,5045,116,c6ebac1abc943a21c74d490e3852e46d26e5a452d0072c66ec4464faa27a7e0f
test,rodano/rodano,backend/src/main/java/ch/rodano/core/services/dao/user/UserDAOServiceImpl.java,src,application/query source,6250,162,e672a1b103c22a48a7f1e0b3b11d3ebbed29a44f3e3abb7050a948a51f0d787e
test,rodano/rodano,backend/src/main/java/ch/rodano/core/services/dao/workflow/WorkflowStatusDAOServiceImpl.java,src,application/query source,9906,229,4bfa18fb1caa50fbe882a26da1fee0fb2a6eb3c57c1369abc0b5fda19b778fd7
test,rodano/rodano,backend/src/main/java/ch/rodano/core/utils/RightsServiceImpl.java,src,application/query source,14648,326,6f74e0b7e3ab42aec7f24098b6381e6fbcfa7ec2ea74552aaceb704ff06cebbf
test,rodano/rodano,backend/src/test/java/ch/rodano/configuration/model/document/DatasetModelTest.java,src,application/query source,8650,194,8dfb8d82c637a25ef4d4e1ce1fde3e38cd9083f29912a73427eb01c440f38881
test,rodano/rodano,backend/src/test/java/ch/rodano/core/services/bll/WorkflowStatusServiceTest.java,src,application/query source,19955,454,6924e2d3cefa07596d82743234ac4628ba9c82a1b3315b05f27e151d94ffcb98
test,rodano/rodano,backend/src/test/java/ch/rodano/core/services/bll/user/UserServiceTest.java,src,application/query source,4759,126,04d73f8e8d6cbca70eb727543d11c723dc2f52bb069b897a820b3bf857c33767
test,rodano/rodano,backend/src/test/java/ch/rodano/test/DatabaseTest.java,src,application/query source,3236,81,0447a0f6b94762f5e9054e7886c082fc0f310bd7846d4ee028a6d51ea21d3a2f
test,shileishmily/spring-boot-jooq-demo,test-core/src/main/java/com/suixingpay/jooq/entity/tables/SysLog.java,src,generated schema,6106,162,113b0b3ba341ed6874615212f23ff650b0611af382b69e3f15f0b64f80d073a5
test,shileishmily/spring-boot-jooq-demo,test-core/src/main/java/com/suixingpay/jooq/entity/tables/SysUser.java,src,generated schema,5862,158,8046442671173d10b22a629c66723512d7d3ed455d83c33629443c068f225e9b
test,shileishmily/spring-boot-jooq-demo,test-dao/src/main/java/com/suixingpay/jooq/dao/SysUserDao.java,src,application/query source,364,9,c2367207e4695c24378b33492ff2a37b750c5aa1b4adfe3578fddc022355b247
test,shileishmily/spring-boot-jooq-demo,test-dao/src/main/java/com/suixingpay/jooq/dao/impl/SysUserDaoImpl.java,src,application/query source,1162,30,662f9e984dbdef9cd259dfeb35136e1961878e61e23f50457ce87bdcbd131560
test,shileishmily/spring-boot-jooq-demo,test-generator/src/main/java/com/suixingpay/jooq/generator/JOOQGenerator.java,src,application/query source,2993,67,0a80e10ceb7602366badf4611001ceefc9ccbb14ac248e997c4aae957350ecff
test,shileishmily/spring-boot-jooq-demo,test-service/src/main/java/com/suixingpay/jooq/service/SysUserService.java,src,application/query source,589,15,4be7b7aaffda4526e8f43a6513987b5e4161487bd692a5005e7d6d7dec8dd63a
test,shileishmily/spring-boot-jooq-demo,test-service/src/main/java/com/suixingpay/jooq/service/impl/SysUserServiceImpl.java,src,application/query source,1447,49,b3644990b882e94012e3a7776b0292690cb4df0d84eae2d124d1a18cc04980b4
test,shileishmily/spring-boot-jooq-demo,test-web/src/main/java/com/suixingpay/jooq/controller/SysUserController.java,src,application/query source,2801,65,299596d526c1c3c1544d7515283ad4ecc9504e9776ec1b11c792f470699cb7d3
training,snhr-1019/task-app-example,backend/task-app-infrastructure-rdb/src/main/java/gen/jooq/taskapp/tables/Tasks.java,src,generated schema,4941,151,145b173c8360e1b4a1d4241e3c04c7f483f3de8f5da7fa8e984b0a2f65df24c0
training,snhr-1019/task-app-example,backend/task-app-infrastructure-rdb/src/main/java/gen/jooq/taskapp/tables/Users.java,src,generated schema,4955,151,2f8f4ea84798860e2bc635819a6d72076d2a185e962d7cc3b03de22d6e167569
training,snhr-1019/task-app-example,backend/task-app-infrastructure/src/main/java/com/example/taskapp/infrastructure/TaskRepositoryImpl.java,src,application/query source,2852,75,659df89c151162aa8f5b085f6cd4e918aab2625c1f1ec1db4717054f7fb35f95
training,snhr-1019/task-app-example,backend/task-app-infrastructure/src/main/java/com/example/taskapp/infrastructure/UserRepositoryImpl.java,src,application/query source,1156,34,297f3dc276019a5becdc388319643124dea25a6b3652c1b6227c9604a4101f83
training,snhr-1019/task-app-example,backend/task-app-infrastructure/src/test/java/com/example/taskapp/infrastructure/TaskRepositoryImplTest.java,src,application/query source,4447,133,346cbd7ab108553db5a0a2d60939644bfbb80e06ebb710dcf97002f97625da42
validation,tapis-project/tapis-notifications,tapis-notificationslib/src/main/java/edu/utexas/tacc/tapis/notifications/dao/JSONBToJsonElementBinding.java,src,application/query source,3853,85,d5c692c524aa1f7737cfe0fe54319ebdad16143e015ca3d68cc99db9f7d954fb
validation,tapis-project/tapis-notifications,tapis-notificationslib/src/main/java/edu/utexas/tacc/tapis/notifications/dao/NotificationsDaoImpl.java,src,application/query source,96475,2272,bb09fbcc4300902da18cc2282fcad9ded8927f17008033ca0e5230d6fc3a1443
validation,tapis-project/tapis-notifications,tapis-notificationslib/src/main/java/edu/utexas/tacc/tapis/notifications/gen/jooq/tables/EventSeries.java,src,generated schema,6287,159,ad811f48e5cd1209f24b8e8c0d2fd95b1c259552053817ad0e082763dc9a1ded
validation,tapis-project/tapis-notifications,tapis-notificationslib/src/main/java/edu/utexas/tacc/tapis/notifications/gen/jooq/tables/Notifications.java,src,generated schema,8461,198,9c3c00ce6fd60737706f5d81d66a68bdbb20c595674fc136c77dc4f1f41c753d
validation,tapis-project/tapis-notifications,tapis-notificationslib/src/main/java/edu/utexas/tacc/tapis/notifications/gen/jooq/tables/NotificationsLastEvent.java,src,generated schema,5193,141,7e8ff1b2f5d703310ef982867aae6531f2ff9938eda26e8b9951dfc55569ca20
validation,tapis-project/tapis-notifications,tapis-notificationslib/src/main/java/edu/utexas/tacc/tapis/notifications/gen/jooq/tables/NotificationsRecovery.java,src,generated schema,10236,213,304c6e0e89b5e3c5673d5fbde785f25b63ed9b0ae56c5fc83bbd332f6b50cca8
validation,tapis-project/tapis-notifications,tapis-notificationslib/src/main/java/edu/utexas/tacc/tapis/notifications/gen/jooq/tables/NotificationsTests.java,src,generated schema,8850,200,08969ebdcab149fa1f310c8edc448a150b11a180ce7a2c685b8679b5d6726020
validation,tapis-project/tapis-notifications,tapis-notificationslib/src/main/java/edu/utexas/tacc/tapis/notifications/gen/jooq/tables/Subscriptions.java,src,generated schema,10467,218,f0e877701fb17d9956e68d294fc1ee784d2b6af2c63604bcc362b900ba58f592
validation,tapis-project/tapis-notifications,tapis-notificationslib/src/main/java/edu/utexas/tacc/tapis/notifications/service/DeliveryBucketManager.java,src,application/query source,21340,426,59c89769e66ca3f2fe538a6f674b4aa4d5ef565fc7b53d74dcf476afd69fda39
validation,therepanic/lapayment-crypto-pay-system,src/main/java/com/example/jooq/model/tables/Conclusions.java,src,generated schema,6028,163,3e43187a991d6faea71721f3794376e4fec55eee849617d0e419d87436b0b6b4
validation,therepanic/lapayment-crypto-pay-system,src/main/java/com/example/jooq/model/tables/Payments.java,src,generated schema,6944,179,422dd1fe272ec0a06c98aab5e1e51eedc9b65aaf1bbc5b4351521626f6f10cdf
validation,therepanic/lapayment-crypto-pay-system,src/main/java/com/example/jooq/model/tables/Userfactory.java,src,generated schema,5779,159,7857750c6f355422c256ea1068207223fcaf868efe10d872e9d81632779aa843
validation,therepanic/lapayment-crypto-pay-system,src/main/java/com/example/jooq/model/tables/Users.java,src,generated schema,6062,167,b8f8cd3baac794b495682300e3db99cc2d644dcded0872e971da5aa27b95609a
validation,therepanic/lapayment-crypto-pay-system,src/main/java/ru/panic/lapayment/config/JooqConfig.java,src,application/query source,1481,41,de446ab7d650e7685356d795dd638cc2f9dca93f25e69508ad55ed7dcad317f1
validation,therepanic/lapayment-crypto-pay-system,src/main/java/ru/panic/lapayment/template/controller/TestController.java,src,application/query source,2169,55,aab0f9d3ef69d9cf28d7edecc59782501ad77f8f6dbcbfc4ee742f97107bd86d
validation,therepanic/lapayment-crypto-pay-system,src/main/java/ru/panic/lapayment/template/repository/impl/ConclusionRepositoryImpl.java,src,application/query source,2650,54,eb3561ba0cf2003cba823b454dcee7bc7213f2ccd355f6e8a87878174e1837eb
validation,therepanic/lapayment-crypto-pay-system,src/main/java/ru/panic/lapayment/template/repository/impl/PaymentRepositoryImpl.java,src,application/query source,3017,68,5cd443e8a0078cd46e00c579df8a0d8c9f411df5c8fa3c1c13f43c428b8de5b7
validation,therepanic/lapayment-crypto-pay-system,src/main/java/ru/panic/lapayment/template/repository/impl/UserFactoryRepositoryImpl.java,src,application/query source,2731,55,7ac20a7c96c2250012c34113f5883008f550c6e4c8cd58f807ff48d36e933c09
validation,therepanic/lapayment-crypto-pay-system,src/main/java/ru/panic/lapayment/template/repository/impl/UserRepositoryImpl.java,src,application/query source,2091,45,557aafa0791a3350f30cb541ff229894781cfd7dacaea0a1784da7135765d934
test,therepanic/trustwin-casino-project,game-crash-service/src/main/java/eu/panic/gamecrashservice/configuration/JooqConfiguration.java,src,application/query source,1582,43,a0e164c3806032693f2c29eb08310f41c9b41daafe74fe69fa95ce0174468f27
test,therepanic/trustwin-casino-project,game-crash-service/src/main/java/eu/panic/gamecrashservice/generatedClasses/tables/GamesTable.java,src,generated schema,7123,179,8f7648d0128268a39ae13a37e530464eae7280c29937f1a60da6c63e47c99698
test,therepanic/trustwin-casino-project,game-crash-service/src/main/java/eu/panic/gamecrashservice/generatedClasses/tables/MessagesTable.java,src,generated schema,5705,155,67aa84db4c8547a40f12587957fe5145354b45766bf6ee355a62a164531a34e8
test,therepanic/trustwin-casino-project,game-crash-service/src/main/java/eu/panic/gamecrashservice/generatedClasses/tables/ReplenishmentsTable.java,src,generated schema,6320,161,baa8bf911fba5e71c4232decc5d1792b44708f4497239cfec61a5432330742c1
test,therepanic/trustwin-casino-project,game-crash-service/src/main/java/eu/panic/gamecrashservice/generatedClasses/tables/SignInHistoryTable.java,src,generated schema,6310,161,f919e406c4f1496d224cd349429ed29fcafc7d9b23968711197a1e7fdc6953a5
test,therepanic/trustwin-casino-project,game-crash-service/src/main/java/eu/panic/gamecrashservice/generatedClasses/tables/UsersTable.java,src,generated schema,11578,236,8a929cbbd520c8be40d0832b9e1ff17a8b08da887d08eff26d0fa319faf90d19
test,therepanic/trustwin-casino-project,game-crash-service/src/main/java/eu/panic/gamecrashservice/template/repository/implement/GameRepositoryImpl.java,src,application/query source,2189,44,7ceb51c7ef4b052b35df4eba8823d80f5372c0eb9779ee9f0348070bf0616b3b
test,therepanic/trustwin-casino-project,game-crash-service/src/main/java/eu/panic/gamecrashservice/template/repository/implement/UserRepositoryImpl.java,src,application/query source,775,19,4a0bfc4bbf4aa81ba5f9c01a11c2539baa95efa6b0b994e28509318583bd722a
test,therepanic/trustwin-casino-project,game-dice-service/src/main/java/eu/panic/gamediceservice/configuration/JooqConfiguration.java,src,application/query source,1581,43,8659b9cb4af2e9e295be9d21b037d8d13311432287e7f614038efd71eafb189b
test,therepanic/trustwin-casino-project,game-dice-service/src/main/java/eu/panic/gamediceservice/generatedClasses/tables/GamesTable.java,src,generated schema,7119,179,4bc623372ba871f6c9659682622263312b69576c00181c4fc353a72099717a41
test,therepanic/trustwin-casino-project,game-dice-service/src/main/java/eu/panic/gamediceservice/generatedClasses/tables/MessagesTable.java,src,generated schema,5701,155,e0b752ac42df01a5fdb070f5965c720b442563c1b757072670f1f0e9e86cb990
test,therepanic/trustwin-casino-project,game-dice-service/src/main/java/eu/panic/gamediceservice/generatedClasses/tables/ReplenishmentsTable.java,src,generated schema,6316,161,fd62971ad7149ab8e77d711b9137f1adf40b46c23cecedfcc05d1584a876e0f5
test,therepanic/trustwin-casino-project,game-dice-service/src/main/java/eu/panic/gamediceservice/generatedClasses/tables/SignInHistoryTable.java,src,generated schema,6306,161,dd055e8ac574cd34f4408f05ed802dd26844bf595e019665307f2281e179cbe7
test,therepanic/trustwin-casino-project,game-dice-service/src/main/java/eu/panic/gamediceservice/generatedClasses/tables/UsersTable.java,src,generated schema,11574,236,d0d4755d8c4a86ff283b2dcdba3a2f8988504d3bc1098174ac11c0f848a81fd0
test,therepanic/trustwin-casino-project,game-dice-service/src/main/java/eu/panic/gamediceservice/template/repository/implement/GameRepositoryImpl.java,src,application/query source,1916,37,0db15325f5edd2127f4db44c1ee4ce190a865b6e3c3cf445b970a549618cc58e
test,therepanic/trustwin-casino-project,game-dice-service/src/main/java/eu/panic/gamediceservice/template/repository/implement/UserRepositoryImpl.java,src,application/query source,1164,27,8f5e8ad0fab701ef81f6b74fbdbdedce0e36817bedec9ff4f4903589bb47ab54
test,therepanic/trustwin-casino-project,game-jackpot-service/src/main/java/eu/panic/gamejackpotservice/configuration/JooqConfiguration.java,src,application/query source,1585,43,2c5ac6bd2c9d03b2327460e3080cd3e1eb84a39d30e16fac799cf0d49252d3c3
test,therepanic/trustwin-casino-project,game-jackpot-service/src/main/java/eu/panic/gamejackpotservice/generatedClasses/tables/GamesTable.java,src,generated schema,7131,179,cca8f55818b14a10a17160502a8efc817ead0fef418f04ea263cfbabd2b07aaf
test,therepanic/trustwin-casino-project,game-jackpot-service/src/main/java/eu/panic/gamejackpotservice/generatedClasses/tables/MessagesTable.java,src,generated schema,5694,155,bb12d212918bd5ad9a449ae3037141b1266ea3fe0ec794262afaa7b1a1434a62
test,therepanic/trustwin-casino-project,game-jackpot-service/src/main/java/eu/panic/gamejackpotservice/generatedClasses/tables/ReplenishmentsTable.java,src,generated schema,6575,165,34f7da7a23b1cdee10ec92297588cd679ce57e8e760efcfce6e7d8a5ea1f6c43
test,therepanic/trustwin-casino-project,game-jackpot-service/src/main/java/eu/panic/gamejackpotservice/generatedClasses/tables/SignInHistoryTable.java,src,generated schema,6318,161,6d84198b004c3b1788ae0a5700b5b30566cecec30c2552eaaeef6af9a7407240
test,therepanic/trustwin-casino-project,game-jackpot-service/src/main/java/eu/panic/gamejackpotservice/generatedClasses/tables/UsersTable.java,src,generated schema,11586,236,21f80953cfe9ee8940f1bbaf4d5513ade07b2e8457b580a0b55121f6cca6b16d
test,therepanic/trustwin-casino-project,game-jackpot-service/src/main/java/eu/panic/gamejackpotservice/template/repository/implement/GameRepositoryImpl.java,src,application/query source,1832,36,a323dd7d6d3d8917a0ad3f4785549047fce4bf7930daf315fb0b2ea39876aa86
test,therepanic/trustwin-casino-project,game-jackpot-service/src/main/java/eu/panic/gamejackpotservice/template/repository/implement/UserRepositoryImpl.java,src,application/query source,1056,26,955d3070532d9009bd3bd781d08baef774f2fb1e787630ec7f99326ad84790b7
test,therepanic/trustwin-casino-project,game-miner-service/src/main/java/eu/panic/gameminerservice/configuration/JooqConfiguration.java,src,application/query source,1582,43,fca8853092bba9ec7c1793b2f91cd17e83d561f7609d81977a9b1247d21c5a89
test,therepanic/trustwin-casino-project,game-miner-service/src/main/java/eu/panic/gameminerservice/generatedClasses/tables/GamesTable.java,src,generated schema,7123,179,11e77603891272e74bcc256997128b80a8fb9d629e9f48f528b89c6b93f7bf37
test,therepanic/trustwin-casino-project,game-miner-service/src/main/java/eu/panic/gameminerservice/generatedClasses/tables/MessagesTable.java,src,generated schema,6030,165,0cc7825568c6fbc94f67ccbaddcddc14d667f2c8d69cae33e253bf0a4d85f2d0
test,therepanic/trustwin-casino-project,game-miner-service/src/main/java/eu/panic/gameminerservice/generatedClasses/tables/NotificationsTable.java,src,generated schema,5894,155,310f8ac2c7c3a7031cc90a689eaf85bae0e53890ac3f010f9d26211cd5060ad8
test,therepanic/trustwin-casino-project,game-miner-service/src/main/java/eu/panic/gameminerservice/generatedClasses/tables/ReplenishmentsTable.java,src,generated schema,6866,171,590033cb0419f6212cb506fdda74c4bb8a3531dcbf4aad283012ea6787a9f884
test,therepanic/trustwin-casino-project,game-miner-service/src/main/java/eu/panic/gameminerservice/generatedClasses/tables/SignInHistoryTable.java,src,generated schema,7213,173,fdcfc35e87cf1b90eb05f50d2f5c1a62fb605c7a3ef277664973c95daa701563
test,therepanic/trustwin-casino-project,game-miner-service/src/main/java/eu/panic/gameminerservice/generatedClasses/tables/UsersTable.java,src,generated schema,11578,236,c2e43249b3e2189d82ecb7489e2634fc2d6e074f7f7e1e8f55579546868bfe83
test,therepanic/trustwin-casino-project,game-miner-service/src/main/java/eu/panic/gameminerservice/generatedClasses/tables/WithdrawalsTable.java,src,generated schema,7044,174,1663ca38527d2e7e16d6a1d260d090a5d404dc4dbb117ff92ba501af36ca4ab4
test,therepanic/trustwin-casino-project,game-miner-service/src/main/java/eu/panic/gameminerservice/template/repository/implement/GameRepositoryImpl.java,src,application/query source,1921,37,61aba6ba98b7c14ed0acdcc8995285125c294a39c4c34cc437b9e46b17a9f297
test,therepanic/trustwin-casino-project,game-miner-service/src/main/java/eu/panic/gameminerservice/template/repository/implement/UserRepositoryImpl.java,src,application/query source,774,19,bac83b036843ed4d4b4a8ca73e807cc2fdb177986f87078f7fab9a054765ab15
test,therepanic/trustwin-casino-project,game-overgo-service/src/main/java/eu/panic/gameovergoservice/configuration/JooqConfiguration.java,src,application/query source,1583,43,2ed4c00fc16bb22d1df0bb5b8d9185fab9c04478ab4b2f9eacc1ff40e00ca07c
test,therepanic/trustwin-casino-project,game-overgo-service/src/main/java/eu/panic/gameovergoservice/generatedClasses/tables/GamesTable.java,src,generated schema,7127,179,dff089f65bf92991e609cd554b093616329a9fbfdfd27794f22736a94018dd80
test,therepanic/trustwin-casino-project,game-overgo-service/src/main/java/eu/panic/gameovergoservice/generatedClasses/tables/MessagesTable.java,src,generated schema,5709,155,62750f16125e0910d5ccf9b7512056bffa6a72b7b501c65a321c6c130a444062
test,therepanic/trustwin-casino-project,game-overgo-service/src/main/java/eu/panic/gameovergoservice/generatedClasses/tables/ReplenishmentsTable.java,src,generated schema,6324,161,6d64109e5dcf176d62b19ac9cc97533dfca6c5242e586fcb9fdffb7c06f8ce78
test,therepanic/trustwin-casino-project,game-overgo-service/src/main/java/eu/panic/gameovergoservice/generatedClasses/tables/SignInHistoryTable.java,src,generated schema,6314,161,aad842373de0597157416a3c17fddec0974a0666055e4f508b195f1f8d64bdc7
test,therepanic/trustwin-casino-project,game-overgo-service/src/main/java/eu/panic/gameovergoservice/generatedClasses/tables/UsersTable.java,src,generated schema,11582,236,a5d83106139b0f051e20478ff0f619ad0c517df645c181798dafe31a6e6e1d9d
test,therepanic/trustwin-casino-project,game-overgo-service/src/main/java/eu/panic/gameovergoservice/template/repository/implement/GameRepositoryImpl.java,src,application/query source,1938,37,b857ad5aa65ca10ba5b6fac9885bb6f8f13c7b1144c382d65ea61297fb571c29
test,therepanic/trustwin-casino-project,game-overgo-service/src/main/java/eu/panic/gameovergoservice/template/repository/implement/UserRepositoryImpl.java,src,application/query source,777,19,bd5193ac17037351e0012acacfedb6802cb7f8f0501dabd4acc7bd46bd634f6d
test,therepanic/trustwin-casino-project,game-tower-service/src/main/java/eu/panic/gametowerservice/configuration/JooqConfiguration.java,src,application/query source,1582,43,dddc1e01170623b15e06b5b67819223048433f13cd9277a6c45c83e3339cfbd9
test,therepanic/trustwin-casino-project,game-tower-service/src/main/java/eu/panic/gametowerservice/generatedClasses/tables/GamesTable.java,src,generated schema,7123,179,d6b4e29ddc5812dd6d07c7ec6a1d56d821e04b42ff6ec8581f8157c1916a4cb3
test,therepanic/trustwin-casino-project,game-tower-service/src/main/java/eu/panic/gametowerservice/generatedClasses/tables/MessagesTable.java,src,generated schema,6030,165,d38b62988675187c2874d2ede852ae9dc2725a62343a062464cdaaf7d6e44d0f
test,therepanic/trustwin-casino-project,game-tower-service/src/main/java/eu/panic/gametowerservice/generatedClasses/tables/NotificationsTable.java,src,generated schema,5894,155,510770a8696ab2e35aacf6d3d292b8b3bd4c9cfed3eb41ef524f1a4103d38d83
test,therepanic/trustwin-casino-project,game-tower-service/src/main/java/eu/panic/gametowerservice/generatedClasses/tables/ReplenishmentsTable.java,src,generated schema,6866,171,947d967954bf55cf7b7478b6666ddc3d09fa6add55e61e235421e3d808bf9a21
test,therepanic/trustwin-casino-project,game-tower-service/src/main/java/eu/panic/gametowerservice/generatedClasses/tables/SignInHistoryTable.java,src,generated schema,7213,173,a669ddfb0ebbb99a6e1a305ee616b672f627ffffe7445faa9f212fe13b008356
test,therepanic/trustwin-casino-project,game-tower-service/src/main/java/eu/panic/gametowerservice/generatedClasses/tables/UsersTable.java,src,generated schema,11578,236,72749e61733c6111e0de84726c224385381f80177cfda21a02024b5bf8ddc38c
test,therepanic/trustwin-casino-project,game-tower-service/src/main/java/eu/panic/gametowerservice/generatedClasses/tables/WithdrawalsTable.java,src,generated schema,7044,174,5b6b5df6becd06a5ff955ca16eab28914d9c7dfa886c64ef829540064109bf68
test,therepanic/trustwin-casino-project,game-tower-service/src/main/java/eu/panic/gametowerservice/template/repository/implement/GameRepositoryImpl.java,src,application/query source,1832,36,bac698487b04559ab7d8bdff5165d3f46bd3f2340ee336336aab352d04202bb5
test,therepanic/trustwin-casino-project,game-tower-service/src/main/java/eu/panic/gametowerservice/template/repository/implement/UserRepositoryImpl.java,src,application/query source,775,19,5169ca97e0d070949aa6d1fc115b05271389f3151a0443a00fec75d870605b1f
test,therepanic/trustwin-casino-project,management-game-service/src/main/java/eu/panic/managementgameservice/configuration/JooqConfiguration.java,src,application/query source,1587,43,f519c16bc91d4de04c545042bf1aa3850b92fd5f189bb719539ea28c1e36e0d9
test,therepanic/trustwin-casino-project,management-game-service/src/main/java/eu/panic/managementgameservice/generatedClasses/tables/GamesTable.java,src,generated schema,7143,179,98a85e5f8df7436e71fc577fb81e536c18d182aa1410243820c4df80cba46ef8
test,therepanic/trustwin-casino-project,management-game-service/src/main/java/eu/panic/managementgameservice/generatedClasses/tables/ReplenishmentsTable.java,src,generated schema,6864,171,2a84754e8db87531d99e395975abd0e6f8b92cf3f7f4b50de625409c47b36064
test,therepanic/trustwin-casino-project,management-game-service/src/main/java/eu/panic/managementgameservice/generatedClasses/tables/SignInHistoryTable.java,src,generated schema,7233,173,c8a077a9f14fab762e83a018da3eb6d158e7fe12bc5e72abac6f3e8e76f7f4b3
test,therepanic/trustwin-casino-project,management-game-service/src/main/java/eu/panic/managementgameservice/generatedClasses/tables/UsersTable.java,src,generated schema,11532,236,be172c9678342281c650837107b35fe0556eb415cb1a9298885b1de341207e94
test,therepanic/trustwin-casino-project,management-game-service/src/main/java/eu/panic/managementgameservice/generatedClasses/tables/WithdrawalsTable.java,src,generated schema,7067,174,1c67e8c925fd3f0c91cf13f7d0222686bb89e1d4315092fa7158273578b4eeef
test,therepanic/trustwin-casino-project,management-game-service/src/main/java/eu/panic/managementgameservice/template/repository/implement/GameRepositoryImpl.java,src,application/query source,1098,27,389d99217b3b7087c414da617967fbc3535d269a1a823d992719a8ba8c75937d
test,therepanic/trustwin-casino-project,management-game-service/src/main/java/eu/panic/managementgameservice/template/repository/implement/ReplenishmentRepositoryImpl.java,src,application/query source,954,20,cddb17a00c8c62b30e8960556d0ec9cc173c884c4fa06416af1ec6c99689d644
test,therepanic/trustwin-casino-project,management-game-service/src/main/java/eu/panic/managementgameservice/template/repository/implement/UserRepositoryImpl.java,src,application/query source,1432,34,3d4ddfb24e83c2c203da38842e87d1baf76b3232592a5f3ba91082f9b7add486
validation,wuhunyu/jooq-transaction,src/main/java/top/wuhunyu/jooq/transaction/codegen/tables/TUser.java,src,generated schema,3638,116,0f6e73a260a8671436a02c382cb341fc13185c8b8d24f216f3ccf1a23eaac0d1
validation,wuhunyu/jooq-transaction,src/main/java/top/wuhunyu/jooq/transaction/config/DataSourceConfig.java,src,application/query source,1742,40,8e79130eedf49439d4cb9b8bf646b766f9dfaef777377940d3dc96f191b0f6d5
validation,wuhunyu/jooq-transaction,src/main/java/top/wuhunyu/jooq/transaction/service/UserService4Jooq.java,src,application/query source,1941,48,f35848abc27559ac71f34eb162a45bb28b2f42942fc61fd577a054896d61144a
validation,wuhunyu/jooq-transaction,src/test/java/top/wuhunyu/jooq/transaction/service/UserServiceTest.java,src,application/query source,4562,113,8c5faf934b62eeb98a47d63ea45d71d8c03f01f0daa87f1fbedf3bd4358c7b16
test,xnelo/filearch,common/src/main/java/com/xnelo/filearch/common/data/ArtifactRepo.java,src,application/query source,2895,79,e85e3c0c6bf8edd2b0930c4cb0b8c166a81c525ef6d2a791a6313c9d634780e1
test,xnelo/filearch,common/src/main/java/com/xnelo/filearch/common/encryption/JooqFields.java,src,application/query source,477,11,ffba605b177246ef8c98afc94d6718ef1d3382c8a3b4dd02362351459937ff2b
test,xnelo/filearch,jooq/src/main/java/com/xnelo/filearch/jooq/tables/Artifacts.java,src,generated schema,6447,206,7d38a3f17af47bfb7b9123726cfd3e55ef9829208a6968b65e576fa2d750b6eb
test,xnelo/filearch,jooq/src/main/java/com/xnelo/filearch/jooq/tables/Folders.java,src,generated schema,6076,202,88243ded20ec0be31cd8cdddb1073cf14d4fd0bf8da573cc641cdbd56cf1ce8e
test,xnelo/filearch,jooq/src/main/java/com/xnelo/filearch/jooq/tables/StoredFiles.java,src,generated schema,7024,214,338b64e5614575a59ff88d29b518c7baf8953815c21728a12d6b3f9de9429b8e
test,xnelo/filearch,jooq/src/main/java/com/xnelo/filearch/jooq/tables/Users.java,src,generated schema,6579,214,8bb20d9de8676a5021b3a6bc2320f28cbad1071a0e86c6c6cc8481b974f88d5e
test,xnelo/filearch,rest-api/src/main/java/com/xnelo/filearch/restapi/data/FolderRepo.java,src,application/query source,7038,173,604acc3d45bef47407948cdc38820afdd6a16b94f1be922c6499b2f3ce23a162
test,xnelo/filearch,rest-api/src/main/java/com/xnelo/filearch/restapi/data/RepoUtils.java,src,application/query source,1966,53,6f2e16ece6c3e866f615105cdc6e285a0a796285ef2a866953fbfb91c0f290b2
test,xnelo/filearch,rest-api/src/main/java/com/xnelo/filearch/restapi/data/SequenceRepo.java,src,application/query source,665,20,fa2ac5b02c22cca572b3b86b1304f32fc01cc575a3ea655c21cacc9815e831ee
test,xnelo/filearch,rest-api/src/main/java/com/xnelo/filearch/restapi/data/StoredFilesRepo.java,src,application/query source,6999,167,ad648ee681dc09d8b79fc604ae543dd2b658157ced74aa476fe6e69adc38bed8
test,xnelo/filearch,rest-api/src/main/java/com/xnelo/filearch/restapi/data/UserRepo.java,src,application/query source,6670,161,be77548af557d5e3f6596a5b74342ef5a35183ebb111cec395448c5cf226ded9
test,xnelo/filearch,rest-api/src/main/java/com/xnelo/filearch/restapi/service/UserService.java,src,application/query source,15313,338,88a01c711928400ec085330ffd838ea0831134dac6c3ac0a8a589a602f7b1457
test,yangjinguang/i-share-server,src/main/java/com/pingyueryou/ishare/controller/AuthController.java,src,application/query source,2378,50,3abb604dd3fc723f540523471d046842f880d794e1c0a7b30bfe3de85e0e932d
test,yangjinguang/i-share-server,src/main/java/com/pingyueryou/ishare/controller/ClassController.java,src,application/query source,4827,108,1cd0993f527705fae904f680e4573c4c65d427afa050da50bfb1f55631431f79
test,yangjinguang/i-share-server,src/main/java/com/pingyueryou/ishare/controller/GradeController.java,src,application/query source,3395,77,24e718fa4940b0c8fa09c376b455449bb4a00330b85d2d98f7aa6be3926f7a19
test,yangjinguang/i-share-server,src/main/java/com/pingyueryou/ishare/controller/ItemController.java,src,application/query source,11909,235,00285a9584d282501324b91a6bce672cd62e69b39061eca8579a3cb51b201a18
test,yangjinguang/i-share-server,src/main/java/com/pingyueryou/ishare/controller/SettingsController.java,src,application/query source,1803,42,990a144aab86ea626330e57fb0c06f11b413d9cd7d35b6a595de22158d637b18
test,yangjinguang/i-share-server,src/main/java/com/pingyueryou/ishare/controller/ShareController.java,src,application/query source,3833,76,5807456c5aed775e4c2de2242636c0e9919dd73639c8fd4947d89862bf37b8d2
test,yangjinguang/i-share-server,src/main/java/com/pingyueryou/ishare/controller/StudentController.java,src,application/query source,2936,64,ea13b6bff3369d479cf656734f89d208645bb4b82af6747f111535997f77f86a
test,yangjinguang/i-share-server,src/main/java/com/pingyueryou/ishare/controller/UserController.java,src,application/query source,6491,141,eb8d10174d830e82fa8416a4139c8da100aceb9d8d9c5874b0d0e6f76d4be651
test,yangjinguang/i-share-server,src/main/java/com/pingyueryou/ishare/dbservice/IClassDbService.java,src,application/query source,1059,25,7b069d8a22cccf73697665be911b4d0eb8a0d6418e701958eb1f283098d733d4
test,yangjinguang/i-share-server,src/main/java/com/pingyueryou/ishare/dbservice/IIdAuthOrderDbService.java,src,application/query source,677,14,7c84e4bf700491b0c93ba3ee959bade1e9366a1688c0e938076f9753f00137eb
test,yangjinguang/i-share-server,src/main/java/com/pingyueryou/ishare/dbservice/IIndexBannerDbService.java,src,application/query source,309,9,e9ef0367cf430616b35d66fab141a5aece5042e16508d97855cc48f4248e737b
test,yangjinguang/i-share-server,src/main/java/com/pingyueryou/ishare/dbservice/IItemDbService.java,src,application/query source,1114,26,43cf32276169970124deb0aa2c658a841376d602e4dea437dfda98e35e0a131f
test,yangjinguang/i-share-server,src/main/java/com/pingyueryou/ishare/dbservice/IItemLendOrderDbService.java,src,application/query source,873,15,196ed2875924318163e30991a7f684609ab72e52a6c6e72cbd1d5c4c02a22284
test,yangjinguang/i-share-server,src/main/java/com/pingyueryou/ishare/dbservice/IShareCommentDbService.java,src,application/query source,374,9,4c275e67dfa1a9b9d1c8e098190803f7f5a9f0f0769f914c854b826308bf47a0
test,yangjinguang/i-share-server,src/main/java/com/pingyueryou/ishare/dbservice/IShareDbService.java,src,application/query source,536,12,6a5828b4fcd640e99f2a501f132f51939557abb6f372cf908e88d05370216f32
test,yangjinguang/i-share-server,src/main/java/com/pingyueryou/ishare/dbservice/IShareLikeDbService.java,src,application/query source,381,9,962a6499e83225167f129a95d5eefd7d4833d5f2d3d61e93429f44399db68421
test,yangjinguang/i-share-server,src/main/java/com/pingyueryou/ishare/dbservice/IShareMediaDbService.java,src,application/query source,226,6,fcdc72868c1c049abe396e5256975e30505d8fa001bd88bf8810b1a0e53a9542
test,yangjinguang/i-share-server,src/main/java/com/pingyueryou/ishare/dbservice/IStudentDbService.java,src,application/query source,522,13,686ed6d72e64a53123496dfcb9259c0c2f5e6276a5ac9a87f656e9e96d2c3288
test,yangjinguang/i-share-server,src/main/java/com/pingyueryou/ishare/dbservice/IUserDbService.java,src,application/query source,406,10,d5cfe3be49594439fb157bb6a1e053195d564fb107f210bfa648c3adeec31d99
test,yangjinguang/i-share-server,src/main/java/com/pingyueryou/ishare/dbservice/IUserStudentDbService.java,src,application/query source,239,6,4df5b1d7c3b7ab78205b8937476c70370ee1323ef52b37472062db509fa8b995
test,yangjinguang/i-share-server,src/main/java/com/pingyueryou/ishare/dbservice/impl/IClassDbServiceImpl.java,src,application/query source,6412,173,aecd38f6b96324ae033368c9005e173407dda16dca51f003eb44991b90437aad
test,yangjinguang/i-share-server,src/main/java/com/pingyueryou/ishare/dbservice/impl/IIdAuthOrderDbServiceImpl.java,src,application/query source,3898,89,93d4286473e953d9d1f407e176c902e25c9e99fdd7bfdb55b11fa542fde6f521
test,yangjinguang/i-share-server,src/main/java/com/pingyueryou/ishare/dbservice/impl/IIndexBannerDbServiceImpl.java,src,application/query source,1329,36,e3c8851a402f0443d62051bea6928107d22284f40714ef1ce668b28b5691a573
test,yangjinguang/i-share-server,src/main/java/com/pingyueryou/ishare/dbservice/impl/IItemDbServiceImpl.java,src,application/query source,8962,245,48df61181fee239cc99737c333a66c715285ab541c0037b63f2a17e427a865b0
test,yangjinguang/i-share-server,src/main/java/com/pingyueryou/ishare/dbservice/impl/IItemLendOrderDbServiceImpl.java,src,application/query source,4583,103,95fa343861dae943ddcbdb90be6cfa4f1d94eda499020f318f217cae274d59c5
test,yangjinguang/i-share-server,src/main/java/com/pingyueryou/ishare/dbservice/impl/IShareCommentDbServiceImpl.java,src,application/query source,1674,39,9919c3e9655a01d55c8c05a9ab323a2f0873acae7a943495197d5e0dcdec664c
test,yangjinguang/i-share-server,src/main/java/com/pingyueryou/ishare/dbservice/impl/IShareDbServiceImpl.java,src,application/query source,5683,134,f9e8dfa1e18e6d392dafa25c3b6ea05d33e64e3dee198e23e687bda6427a0065
test,yangjinguang/i-share-server,src/main/java/com/pingyueryou/ishare/dbservice/impl/IShareLikeDbServiceImpl.java,src,application/query source,1683,40,c4e8cf22baa7c95537cf62dc826cee137694aa75fa8da261299f75c41fdfc000
test,yangjinguang/i-share-server,src/main/java/com/pingyueryou/ishare/dbservice/impl/IShareMediaDbServiceImpl.java,src,application/query source,1233,30,d6576b708e33ae852f3bac1d1cdb80ea6fa7d747734f98dc19c889c5a2798a7b
test,yangjinguang/i-share-server,src/main/java/com/pingyueryou/ishare/dbservice/impl/IStudentDbServiceImpl.java,src,application/query source,3556,90,6cd60a1c054b747d53061cf0bf407fd136375b0f672ac84c4f8a38bbd02e2bdd
test,yangjinguang/i-share-server,src/main/java/com/pingyueryou/ishare/dbservice/impl/IUserDbServiceImpl.java,src,application/query source,3240,82,126d6ddeeb42b290a75361d6565b448edc2b467a1efdf225057187a5174f7ff3
test,yangjinguang/i-share-server,src/main/java/com/pingyueryou/ishare/dbservice/impl/IUserStudentDbServiceImpl.java,src,application/query source,926,23,31e0ebfa16ef09f50e73cef9bf8b0e246c0fd549a65f6305539b4c413d2cf957
test,yangjinguang/i-share-server,src/main/java/com/pingyueryou/ishare/entity/IClassExtra.java,src,application/query source,365,13,58d14fa30a5fe11900dca149f2e7a07ac09786ccaaeef356dd93151e288c8848
test,yangjinguang/i-share-server,src/main/java/com/pingyueryou/ishare/entity/IGradeExtra.java,src,application/query source,639,22,dcda1d2eda75ef562b03207a7585aae2e7d5b4afe74de1d6c8adfc1ace33daf1
test,yangjinguang/i-share-server,src/main/java/com/pingyueryou/ishare/entity/IIdAuthOrderExtra.java,src,application/query source,566,20,7d1f716a5ac90c8253e7ef763389c934fb65da4c760bae0afadec79b58641d49
test,yangjinguang/i-share-server,src/main/java/com/pingyueryou/ishare/entity/IItemCreateData.java,src,application/query source,386,14,841a7a23b4ea2c322b2b61203e69eca86e386910bc2444084d3c15702f8f2922
test,yangjinguang/i-share-server,src/main/java/com/pingyueryou/ishare/entity/IItemExtra.java,src,application/query source,1158,39,5de5fa23612c4ad07354352720baaabc169d1bf324595ea2524ec79181342748
test,yangjinguang/i-share-server,src/main/java/com/pingyueryou/ishare/entity/IItemLendOrderExtra.java,src,application/query source,1761,60,345f4d244bbd44240a062fa1844b3ccc02ce7a1a091fff81bd43818376fbcc7f
test,yangjinguang/i-share-server,src/main/java/com/pingyueryou/ishare/entity/IShareCommentExtra.java,src,application/query source,468,16,8156c62482a29eb16bb372ff4cbe740c60f5bdf19b9013eb263f9c797c14f7e5
test,yangjinguang/i-share-server,src/main/java/com/pingyueryou/ishare/entity/IShareExtra.java,src,application/query source,2518,81,97064aad1c107ef7313147e1fa6155f95448a8d44f7e7fa97058f5307da16f6d
test,yangjinguang/i-share-server,src/main/java/com/pingyueryou/ishare/entity/IShareLikeExtra.java,src,application/query source,450,16,91eaf4821651324ce7c77cc6c6aa9d6d613b51fd0835d78f3a015ddd5a2ccbe2
test,yangjinguang/i-share-server,src/main/java/com/pingyueryou/ishare/entity/IStudentExtra.java,src,application/query source,563,20,5e24b30ddb25959af714e8958cd7a2c50b8c896ff712b70e978ffc9767cea90c
test,yangjinguang/i-share-server,src/main/java/com/pingyueryou/ishare/entity/IUserExtra.java,src,application/query source,1457,53,a0fd2b61fc1abc41ae1ad5cc668ed65260b03fb0ffec213dc4c06d82e2569fac
test,yangjinguang/i-share-server,src/main/java/com/pingyueryou/ishare/entity/ShareCreateBody.java,src,application/query source,852,34,58bf56c5e5f6c034399887054a5db42c09b6a11afbeb0770fd9975ae4c874ab5
test,yangjinguang/i-share-server,src/main/java/com/pingyueryou/ishare/jooq/tables/IClass.java,src,generated schema,5039,158,deada39612c899ddcd925ab004a40c21f2d3defc1a3731891e95f7ccb129424e
test,yangjinguang/i-share-server,src/main/java/com/pingyueryou/ishare/jooq/tables/IGrade.java,src,generated schema,4824,154,13533884516e929061831312333f03108d3ac689b9e20218f2e324a99b65405c
test,yangjinguang/i-share-server,src/main/java/com/pingyueryou/ishare/jooq/tables/IIdAuthOrder.java,src,generated schema,6167,170,89cb4b624dc7e495684211051a015f8aa468ab3ef845688a16e0f97b1997e505
test,yangjinguang/i-share-server,src/main/java/com/pingyueryou/ishare/jooq/tables/IIndexBanner.java,src,generated schema,5143,154,9f3f53e61f466b51564b8427a06d80ada4d379afebfdc5312daa3488f520fc01
test,yangjinguang/i-share-server,src/main/java/com/pingyueryou/ishare/jooq/tables/IItem.java,src,generated schema,6024,174,4ddb5f508623b8ffca218cc93517d6ce314555dfe925de1f0a43a4f3b3a14232
test,yangjinguang/i-share-server,src/main/java/com/pingyueryou/ishare/jooq/tables/IItemLendOrder.java,src,generated schema,5870,166,251ea55c09fa5ea5858ee60279e4fcb9314fceef82ccaf5771ceab7a93709fb9
test,yangjinguang/i-share-server,src/main/java/com/pingyueryou/ishare/jooq/tables/IItemTag.java,src,generated schema,4635,150,9c2cd07505047ccdabe3fe98a7a022e999abf611d277065f13a19b281425e718
test,yangjinguang/i-share-server,src/main/java/com/pingyueryou/ishare/jooq/tables/IItemTagItem.java,src,generated schema,5062,154,ad055e89ac38dff458a60fe9b5d424c4ad7d8b07bf720e7799a06a0c56ac93c5
test,yangjinguang/i-share-server,src/main/java/com/pingyueryou/ishare/jooq/tables/IShare.java,src,generated schema,5709,170,bbed995cdadc128af7e4151ee18d4e3cfc131c0fc11c2619c44c76d6b0bedb7f
test,yangjinguang/i-share-server,src/main/java/com/pingyueryou/ishare/jooq/tables/IShareComment.java,src,generated schema,5258,158,8c53f64dc1c47370b3902691c05e5b85a90675545eae488c12528fa6035f00ad
test,yangjinguang/i-share-server,src/main/java/com/pingyueryou/ishare/jooq/tables/IShareLike.java,src,generated schema,4956,154,5b001d6fb9fdaeaf56651d9f919e16a2533cc4b89c2c36afcbc86175e221efbe
test,yangjinguang/i-share-server,src/main/java/com/pingyueryou/ishare/jooq/tables/IShareMedia.java,src,generated schema,5990,166,81666aea28aa07bea90a7c3fef4a3c2eafb988003d1b1b9d588467d8b7357af6
test,yangjinguang/i-share-server,src/main/java/com/pingyueryou/ishare/jooq/tables/IStudent.java,src,generated schema,4840,154,c1824f8d7bd7ea5de71463deb2e562a83969b7d5078a29b4abe02911e5deaa1e
test,yangjinguang/i-share-server,src/main/java/com/pingyueryou/ishare/jooq/tables/IUser.java,src,generated schema,5992,170,fb5d33395aefc5abb3b9912e5c8cf788da2c30e8992b639f53c6bcf77ba17f73
test,yangjinguang/i-share-server,src/main/java/com/pingyueryou/ishare/jooq/tables/IUserClass.java,src,generated schema,4956,154,2cc4b70e611e7af8583784b66e2daa0edf7d143177f98f215ef136822b0d43a4
test,yangjinguang/i-share-server,src/main/java/com/pingyueryou/ishare/jooq/tables/IUserRole.java,src,generated schema,4975,154,4886b236fc879680565cb7b9fbd3ebe783f28be3efec68fecf8c8a6ef745ad1e
test,yangjinguang/i-share-server,src/main/java/com/pingyueryou/ishare/jooq/tables/IUserStudent.java,src,generated schema,5381,158,986fd1ea2f3936a00983979933c1f83ca6f5fa016516a4e44ef10c6cf8ffa361
test,yangjinguang/i-share-server,src/main/java/com/pingyueryou/ishare/service/ItemService.java,src,application/query source,642,13,c338447b8460c936d11e49f9aedec5219bc163bea2ce513111b7e1c91a8868dd
test,yangjinguang/i-share-server,src/main/java/com/pingyueryou/ishare/service/ShareService.java,src,application/query source,920,18,042370c491bce4af996828b5bf0392548c5702e19f795d9f22d8bfd492a8202f
test,yangjinguang/i-share-server,src/main/java/com/pingyueryou/ishare/service/UserService.java,src,application/query source,760,18,5784278d82afda56086f516bf842e44108908eefd837fb4e97c34b38bb23b110
test,yangjinguang/i-share-server,src/main/java/com/pingyueryou/ishare/service/impl/ItemServiceImpl.java,src,application/query source,3787,84,a7fd18534ba9ce5f83ecccc04444a34160fed54d414efcdb7fe049a9eff5745b
test,yangjinguang/i-share-server,src/main/java/com/pingyueryou/ishare/service/impl/ShareServiceImpl.java,src,application/query source,4288,104,9d8e247097422523063633fe14d2f1063645c349e7c4fed9ff4e244821137c2a
test,yangjinguang/i-share-server,src/main/java/com/pingyueryou/ishare/service/impl/UserServiceImpl.java,src,application/query source,3899,104,7ed546ca92a5a8bbb9eca52988653968b24a99ce78a51437f1c7072419ce0a3f
test,ydeng11/Minance,src/main/java/today/ihelio/jooq/tables/Accounts.java,src,generated schema,9061,272,fd9a6523581adc729c431979ce64e8da898e26d4d534da2439d62f17e2a1763e
test,ydeng11/Minance,src/main/java/today/ihelio/jooq/tables/Banks.java,src,generated schema,7356,241,7cef9277dc4df94ace429cdaf16d1536afd20c4e5cb93705e3293a83dff45d82
test,ydeng11/Minance,src/main/java/today/ihelio/jooq/tables/MinanceCategory.java,src,generated schema,8443,242,07e2be8894bda67cfe9307f87f108b16b08ad0e6b81b2ff3309a17b9ec6e51c7
test,ydeng11/Minance,src/main/java/today/ihelio/jooq/tables/RawCategoryToMinanceCategory.java,src,generated schema,9618,248,8ef21533759199d77b629a1b553b6b0b73192c5d8746071a6475a488c2046902
test,ydeng11/Minance,src/main/java/today/ihelio/jooq/tables/Transactions.java,src,generated schema,11492,311,3bb96482ffcc2da4cfd1200d27177b8e4fb6df54db951b300fc5f6e57d0556ce
test,ydeng11/Minance,src/main/java/today/ihelio/minance/csvpojos/AbstractBankAccountCsvTemplate.java,src,application/query source,3350,112,0bde07324d80a5f9e3903ad4829414dd41256ed89db8d83d9c464516b546e1ed
test,ydeng11/Minance,src/main/java/today/ihelio/minance/exception/DataAccessExceptionHandler.java,src,application/query source,796,19,64b2d88367baf0e898c3f42dc12fc9fbe2f39895adf57f5a0c09d5b9eac4f356
test,ydeng11/Minance,src/main/java/today/ihelio/minance/rest/AccountResource.java,src,application/query source,3601,90,85ca0e1a641cfe0c22bc0cf9990a9505fd7a4a8d80ef90d6fe952f475bdbee8b
test,ydeng11/Minance,src/main/java/today/ihelio/minance/rest/BankResource.java,src,application/query source,2728,80,cb5c0833182db39b9be2abd67f22cf5c072391df87cc11befd6d8ca40e374aab
test,ydeng11/Minance,src/main/java/today/ihelio/minance/rest/CategoryMappingResource.java,src,application/query source,3839,98,f534dd48653e099207e340ebfa6a0ffbcd1f49f19d1a8461388ed8b120e9a3b6
test,ydeng11/Minance,src/main/java/today/ihelio/minance/rest/OverviewResource.java,src,application/query source,5956,125,f85f30c99745f6f9fc29f30d873b1216a83237483b079c71c01c8fd6e9a69b42
test,ydeng11/Minance,src/main/java/today/ihelio/minance/rest/TransactionResource.java,src,application/query source,10109,222,78e35868db4f62b1131a23252aea489d30a9a7da4cb29f7b1992cd0ab5e4cbad
test,ydeng11/Minance,src/main/java/today/ihelio/minance/service/AccountService.java,src,application/query source,4369,103,11f4c03f9adb2bfee7075eeef05558359f2227afd4dcc9e42850c892323e2bcb
test,ydeng11/Minance,src/main/java/today/ihelio/minance/service/BankService.java,src,application/query source,1930,56,6731226ccc373b45dcdc1ea4c40df26bb91f29ad305c80e856d336b8cd599261
test,ydeng11/Minance,src/main/java/today/ihelio/minance/service/CategoryMappingService.java,src,application/query source,6333,146,8310975477cfc563c69ebb849eccc2f772660c9c1ca7918721f027d9ef3679d3
test,ydeng11/Minance,src/main/java/today/ihelio/minance/service/TransactionService.java,src,application/query source,6810,163,ac76e141a4f46664e080ee49518bd87ab3352b97cadbacac11383ef6f428d35b
test,ydeng11/Minance,src/main/java/today/ihelio/minance/testutil/TestDataResource.java,src,application/query source,31292,640,c19e927de2475530da70317df937a8bc94b31bd6a54ab4f238f9017895063332
test,ydeng11/Minance,src/test/java/today/ihelio/minance/csvpojos/BankAccountCsvFactoryImplTest.java,src,application/query source,19867,456,afaa9c83c0e981f989ff36086a86ed9570663324e5b6310098d59978e1836a46
test,ydeng11/Minance,src/test/java/today/ihelio/minance/csvpojos/TestTransactionData.java,src,application/query source,1253,39,f97b8b007b7684555c05f0e2ce662a13009d4cabdfa26162139ac30f2d51960d
test,ydeng11/Minance,src/test/java/today/ihelio/minance/rest/OverviewResourceTest.java,src,application/query source,19073,304,a853dddefdd8f56639989deacabc10280a8ad5c38fcfc93afed7cbca1ccc709b
test,ydeng11/Minance,src/test/java/today/ihelio/minance/service/AccountServiceTest.java,src,application/query source,3458,92,69f4e26d44a278c84fd959704426d1455d3c358b8fd7c0aef456a9e948506f61
test,ydeng11/Minance,src/test/java/today/ihelio/minance/service/BankServiceTest.java,src,application/query source,1500,46,de33ffdf81f79ee70b6db886af50a45fbb836b97a289eddc53c9603553792ec0
test,ydeng11/Minance,src/test/java/today/ihelio/minance/service/CategoryMappingServiceTest.java,src,application/query source,5543,139,b8597b94dcdba731806c31e27c9f874ad02c1db7e8c2ec537bfd8ee97915b44c
test,ydeng11/Minance,src/test/java/today/ihelio/minance/service/TransactionServiceTest.java,src,application/query source,9101,202,9a57aad9b782d418afdfa5c8f2c1a53cd93c2d6c837fab1ce319a6537c615c94
